Document Title,Authors,Author Affiliations,Publication Title,Publication Year,Venue Key,Venue Rank,IC Domain,Abstract,DOI,PDF Link,Source URL,IEEE Article Number,Quality Score,Collection Method,Download Status,Article Citation Count
1.68μJ/signature-generation 256-bit ECDSA over GF(p) signature generator for IoT devices,Masato Tamura; Makoto Ikeda,,2016 IEEE Asian Solid-State Circuits Conference (A-SSCC),2016,ASSCC,A,"Devices, Process & 3D Integration",,10.1109/asscc.2016.7844205,https://ieeexplore.ieee.org/stamp/stamp.jsp?arnumber=7844205,https://doi.org/10.1109/asscc.2016.7844205,7844205,88.5,crossref_venue_year:2016,publisher_pdf_requires_session,12
"20 mV input, 4.2 V output SIDO boost converter with low-power controller and adaptive switch size selector for thermoelectric energy harvesting",Yosuke Toyama; Taichi Ogawa; Takeshi Ueno; Tetsuro Itakura,,2016 IEEE Asian Solid-State Circuits Conference (A-SSCC),2016,ASSCC,A,Power Management,,10.1109/asscc.2016.7844122,https://ieeexplore.ieee.org/stamp/stamp.jsp?arnumber=7844122,https://doi.org/10.1109/asscc.2016.7844122,7844122,98.3,crossref_venue_year:2016,publisher_pdf_requires_session,8
56-Level programmable voltage detector in steps of 50mV for battery management,Teruki Someya; Kenichi Matsunaga; Hiroki Morimura; Takayasu Sakurai; Makoto Takamiya,,2016 IEEE Asian Solid-State Circuits Conference (A-SSCC),2016,ASSCC,A,General IC,,10.1109/asscc.2016.7844132,https://ieeexplore.ieee.org/stamp/stamp.jsp?arnumber=7844132,https://doi.org/10.1109/asscc.2016.7844132,7844132,88.3,crossref_venue_year:2016,publisher_pdf_requires_session,7
93% Efficiency and 0.99 power factor in pseudo-linear LED driver,Shao-Wei Chiu; Chun-Chieh Kuo; Kai-Cheng Chuang; Wen-Hau Yang; Ke-Horng Chen; Chin-Long Wey; Ying-Hsi Lin; Jian-Ru Lin; Lsung-Yen Lsai; Jui-Lung Chen,,2016 IEEE Asian Solid-State Circuits Conference (A-SSCC),2016,ASSCC,A,General IC,,10.1109/asscc.2016.7844133,https://ieeexplore.ieee.org/stamp/stamp.jsp?arnumber=7844133,https://doi.org/10.1109/asscc.2016.7844133,7844133,88,crossref_venue_year:2016,publisher_pdf_requires_session,1
A 0.011mm 2 60dB SNDR 100MS/s reference error calibrated SAR ADC with 3pF decoupling capacitance for reference voltages,Chi-Hang Chan; Yan Zhu; Iok-Meng Ho; Wai-Hong Zhang; Chon-Lam Lio; U Seng-Pan; Rui Paulo Martins,,2016 IEEE Asian Solid-State Circuits Conference (A-SSCC),2016,ASSCC,A,Analog & Mixed-Signal,,10.1109/asscc.2016.7844156,https://ieeexplore.ieee.org/stamp/stamp.jsp?arnumber=7844156,https://doi.org/10.1109/asscc.2016.7844156,7844156,108.1,crossref_venue_year:2016,publisher_pdf_requires_session,3
A 0.3 pJ/access 8T data-aware SRAM utilizing column-based data encoding for ultra-low power applications,Anh Tuan Do; Seyed Mohammad Ali Zeinolabedin; Tony T. Kim,,2016 IEEE Asian Solid-State Circuits Conference (A-SSCC),2016,ASSCC,A,Memory & Compute-in-Memory,,10.1109/asscc.2016.7844163,https://ieeexplore.ieee.org/stamp/stamp.jsp?arnumber=7844163,https://doi.org/10.1109/asscc.2016.7844163,7844163,88.2,crossref_venue_year:2016,publisher_pdf_requires_session,4
A 0.35V 1.3pJ/cycle 20MHz 8-bit 8-tap FIR core based on wide-pulsed-latch pipelines,Wei Jin; Seongjong Kim; Weifeng He; Zhigang Mao; Mingoo Seok,,2016 IEEE Asian Solid-State Circuits Conference (A-SSCC),2016,ASSCC,A,General IC,,10.1109/asscc.2016.7844152,https://ieeexplore.ieee.org/stamp/stamp.jsp?arnumber=7844152,https://doi.org/10.1109/asscc.2016.7844152,7844152,88.1,crossref_venue_year:2016,publisher_pdf_requires_session,3
"A 0.38-μW stand-by power, 50-nA-to-1-mA load current range DC-DC converter with self-biased linear regulator for ultra-low power battery management",Toshihiro Ozaki; Tetsuya Hirose; Hiroki Asano; Nobutaka Kuroki; Masahiro Numa,,2016 IEEE Asian Solid-State Circuits Conference (A-SSCC),2016,ASSCC,A,Power Management,,10.1109/asscc.2016.7844176,https://ieeexplore.ieee.org/stamp/stamp.jsp?arnumber=7844176,https://doi.org/10.1109/asscc.2016.7844176,7844176,98.6,crossref_venue_year:2016,publisher_pdf_requires_session,14
A 0.9V 15fJ/conversion-step 8-bit 1.5GS/s two-step SAR ADC,Yao-Sheng Hu; Po-Chao Huang; Mi-Ti Yang; Shih-Wei Wu; Hsin-Shu Chen,,2016 IEEE Asian Solid-State Circuits Conference (A-SSCC),2016,ASSCC,A,Analog & Mixed-Signal,,10.1109/asscc.2016.7844140,https://ieeexplore.ieee.org/stamp/stamp.jsp?arnumber=7844140,https://doi.org/10.1109/asscc.2016.7844140,7844140,98,crossref_venue_year:2016,publisher_pdf_requires_session,1
A 1.1mW hybrid OFDM ground effect-resilient body coupled communication transceiver for head and body area network,Wala Saadeh; Haneen Alsuradi; Muhammad Awais Bin Altaf; Jerald Yoo,,2016 IEEE Asian Solid-State Circuits Conference (A-SSCC),2016,ASSCC,A,RF/mmWave & Wireline,,10.1109/asscc.2016.7844170,https://ieeexplore.ieee.org/stamp/stamp.jsp?arnumber=7844170,https://doi.org/10.1109/asscc.2016.7844170,7844170,88.3,crossref_venue_year:2016,publisher_pdf_requires_session,8
A 1.9mW 750kb/s 2.4GHz F-OOK transmitter with symmetric FM template and high-point modulation PLL,Yining Zhang; Ranran Zhou; Woogeun Rhee; Zhihua Wang,,2016 IEEE Asian Solid-State Circuits Conference (A-SSCC),2016,ASSCC,A,RF/mmWave & Wireline,,10.1109/asscc.2016.7844189,https://ieeexplore.ieee.org/stamp/stamp.jsp?arnumber=7844189,https://doi.org/10.1109/asscc.2016.7844189,7844189,88.1,crossref_venue_year:2016,publisher_pdf_requires_session,3
A 10-b 800MS/s time-interleaved SAR ADC with fast timing-skew calibration,Jeonggoo Song; Kareem Ragab; Xiyuan Tang; Nan Sun,,2016 IEEE Asian Solid-State Circuits Conference (A-SSCC),2016,ASSCC,A,Analog & Mixed-Signal,,10.1109/asscc.2016.7844138,https://ieeexplore.ieee.org/stamp/stamp.jsp?arnumber=7844138,https://doi.org/10.1109/asscc.2016.7844138,7844138,98.4,crossref_venue_year:2016,publisher_pdf_requires_session,9
A 10-bit 1GS/s 4-way TI SAR ADC with tap-interpolated FIR filter based time skew calibration,Lei Qiu; Tang Kai; Yan Zhu; Liter Siek; Yuanjin Zheng; U Seng-Pan,,2016 IEEE Asian Solid-State Circuits Conference (A-SSCC),2016,ASSCC,A,Analog & Mixed-Signal,,10.1109/asscc.2016.7844139,https://ieeexplore.ieee.org/stamp/stamp.jsp?arnumber=7844139,https://doi.org/10.1109/asscc.2016.7844139,7844139,108.2,crossref_venue_year:2016,publisher_pdf_requires_session,6
A 12 bit 150 MS/s 1.5 mW SAR ADC with adaptive radix DAC in 40 nm CMOS,Kwuang-Han Chang; Chih-Cheng Hsieh,,2016 IEEE Asian Solid-State Circuits Conference (A-SSCC),2016,ASSCC,A,Analog & Mixed-Signal,,10.1109/asscc.2016.7844159,https://ieeexplore.ieee.org/stamp/stamp.jsp?arnumber=7844159,https://doi.org/10.1109/asscc.2016.7844159,7844159,108.6,crossref_venue_year:2016,publisher_pdf_requires_session,15
A 12-bit 200kS/s subranging SAR ADC with an energy-curve reshape technique,Yao-Sheng Hu; Kai-Yue Lin; Hsin-Shu Chen,,2016 IEEE Asian Solid-State Circuits Conference (A-SSCC),2016,ASSCC,A,Analog & Mixed-Signal,,10.1109/asscc.2016.7844157,https://ieeexplore.ieee.org/stamp/stamp.jsp?arnumber=7844157,https://doi.org/10.1109/asscc.2016.7844157,7844157,98,crossref_venue_year:2016,publisher_pdf_requires_session,1
"A 13.56 MHz, 162 mW magnetically coupled digital rectifier with 94% VCR, 96% PCE over 50-to-5k Ω load range, and embedded 80 kbps DBPSK demodulator for biomedical applications",Hugo Cruz; Shuenn-Yuh Lee; Ching-Hsing Luo,,2016 IEEE Asian Solid-State Circuits Conference (A-SSCC),2016,ASSCC,A,"Biomedical, Sensor & Imaging IC",,10.1109/asscc.2016.7844172,https://ieeexplore.ieee.org/stamp/stamp.jsp?arnumber=7844172,https://doi.org/10.1109/asscc.2016.7844172,7844172,88,crossref_venue_year:2016,publisher_pdf_requires_session,0
A 14.4Gb/s/pin 230fJ/b/pin/mm multi-level RF-interconnect for global network-on-chip communication,Majid Jalalifar; Gyung-Su Byun,,2016 IEEE Asian Solid-State Circuits Conference (A-SSCC),2016,ASSCC,A,RF/mmWave & Wireline,,10.1109/asscc.2016.7844144,https://ieeexplore.ieee.org/stamp/stamp.jsp?arnumber=7844144,https://doi.org/10.1109/asscc.2016.7844144,7844144,88.1,crossref_venue_year:2016,publisher_pdf_requires_session,2
A 16 bit linear passive-charge-sharing SAR ADC in 55nm CMOS,Mark Maddox; Baozhen Chen; Michael Coln; Ron Kapusta; Junhua Shen; Lalinda Fernando,,2016 IEEE Asian Solid-State Circuits Conference (A-SSCC),2016,ASSCC,A,Analog & Mixed-Signal,,10.1109/asscc.2016.7844158,https://ieeexplore.ieee.org/stamp/stamp.jsp?arnumber=7844158,https://doi.org/10.1109/asscc.2016.7844158,7844158,99,crossref_venue_year:2016,publisher_pdf_requires_session,25
A 16–43 GHz low-noise amplifer with 2.5–4.0 dB noise figure,Zhe Chen; Hao Gao; Domine M.W. Leenaerts; Dusan Milosevic; Peter G.M. Baltus,,2016 IEEE Asian Solid-State Circuits Conference (A-SSCC),2016,ASSCC,A,General IC,,10.1109/asscc.2016.7844207,https://ieeexplore.ieee.org/stamp/stamp.jsp?arnumber=7844207,https://doi.org/10.1109/asscc.2016.7844207,7844207,88.8,crossref_venue_year:2016,publisher_pdf_requires_session,20
A 2 nd order fully-passive noise-shaping SAR ADC with embedded passive gain,Zhijie Chen; Masaya Miyahara; Akira Matsuzawa,,2016 IEEE Asian Solid-State Circuits Conference (A-SSCC),2016,ASSCC,A,Analog & Mixed-Signal,,10.1109/asscc.2016.7844197,https://ieeexplore.ieee.org/stamp/stamp.jsp?arnumber=7844197,https://doi.org/10.1109/asscc.2016.7844197,7844197,100.2,crossref_venue_year:2016,publisher_pdf_requires_session,56
A 2.34μJ/scan acoustic power scalable charge-redistribution pMUT interface system with on-chip aberration compensation for portable ultrasonic applications,Judyta Tillak; Sina Akhbari; Nimesh Shah; Ljubomir Radakovic; Liwei Lin; Jerald Yoo,,2016 IEEE Asian Solid-State Circuits Conference (A-SSCC),2016,ASSCC,A,RF/mmWave & Wireline,,10.1109/asscc.2016.7844167,https://ieeexplore.ieee.org/stamp/stamp.jsp?arnumber=7844167,https://doi.org/10.1109/asscc.2016.7844167,7844167,88.3,crossref_venue_year:2016,publisher_pdf_requires_session,8
A 28 nm CMOS 7.04 Gsps polar digital front-end processor for 60 GHz transmitter,Yanxiang Huang; Chunshu Li; Khaled Khalaf; Andre Bourdoux; Julien Verschueren; Qixian Shi; Piet Wambacq; Sofie Polling; Wim Dehaene; Liesbet Van der Perre,,2016 IEEE Asian Solid-State Circuits Conference (A-SSCC),2016,ASSCC,A,RF/mmWave & Wireline,,10.1109/asscc.2016.7844203,https://ieeexplore.ieee.org/stamp/stamp.jsp?arnumber=7844203,https://doi.org/10.1109/asscc.2016.7844203,7844203,98.1,crossref_venue_year:2016,publisher_pdf_requires_session,3
A 2GS/s 8b time-interleaved SAR ADC for millimeter-wave pulsed radar baseband SoC,Takuji Miki; Toshiaki Ozeki; Jun-ichi Naka,,2016 IEEE Asian Solid-State Circuits Conference (A-SSCC),2016,ASSCC,A,Analog & Mixed-Signal,,10.1109/asscc.2016.7844121,https://ieeexplore.ieee.org/stamp/stamp.jsp?arnumber=7844121,https://doi.org/10.1109/asscc.2016.7844121,7844121,98.3,crossref_venue_year:2016,publisher_pdf_requires_session,7
A 3.2 mA-RX 3.5 mA-TX fully integrated SoC for Bluetooth Low Energy,Masayoshi Oshiro; Tatsuhiko Maruyama; Takashi Tokairin; Yuki Tuda; Tong Wang; Naotaka Koide; Yosuke Ogasawara; Tuan Thanh Ta; Hiroshi Yoshida; Kenichi Sami,,2016 IEEE Asian Solid-State Circuits Conference (A-SSCC),2016,ASSCC,A,Digital IC & Architecture,,10.1109/asscc.2016.7844120,https://ieeexplore.ieee.org/stamp/stamp.jsp?arnumber=7844120,https://doi.org/10.1109/asscc.2016.7844120,7844120,88.4,crossref_venue_year:2016,publisher_pdf_requires_session,9
A 305mV-850mV 400μW 45GSamples/J reconfigurable compressive sensing engine with early-termination for ultra-low energy target detection in 14nm tri-gate CMOS,Sudhir Satpathy; Sanu Mathew; Vikram Suresh; Mark Anders; Gregory Chen; Himanshu Kaul; Amit Agarwal; Steven Hsu; Ram Krishnamurthy; Vivek De,,2016 IEEE Asian Solid-State Circuits Conference (A-SSCC),2016,ASSCC,A,General IC,,10.1109/asscc.2016.7844183,https://ieeexplore.ieee.org/stamp/stamp.jsp?arnumber=7844183,https://doi.org/10.1109/asscc.2016.7844183,7844183,98,crossref_venue_year:2016,publisher_pdf_requires_session,0
A 32.75-Gb/s voltage mode transmitter with 3-tap FFE in 16nm CMOS,Kok Lim Chan; Kee Hian Tan; Yohan Frans; Jay Im; Parag Upadhyaya; Siok Wei Lim; Arianne Roldan; Nakul Narang; Chin Yang Koay; Hongyuan Zhao; Ken Chang,,2016 IEEE Asian Solid-State Circuits Conference (A-SSCC),2016,ASSCC,A,RF/mmWave & Wireline,,10.1109/asscc.2016.7844178,https://ieeexplore.ieee.org/stamp/stamp.jsp?arnumber=7844178,https://doi.org/10.1109/asscc.2016.7844178,7844178,88.1,crossref_venue_year:2016,publisher_pdf_requires_session,2
"A 32.9% PAE, 15.3 dBm, 21.6–41.6 GHz power amplifier in 65nm CMOS using coupled resonators",Haikun Jia; Clarissa C. Prawoto; Baoyong Chi; Zhihua Wang; C. Patrick Yue,,2016 IEEE Asian Solid-State Circuits Conference (A-SSCC),2016,ASSCC,A,Analog & Mixed-Signal,,10.1109/asscc.2016.7844206,https://ieeexplore.ieee.org/stamp/stamp.jsp?arnumber=7844206,https://doi.org/10.1109/asscc.2016.7844206,7844206,88.5,crossref_venue_year:2016,publisher_pdf_requires_session,13
A 34pJ/level pixel depth-estimation processor with shifter-based pipelined architecture for mobile user interface,Sungpill Choi; Seongwook Park; Hoi-Jun Yoo,,2016 IEEE Asian Solid-State Circuits Conference (A-SSCC),2016,ASSCC,A,RF/mmWave & Wireline,,10.1109/asscc.2016.7844184,https://ieeexplore.ieee.org/stamp/stamp.jsp?arnumber=7844184,https://doi.org/10.1109/asscc.2016.7844184,7844184,88,crossref_venue_year:2016,publisher_pdf_requires_session,0
A 4-GHz ΔΣ fractional-N frequency synthesizer with 2-dimensional quantization noise pushing and fractional spur elimination techniques,Chun-Yu Lin; Tsung-Hsien Lin,,2016 IEEE Asian Solid-State Circuits Conference (A-SSCC),2016,ASSCC,A,Clocking & Frequency Generation,,10.1109/asscc.2016.7844143,https://ieeexplore.ieee.org/stamp/stamp.jsp?arnumber=7844143,https://doi.org/10.1109/asscc.2016.7844143,7844143,88,crossref_venue_year:2016,publisher_pdf_requires_session,0
A 4.86 mW 15-bit 22.5 MS/s pipelined ADC with 74 dB SNDR in 90 nm CMOS using averaging correlated level shifting technique,Tsung-Chih Hung; Tai-Haur Kuo,,2016 IEEE Asian Solid-State Circuits Conference (A-SSCC),2016,ASSCC,A,Analog & Mixed-Signal,,10.1109/asscc.2016.7844160,https://ieeexplore.ieee.org/stamp/stamp.jsp?arnumber=7844160,https://doi.org/10.1109/asscc.2016.7844160,7844160,88.3,crossref_venue_year:2016,publisher_pdf_requires_session,7
A 40-nV/VHz 0.0145-mm 2 sensor readout circuit with chopped VCO-based CTDSM in 40-nm CMOS,Chih-Chan Tu; Yu-Kai Wang; Tsung-Hsien Lin,,2016 IEEE Asian Solid-State Circuits Conference (A-SSCC),2016,ASSCC,A,Clocking & Frequency Generation,,10.1109/asscc.2016.7844131,https://ieeexplore.ieee.org/stamp/stamp.jsp?arnumber=7844131,https://doi.org/10.1109/asscc.2016.7844131,7844131,88,crossref_venue_year:2016,publisher_pdf_requires_session,1
A 41.3pJ/26.7pJ per neuron weight RBM processor for on-chip learning/inference applications,Chang-Hung Tsai; Wan-Ju Yu; Wing Hung Wong; Chen-Yi Lee,,2016 IEEE Asian Solid-State Circuits Conference (A-SSCC),2016,ASSCC,A,Digital IC & Architecture,,10.1109/asscc.2016.7844186,https://ieeexplore.ieee.org/stamp/stamp.jsp?arnumber=7844186,https://doi.org/10.1109/asscc.2016.7844186,7844186,88,crossref_venue_year:2016,publisher_pdf_requires_session,1
A 5.1Gb/s 60.3fJ/bit/mm PVT tolerant NoC transceiver,Vishal Vinayak Kulkarni; Wei Yi Lim; Bin Zhao; Dan Lei Yan; Yu-Shun Wang; Jun Zhou; Muthukumaraswamy Annamalai Arasu,,2016 IEEE Asian Solid-State Circuits Conference (A-SSCC),2016,ASSCC,A,RF/mmWave & Wireline,,10.1109/asscc.2016.7844155,https://ieeexplore.ieee.org/stamp/stamp.jsp?arnumber=7844155,https://doi.org/10.1109/asscc.2016.7844155,7844155,88.1,crossref_venue_year:2016,publisher_pdf_requires_session,2
A 5.5GHz 0.84TOPS/mm 2 neural network engine with stream architecture and resonant clock mesh,Shengshuo Lu; Zhengya Zhang; Marios Papaefthymiou,,2016 IEEE Asian Solid-State Circuits Conference (A-SSCC),2016,ASSCC,A,General IC,,10.1109/asscc.2016.7844153,https://ieeexplore.ieee.org/stamp/stamp.jsp?arnumber=7844153,https://doi.org/10.1109/asscc.2016.7844153,7844153,88,crossref_venue_year:2016,publisher_pdf_requires_session,0
A 5.92-Mb/mm 2 28-nm pseudo 2-read/write dual-port SRAM using double pumping circuitry,Yuichiro Ishii; Makoto Yabuuchi; Yohei Sawada; Masao Morimoto; Yasumasa Tsukamoto; Yuta Yoshida; Ken Shibata; Toshiaki Sano; Shinji Tanaka; Koji Nii,,2016 IEEE Asian Solid-State Circuits Conference (A-SSCC),2016,ASSCC,A,Memory & Compute-in-Memory,,10.1109/asscc.2016.7844124,https://ieeexplore.ieee.org/stamp/stamp.jsp?arnumber=7844124,https://doi.org/10.1109/asscc.2016.7844124,7844124,88.4,crossref_venue_year:2016,publisher_pdf_requires_session,11
A 5–8 Gb/s low-power transmitter with 2-tap pre-emphasis based on toggling serialization,Sung-Geun Kim; Tongsung Kim; Dae-Hyun Kwon; Woo-Young Choi,,2016 IEEE Asian Solid-State Circuits Conference (A-SSCC),2016,ASSCC,A,RF/mmWave & Wireline,,10.1109/asscc.2016.7844182,https://ieeexplore.ieee.org/stamp/stamp.jsp?arnumber=7844182,https://doi.org/10.1109/asscc.2016.7844182,7844182,88.2,crossref_venue_year:2016,publisher_pdf_requires_session,5
"A 6-to-32 Gb/s voltage-mode transmitter with scalable supply, voltage swing, and pre-emphasis in 65-nm CMOS",Woorham Bae; Haram Ju; Kwanseo Park; Deog-Kyoon Jeong,,2016 IEEE Asian Solid-State Circuits Conference (A-SSCC),2016,ASSCC,A,RF/mmWave & Wireline,,10.1109/asscc.2016.7844180,https://ieeexplore.ieee.org/stamp/stamp.jsp?arnumber=7844180,https://doi.org/10.1109/asscc.2016.7844180,7844180,88.1,crossref_venue_year:2016,publisher_pdf_requires_session,2
A 64-Kb 0.37V 28nm 10T-SRAM with mixed-Vth read-port and boosted WL scheme for IoT applications,Hidehiro Fujiwara; Yen-Huei Chen; Chih-Yu Lin; Wei-Cheng Wu; Dar Sun; Shin-Run Wu; Hung-Jen Liao; Jonathan Chang,,2016 IEEE Asian Solid-State Circuits Conference (A-SSCC),2016,ASSCC,A,Power Management,,10.1109/asscc.2016.7844166,https://ieeexplore.ieee.org/stamp/stamp.jsp?arnumber=7844166,https://doi.org/10.1109/asscc.2016.7844166,7844166,88.5,crossref_venue_year:2016,publisher_pdf_requires_session,13
A 65-nm 0.35-V 7.1-μW memory-less adaptive PCG processor for wearable long-term cardiac monitoring,Chao Wang; Jianmin Zhang; Jun Zhou; Xin Liu; Ru San Tan; Liang Zhong; Kevin C.T. Chai,,2016 IEEE Asian Solid-State Circuits Conference (A-SSCC),2016,ASSCC,A,Digital IC & Architecture,,10.1109/asscc.2016.7844202,https://ieeexplore.ieee.org/stamp/stamp.jsp?arnumber=7844202,https://doi.org/10.1109/asscc.2016.7844202,7844202,88,crossref_venue_year:2016,publisher_pdf_requires_session,0
A 7.72 Gb/s LDPC-CC decoder with overlapped architecture for pre-5G wireless communications,Chia-Lung Lin; Rong-Jie Liu; Chih-Lung Chen; Hsie-Chia Chang; Chen-Yi Lee,,2016 IEEE Asian Solid-State Circuits Conference (A-SSCC),2016,ASSCC,A,General IC,,10.1109/asscc.2016.7844204,https://ieeexplore.ieee.org/stamp/stamp.jsp?arnumber=7844204,https://doi.org/10.1109/asscc.2016.7844204,7844204,88.2,crossref_venue_year:2016,publisher_pdf_requires_session,4
A 7.9-GHz transformer-feedback quadrature VCO with a noise-shifting coupling network,Bingwei Jiang; Chixiao Chen; Junyan Ren; Howard C. Luong,,2016 IEEE Asian Solid-State Circuits Conference (A-SSCC),2016,ASSCC,A,Clocking & Frequency Generation,,10.1109/asscc.2016.7844208,https://ieeexplore.ieee.org/stamp/stamp.jsp?arnumber=7844208,https://doi.org/10.1109/asscc.2016.7844208,7844208,88.1,crossref_venue_year:2016,publisher_pdf_requires_session,2
A 79GHz 2×2 MIMO PMCW radar SoC in 28nm CMOS,D. Guermandi; Q. Shi; A. Dewilde; V. Derudder; U. Ahmad; A. Spagnolo; A. Bourdoux; P. Wambacq; W. van Thillo,,2016 IEEE Asian Solid-State Circuits Conference (A-SSCC),2016,ASSCC,A,Digital IC & Architecture,,10.1109/asscc.2016.7844146,https://ieeexplore.ieee.org/stamp/stamp.jsp?arnumber=7844146,https://doi.org/10.1109/asscc.2016.7844146,7844146,88.5,crossref_venue_year:2016,publisher_pdf_requires_session,13
"A 79dB SNDR, 10MHz BW, 675MS/s open-loop time-based ADC employing a 1.15ps SAR-TDC",W. El-Halwagy; P. Mousavi; M. Hossain,,2016 IEEE Asian Solid-State Circuits Conference (A-SSCC),2016,ASSCC,A,Analog & Mixed-Signal,,10.1109/asscc.2016.7844200,https://ieeexplore.ieee.org/stamp/stamp.jsp?arnumber=7844200,https://doi.org/10.1109/asscc.2016.7844200,7844200,98.5,crossref_venue_year:2016,publisher_pdf_requires_session,12
A 83% peak efficiency 1.65 V to 11.4V dynamic voltage scaling supply for electrical stimulation applications in standard 0.18μm CMOS process,Lei Yao; Darmayuda I Made; Yuan Gao,,2016 IEEE Asian Solid-State Circuits Conference (A-SSCC),2016,ASSCC,A,General IC,,10.1109/asscc.2016.7844171,https://ieeexplore.ieee.org/stamp/stamp.jsp?arnumber=7844171,https://doi.org/10.1109/asscc.2016.7844171,7844171,98.4,crossref_venue_year:2016,publisher_pdf_requires_session,9
A 9-bit 500-MS/s 6.0-mW dynamic pipelined ADC using time-domain linearized dynamic amplifiers,Lilan Yu; Masaya Miyahara; Akira Matsuzawa,,2016 IEEE Asian Solid-State Circuits Conference (A-SSCC),2016,ASSCC,A,Analog & Mixed-Signal,,10.1109/asscc.2016.7844136,https://ieeexplore.ieee.org/stamp/stamp.jsp?arnumber=7844136,https://doi.org/10.1109/asscc.2016.7844136,7844136,98.4,crossref_venue_year:2016,publisher_pdf_requires_session,11
A 90nA quiescent current 1.5V–5V 50mA asynchronous folding LDO using dual loop control,Jun Liu; Troy Bryant; Nima Maghari; Jeffery Morroni,,2016 IEEE Asian Solid-State Circuits Conference (A-SSCC),2016,ASSCC,A,Power Management,,10.1109/asscc.2016.7844175,https://ieeexplore.ieee.org/stamp/stamp.jsp?arnumber=7844175,https://doi.org/10.1109/asscc.2016.7844175,7844175,88.2,crossref_venue_year:2016,publisher_pdf_requires_session,6
A 91.2dB SNDR 66.2fJ/conv. dynamic amplifier based 24kHz ΔΣ modulator,Beichen Zhang; Runjiang Dou; Liyuan Liu; Nanjian Wu,,2016 IEEE Asian Solid-State Circuits Conference (A-SSCC),2016,ASSCC,A,Analog & Mixed-Signal,,10.1109/asscc.2016.7844199,https://ieeexplore.ieee.org/stamp/stamp.jsp?arnumber=7844199,https://doi.org/10.1109/asscc.2016.7844199,7844199,88.4,crossref_venue_year:2016,publisher_pdf_requires_session,9
A digital MDLL using switched biasing technique to reduce low-frequency phase noise,Chi-Huan Chiang; Chang-Cheng Huang; Ting-Kuei Kuan; Shen-Iuan Liu,,2016 IEEE Asian Solid-State Circuits Conference (A-SSCC),2016,ASSCC,A,Analog & Mixed-Signal,,10.1109/asscc.2016.7844145,https://ieeexplore.ieee.org/stamp/stamp.jsp?arnumber=7844145,https://doi.org/10.1109/asscc.2016.7844145,7844145,88,crossref_venue_year:2016,publisher_pdf_requires_session,0
A double-tail sense amplifier for low-voltage SRAM in 28nm technology,Pi-Feng Chiu; Brian Zimmer; Borivoje Nikolic,,2016 IEEE Asian Solid-State Circuits Conference (A-SSCC),2016,ASSCC,A,Analog & Mixed-Signal,,10.1109/asscc.2016.7844165,https://ieeexplore.ieee.org/stamp/stamp.jsp?arnumber=7844165,https://doi.org/10.1109/asscc.2016.7844165,7844165,88.4,crossref_venue_year:2016,publisher_pdf_requires_session,9
A fine-resolution pulse-shrinking time-to-digital converter with completion detection utilizing built-in offset pulse,Tetsuya Iizuka; Takehisa Koga; Toru Nakura; Kunihiro Asada,,2016 IEEE Asian Solid-State Circuits Conference (A-SSCC),2016,ASSCC,A,Clocking & Frequency Generation,,10.1109/asscc.2016.7844198,https://ieeexplore.ieee.org/stamp/stamp.jsp?arnumber=7844198,https://doi.org/10.1109/asscc.2016.7844198,7844198,88.6,crossref_venue_year:2016,publisher_pdf_requires_session,16
A high DR multi-channel stage-shared hybrid front-end for integrated power electronics controller,Yuan Ren; Sai-Weng Sin; Chi-Seng Lam; Man-Chung Wong; U Seng-Pan; Rui Paulo Martins,,2016 IEEE Asian Solid-State Circuits Conference (A-SSCC),2016,ASSCC,A,RF/mmWave & Wireline,,10.1109/asscc.2016.7844134,https://ieeexplore.ieee.org/stamp/stamp.jsp?arnumber=7844134,https://doi.org/10.1109/asscc.2016.7844134,7844134,88.3,crossref_venue_year:2016,publisher_pdf_requires_session,8
A high efficiency wide-load-range asynchronous boost converter with time-based dual-mode control for SSD applications,Kyoungjin Lee; Haneul Kim; Jehyung Yoon; Hyoung-Seok Oh; Byeong-Ha Park; Hojin Park; Yoonmyung Lee,,2016 IEEE Asian Solid-State Circuits Conference (A-SSCC),2016,ASSCC,A,Power Management,,10.1109/asscc.2016.7844123,https://ieeexplore.ieee.org/stamp/stamp.jsp?arnumber=7844123,https://doi.org/10.1109/asscc.2016.7844123,7844123,88.2,crossref_venue_year:2016,publisher_pdf_requires_session,5
A low-power calibration-free fractional-N digital PLL with high linear phase interpolator,Fan Yang; Hangyan Guo; Runhua Wang; Zherui Zhang; Junhua Liu; Huailin Liao,,2016 IEEE Asian Solid-State Circuits Conference (A-SSCC),2016,ASSCC,A,Clocking & Frequency Generation,,10.1109/asscc.2016.7844187,https://ieeexplore.ieee.org/stamp/stamp.jsp?arnumber=7844187,https://doi.org/10.1109/asscc.2016.7844187,7844187,88.5,crossref_venue_year:2016,publisher_pdf_requires_session,12
A low-power real-time hidden Markov model accelerator for gesture user interface on wearable devices,Seongrim Choi; Jaemin Hwang; Suhwan Cho; Ara Kim; Byeong-Gyu Nam,,2016 IEEE Asian Solid-State Circuits Conference (A-SSCC),2016,ASSCC,A,RF/mmWave & Wireline,,10.1109/asscc.2016.7844185,https://ieeexplore.ieee.org/stamp/stamp.jsp?arnumber=7844185,https://doi.org/10.1109/asscc.2016.7844185,7844185,88.2,crossref_venue_year:2016,publisher_pdf_requires_session,4
A model predictive control equalization transmitter for asymmetric interfaces in 28nm FDSOI,Taehwan Kim; Pavan Bhargava; Vladimir Stojanovic,,2016 IEEE Asian Solid-State Circuits Conference (A-SSCC),2016,ASSCC,A,RF/mmWave & Wireline,,10.1109/asscc.2016.7844179,https://ieeexplore.ieee.org/stamp/stamp.jsp?arnumber=7844179,https://doi.org/10.1109/asscc.2016.7844179,7844179,98.1,crossref_venue_year:2016,publisher_pdf_requires_session,2
A piezoelectric vibration energy harvesting system with improved power extraction capability,Yin-Jyun Hu; I-Chou Chen; Tsung-Heng Tsai,,2016 IEEE Asian Solid-State Circuits Conference (A-SSCC),2016,ASSCC,A,Power Management,,10.1109/asscc.2016.7844196,https://ieeexplore.ieee.org/stamp/stamp.jsp?arnumber=7844196,https://doi.org/10.1109/asscc.2016.7844196,7844196,88.6,crossref_venue_year:2016,publisher_pdf_requires_session,16
A series-SSHI-Phi interface circuit for piezoelectric energy harvesting with 163% improvement in extracted power at off-resonance,Chi-Huan Chen; Hung-Chen Chen; Yu-Shyang Huang; Ping-Hsuan Hsieh; Ping-Hsien Wu; Yi-Chung Shu,,2016 IEEE Asian Solid-State Circuits Conference (A-SSCC),2016,ASSCC,A,RF/mmWave & Wireline,,10.1109/asscc.2016.7844127,https://ieeexplore.ieee.org/stamp/stamp.jsp?arnumber=7844127,https://doi.org/10.1109/asscc.2016.7844127,7844127,88.5,crossref_venue_year:2016,publisher_pdf_requires_session,12
"A single-event upset robust, 2.2 GHz to 3.2 GHz, 345 fs jitter PLL with triple-modular redundant phase detector in 65 nm CMOS",Jeffrey Prinzie; Michiel Steyaert; Paul Leroux; Jorgen Christiansen; Paulo Moreira,,2016 IEEE Asian Solid-State Circuits Conference (A-SSCC),2016,ASSCC,A,Clocking & Frequency Generation,,10.1109/asscc.2016.7844191,https://ieeexplore.ieee.org/stamp/stamp.jsp?arnumber=7844191,https://doi.org/10.1109/asscc.2016.7844191,7844191,99,crossref_venue_year:2016,publisher_pdf_requires_session,25
A single-inductor dual-input dual-output (SIDIDO) power management with sequential pulse-skip modulation for battery/PV hybrid systems,Hui-Hsuan Lee; Po-Hung Chen,,2016 IEEE Asian Solid-State Circuits Conference (A-SSCC),2016,ASSCC,A,Power Management,,10.1109/asscc.2016.7844193,https://ieeexplore.ieee.org/stamp/stamp.jsp?arnumber=7844193,https://doi.org/10.1109/asscc.2016.7844193,7844193,88.5,crossref_venue_year:2016,publisher_pdf_requires_session,13
A technique for in-band phase noise reduction in fractional-N frequency synthesizers,Chun-Ping Wang; Tai-Cheng Lee,,2016 IEEE Asian Solid-State Circuits Conference (A-SSCC),2016,ASSCC,A,Clocking & Frequency Generation,,10.1109/asscc.2016.7844188,https://ieeexplore.ieee.org/stamp/stamp.jsp?arnumber=7844188,https://doi.org/10.1109/asscc.2016.7844188,7844188,88,crossref_venue_year:2016,publisher_pdf_requires_session,1
A time delay multiple integration linear CMOS image sensor for multispectral satellite telemetry,Kuan-Lin Liu; Chih-Cheng Hsieh; Sheng-Yeh Lai; Chin-Fong Chiu,,2016 IEEE Asian Solid-State Circuits Conference (A-SSCC),2016,ASSCC,A,"Biomedical, Sensor & Imaging IC",,10.1109/asscc.2016.7844129,https://ieeexplore.ieee.org/stamp/stamp.jsp?arnumber=7844129,https://doi.org/10.1109/asscc.2016.7844129,7844129,98.1,crossref_venue_year:2016,publisher_pdf_requires_session,3
All-digital single-inductor multiple-output DC-DC converter with over 65.3% efficiency in 1 uW to 50 mW load range and 86.3% peak efficiency,Manabu Yamada; Nam Binh Tran; Takayuki Miyazaki; Yoshiaki Yoshihara; Ryuichi Fujimoto,,2016 IEEE Asian Solid-State Circuits Conference (A-SSCC),2016,ASSCC,A,Power Management,,10.1109/asscc.2016.7844173,https://ieeexplore.ieee.org/stamp/stamp.jsp?arnumber=7844173,https://doi.org/10.1109/asscc.2016.7844173,7844173,88.1,crossref_venue_year:2016,publisher_pdf_requires_session,2
All-synthesizable 6Gbps voltage-mode transmitter for serial link,Young-Ho Choi; Kihwan Seong; Byungsub Kim; Jae-Yoon Sim; Hong-June Park,,2016 IEEE Asian Solid-State Circuits Conference (A-SSCC),2016,ASSCC,A,RF/mmWave & Wireline,,10.1109/asscc.2016.7844181,https://ieeexplore.ieee.org/stamp/stamp.jsp?arnumber=7844181,https://doi.org/10.1109/asscc.2016.7844181,7844181,88,crossref_venue_year:2016,publisher_pdf_requires_session,1
An 8-bit 1.25GS/s CMOS IF-sampling ADC with background calibration for dynamic distortion,Si Chen; Boris Murmann,,2016 IEEE Asian Solid-State Circuits Conference (A-SSCC),2016,ASSCC,A,Analog & Mixed-Signal,,10.1109/asscc.2016.7844137,https://ieeexplore.ieee.org/stamp/stamp.jsp?arnumber=7844137,https://doi.org/10.1109/asscc.2016.7844137,7844137,88.3,crossref_venue_year:2016,publisher_pdf_requires_session,8
"An 8-bit, 16 input, 3.2 pJ/op switched-capacitor dot product circuit in 28-nm FDSOI CMOS",Daniel Bankman; Boris Murmann,,2016 IEEE Asian Solid-State Circuits Conference (A-SSCC),2016,ASSCC,A,General IC,,10.1109/asscc.2016.7844125,https://ieeexplore.ieee.org/stamp/stamp.jsp?arnumber=7844125,https://doi.org/10.1109/asscc.2016.7844125,7844125,99.4,crossref_venue_year:2016,publisher_pdf_requires_session,36
An EEG-NIRS ear-module SoC for wearable drowsiness monitoring system,Unsoo Ha; Hoi-Jun Yoo,,2016 IEEE Asian Solid-State Circuits Conference (A-SSCC),2016,ASSCC,A,Digital IC & Architecture,,10.1109/asscc.2016.7844168,https://ieeexplore.ieee.org/stamp/stamp.jsp?arnumber=7844168,https://doi.org/10.1109/asscc.2016.7844168,7844168,88.5,crossref_venue_year:2016,publisher_pdf_requires_session,12
An LO-buffer-less 60-GHz CMOS transmitter with oscillator pulling mitigation,Rui Wu; Jian Pang; Yuuki Seo; Kento Kimura; Seitaro Kawai; Shinji Sato; Satoshi Kondo; Tomohiro Ueno; Nurul Fajri; Yasuaki Takeuchi; Tatsuya Yamaguchi; Ahmed Musa; Masaya Miyahara; Kenichi Okada; Akira Matsuzawa,,2016 IEEE Asian Solid-State Circuits Conference (A-SSCC),2016,ASSCC,A,RF/mmWave & Wireline,,10.1109/asscc.2016.7844147,https://ieeexplore.ieee.org/stamp/stamp.jsp?arnumber=7844147,https://doi.org/10.1109/asscc.2016.7844147,7844147,88.2,crossref_venue_year:2016,publisher_pdf_requires_session,5
An OTA-C signal processing FPAA with 305 MHz GBW and integrated frequency-independent filter tuning,Daniel De Dorigo; Yiannos Manoli,,2016 IEEE Asian Solid-State Circuits Conference (A-SSCC),2016,ASSCC,A,Analog & Mixed-Signal,,10.1109/asscc.2016.7844135,https://ieeexplore.ieee.org/stamp/stamp.jsp?arnumber=7844135,https://doi.org/10.1109/asscc.2016.7844135,7844135,88,crossref_venue_year:2016,publisher_pdf_requires_session,0
An area efficient single-cycle xV DD sub-V th on-chip boost scheme in 28 nm FD-SOI,Babak Mohammadi; Oskar Andersson; Xiao Luo; Masoud Nouripayam; Joachim Neves Rodrigues,,2016 IEEE Asian Solid-State Circuits Conference (A-SSCC),2016,ASSCC,A,Power Management,,10.1109/asscc.2016.7844177,https://ieeexplore.ieee.org/stamp/stamp.jsp?arnumber=7844177,https://doi.org/10.1109/asscc.2016.7844177,7844177,88,crossref_venue_year:2016,publisher_pdf_requires_session,0
An area-efficient wideband CMOS hall sensor system for camera autofocus systems,Chih-Chan Tu; Kuan-Chung Chen; Tsung-Yu Wu; Tsung-Hsien Lin,,2016 IEEE Asian Solid-State Circuits Conference (A-SSCC),2016,ASSCC,A,General IC,,10.1109/asscc.2016.7844128,https://ieeexplore.ieee.org/stamp/stamp.jsp?arnumber=7844128,https://doi.org/10.1109/asscc.2016.7844128,7844128,98.1,crossref_venue_year:2016,publisher_pdf_requires_session,2
An improved 40 Gb/s CDR with jitter-suppression filters and phase-compensating interpolators,Xuqiang Zheng; Chun Zhang; Shuai Yuan; Feng Zhao; Shigang Yue; Ziqiang Wang; Fule Li; Zhihua Wang,,2016 IEEE Asian Solid-State Circuits Conference (A-SSCC),2016,ASSCC,A,Analog & Mixed-Signal,,10.1109/asscc.2016.7844141,https://ieeexplore.ieee.org/stamp/stamp.jsp?arnumber=7844141,https://doi.org/10.1109/asscc.2016.7844141,7844141,88.2,crossref_venue_year:2016,publisher_pdf_requires_session,5
An inductive-coupling bus with collision detection scheme using magnetic field variation for 3-D network-on-chips,Junichiro Kadomoto; Tomoki Miyata; Hideharu Amano; Tadahiro Kuroda,,2016 IEEE Asian Solid-State Circuits Conference (A-SSCC),2016,ASSCC,A,General IC,,10.1109/asscc.2016.7844130,https://ieeexplore.ieee.org/stamp/stamp.jsp?arnumber=7844130,https://doi.org/10.1109/asscc.2016.7844130,7844130,108.3,crossref_venue_year:2016,publisher_pdf_requires_session,7
An integrated CMOS optical sensing chip for multiple bio-signal detections,Albert Yen-Chih Chiou; Sung-En Hsieh; Yan-Quan Pan; Chia-Chi Kuo; Chih-Cheng Hsieh,,2016 IEEE Asian Solid-State Circuits Conference (A-SSCC),2016,ASSCC,A,General IC,,10.1109/asscc.2016.7844169,https://ieeexplore.ieee.org/stamp/stamp.jsp?arnumber=7844169,https://doi.org/10.1109/asscc.2016.7844169,7844169,108.3,crossref_venue_year:2016,publisher_pdf_requires_session,7
An isolated PoR based pulse generator for TEG energy harvesting with minimum startup of 150 mV and maximum series resistance of 600 Ω,Abhik Das; Yuan Gao; Tony T. Kim,,2016 IEEE Asian Solid-State Circuits Conference (A-SSCC),2016,ASSCC,A,Power Management,,10.1109/asscc.2016.7844194,https://ieeexplore.ieee.org/stamp/stamp.jsp?arnumber=7844194,https://doi.org/10.1109/asscc.2016.7844194,7844194,88.1,crossref_venue_year:2016,publisher_pdf_requires_session,2
Area-efficient one-cycle correction scheme for timing errors in flip-flop based pipelines,Jongeun Koo; Eunwoo Song; Eunhyeok Park; Dongyoung Kim; Junki Park; Sungju Ryu; Sungjoo Yoo; Jae-Joon Kim,,2016 IEEE Asian Solid-State Circuits Conference (A-SSCC),2016,ASSCC,A,General IC,,10.1109/asscc.2016.7844154,https://ieeexplore.ieee.org/stamp/stamp.jsp?arnumber=7844154,https://doi.org/10.1109/asscc.2016.7844154,7844154,88.1,crossref_venue_year:2016,publisher_pdf_requires_session,2
Asian Chapter Chairs Meeting at A-SSCC-2015 [Chapters],Stefan Rusu,Chapter Arts Centre,IEEE Solid-State Circuits Magazine,2016,ASSCC,A,Digital IC & Architecture,Presents recent SSCS society chapter news.,10.1109/mssc.2016.2546579,https://ieeexplore.ieee.org/stamp/stamp.jsp?arnumber=2546579,https://doi.org/10.1109/mssc.2016.2546579,2546579,88,venue_year_search:2016,publisher_pdf_requires_session,0
Committees,,,2016 IEEE Asian Solid-State Circuits Conference (A-SSCC),2016,ASSCC,A,General IC,,10.1109/asscc.2016.7844211,https://ieeexplore.ieee.org/stamp/stamp.jsp?arnumber=7844211,https://doi.org/10.1109/asscc.2016.7844211,7844211,88,crossref_venue_year:2016,publisher_pdf_requires_session,0
Design challenge in 3D NAND technology: A 4.8X area- and 1.3X power-efficient 20V charge pump using tier capacitors,T. Tanzawa; T. Murakoshi; T. Kamijo; T. Tanaka; J. J. McNeil; K. Duesman,,2016 IEEE Asian Solid-State Circuits Conference (A-SSCC),2016,ASSCC,A,Memory & Compute-in-Memory,,10.1109/asscc.2016.7844161,https://ieeexplore.ieee.org/stamp/stamp.jsp?arnumber=7844161,https://doi.org/10.1109/asscc.2016.7844161,7844161,88.6,crossref_venue_year:2016,publisher_pdf_requires_session,14
Design of non-contact 2Gb/s I/O test methods for high bandwidth memory (HBM),Hyunui Lee; Sukyong Kang; Hye-Seung Yu; Won-Joo Yun; Jae-Hun Jung; Sungoh Ahn; Wang-Soo Kim; Beomyong Kil; Yoo-Chang Sung; Sang-Hoon Shin; Yong-Sik Park; Yong-Hwan Kim; Kyung-Woo Nam; Indal Song; Kyomin Sohn; Yong-Cheol Bae; Jung-Hwan Choi; Seong-Jin Jang; Gyo-Young Jin,,2016 IEEE Asian Solid-State Circuits Conference (A-SSCC),2016,ASSCC,A,Memory & Compute-in-Memory,,10.1109/asscc.2016.7844162,https://ieeexplore.ieee.org/stamp/stamp.jsp?arnumber=7844162,https://doi.org/10.1109/asscc.2016.7844162,7844162,98.1,crossref_venue_year:2016,publisher_pdf_requires_session,3
Fractional-N DPLL based low power clocking architecture for 1–14 Gb/s multi-standard transmitter,Masum Hossain; Amlan Nag; Waleed El-Halwagy; A K M Delwar Hossain; Aurangozeb,,2016 IEEE Asian Solid-State Circuits Conference (A-SSCC),2016,ASSCC,A,RF/mmWave & Wireline,,10.1109/asscc.2016.7844142,https://ieeexplore.ieee.org/stamp/stamp.jsp?arnumber=7844142,https://doi.org/10.1109/asscc.2016.7844142,7844142,88,crossref_venue_year:2016,publisher_pdf_requires_session,1
Highly linear TIA for SAW-less FDD receivers,Giacomo Pini; Danilo Manstretta; Rinaldo Castello,,2016 IEEE Asian Solid-State Circuits Conference (A-SSCC),2016,ASSCC,A,RF/mmWave & Wireline,,10.1109/asscc.2016.7844149,https://ieeexplore.ieee.org/stamp/stamp.jsp?arnumber=7844149,https://doi.org/10.1109/asscc.2016.7844149,7844149,88.3,crossref_venue_year:2016,publisher_pdf_requires_session,8
Introduction to the Special Section on the 2015 IEEE Asian Solid-State Circuits Conference (A-SSCC),Makoto Ikeda; Noriyuki Miura,The University of Tokyo; Kobe University,IEEE Journal of Solid-State Circuits,2016,ASSCC,A,Digital IC & Architecture,"This section of the IEEE Journal of Solid-State Circuits ( JSSC ) includes the best papers selected from the 2015 IEEE Asian Solid-State Circuits Conference (A-SSCC), which was held in Xia’men, China, on November 9–11, 2015. The conference follows an annual rotation program among China, Japan, Korea, and Taiwan. A-SSCC is one of the four conferences fully sponsored by the IEEE Solid-State Circuits Society.",10.1109/jssc.2016.2600767,https://ieeexplore.ieee.org/stamp/stamp.jsp?arnumber=2600767,https://doi.org/10.1109/jssc.2016.2600767,2600767,88,venue_year_search:2016,publisher_pdf_requires_session,0
Lossless inductor current control in envelope tracking supply modulator with self-allocation of energy for optimzation of efficiency and EVM,Shang-Hsien Yang; Ke-Horng Chen; Chin-Long Wey; Ying-Hsi Lin; Jian-Ru Lin; Tsung-Yen Tsai,,2016 IEEE Asian Solid-State Circuits Conference (A-SSCC),2016,ASSCC,A,General IC,,10.1109/asscc.2016.7844190,https://ieeexplore.ieee.org/stamp/stamp.jsp?arnumber=7844190,https://doi.org/10.1109/asscc.2016.7844190,7844190,88.2,crossref_venue_year:2016,publisher_pdf_requires_session,4
Low power FSK transceiver using ADPLL with direct modulation and integrated SPDT for BLE application,Dongsoo Lee; SeongJin Oh; SungJin Kim; CheolHo Lee; ChangHun Song; Jungyeon Kim; WooSeob Kim; Hongjin Kim; Sang-Sun Yoo; Sukkyun Hong; Jeong-Woo Lee; YoungGun Pu; Kang-Yoon Lee,,2016 IEEE Asian Solid-State Circuits Conference (A-SSCC),2016,ASSCC,A,RF/mmWave & Wireline,,10.1109/asscc.2016.7844148,https://ieeexplore.ieee.org/stamp/stamp.jsp?arnumber=7844148,https://doi.org/10.1109/asscc.2016.7844148,7844148,88.2,crossref_venue_year:2016,publisher_pdf_requires_session,6
Multiple-loop design technique for high-performance low dropout regulator,Quoc-Hoang Duong; Jeong-Woon Kong; Hyeon-Seok Shin; Huy-Hieu Nguyen; Pan-Jong Kim; Yu-Seok Ko; Hwa-Yeoul Yu; Ho-Jin Park,,2016 IEEE Asian Solid-State Circuits Conference (A-SSCC),2016,ASSCC,A,RF/mmWave & Wireline,,10.1109/asscc.2016.7844174,https://ieeexplore.ieee.org/stamp/stamp.jsp?arnumber=7844174,https://doi.org/10.1109/asscc.2016.7844174,7844174,88.2,crossref_venue_year:2016,publisher_pdf_requires_session,5
On-chip supply power measurement and waveform reconstruction in a 28nm FD-SOI processor SoC,Martin Cochet; Alberto Puggelli; Ben Keller; Brian Zimmer; Milovan Blagojevic; Sylvain Clerc; Philippe Roche; Jean-Luc Autran; Borivoje Nikolic,,2016 IEEE Asian Solid-State Circuits Conference (A-SSCC),2016,ASSCC,A,Digital IC & Architecture,,10.1109/asscc.2016.7844151,https://ieeexplore.ieee.org/stamp/stamp.jsp?arnumber=7844151,https://doi.org/10.1109/asscc.2016.7844151,7844151,98.1,crossref_venue_year:2016,publisher_pdf_requires_session,2
Panel discussions: AI (Artificial Intelligence) and SoC,,,2016 IEEE Asian Solid-State Circuits Conference (A-SSCC),2016,ASSCC,A,Digital IC & Architecture,,10.1109/asscc.2016.7844214,https://ieeexplore.ieee.org/stamp/stamp.jsp?arnumber=7844214,https://doi.org/10.1109/asscc.2016.7844214,7844214,88,crossref_venue_year:2016,publisher_pdf_requires_session,0
"Reconfigurable, conditional pre-charge SRAM: Lowering read power by leveraging data statistics",Chuhong Duan; Andreas Gotterba; Mahmut E. Sinangil; Anantha P. Chandrakasan,,2016 IEEE Asian Solid-State Circuits Conference (A-SSCC),2016,ASSCC,A,Memory & Compute-in-Memory,,10.1109/asscc.2016.7844164,https://ieeexplore.ieee.org/stamp/stamp.jsp?arnumber=7844164,https://doi.org/10.1109/asscc.2016.7844164,7844164,88,crossref_venue_year:2016,publisher_pdf_requires_session,1
Reprogrammable redundancy for cache V min reduction in a 28nm RISC-V processor,Brian Zimmer; Pi-Feng Chiu; Borivoje Nikolic; Krste Asanovic,,2016 IEEE Asian Solid-State Circuits Conference (A-SSCC),2016,ASSCC,A,Digital IC & Architecture,,10.1109/asscc.2016.7844150,https://ieeexplore.ieee.org/stamp/stamp.jsp?arnumber=7844150,https://doi.org/10.1109/asscc.2016.7844150,7844150,98.1,crossref_venue_year:2016,publisher_pdf_requires_session,3
Time-domain neural network: A 48.5 TSOp/s/W neuromorphic chip optimized for deep learning and CMOS technology,Daisuke Miyashita; Shouhei Kousai; Tomoya Suzuki; Jun Deguchi,,2016 IEEE Asian Solid-State Circuits Conference (A-SSCC),2016,ASSCC,A,General IC,,10.1109/asscc.2016.7844126,https://ieeexplore.ieee.org/stamp/stamp.jsp?arnumber=7844126,https://doi.org/10.1109/asscc.2016.7844126,7844126,108.7,crossref_venue_year:2016,publisher_pdf_requires_session,18
Transformer-based varactor-less 96GHz–110GHz VCO and 89GHz–101GHz QVCO in 65nm CMOS,Xiaolong Liu; Chixiao Chen; Junyan Ren; Howard C. Luong,,2016 IEEE Asian Solid-State Circuits Conference (A-SSCC),2016,ASSCC,A,Clocking & Frequency Generation,,10.1109/asscc.2016.7844209,https://ieeexplore.ieee.org/stamp/stamp.jsp?arnumber=7844209,https://doi.org/10.1109/asscc.2016.7844209,7844209,88.4,crossref_venue_year:2016,publisher_pdf_requires_session,10
Triple-mode photovoltaic power management: Achieving high efficiency against harvesting and load variability,Jiangyi Li; Jae-sun Seo; Ioannis Kymissis; Mingoo Seok,,2016 IEEE Asian Solid-State Circuits Conference (A-SSCC),2016,ASSCC,A,Power Management,,10.1109/asscc.2016.7844192,https://ieeexplore.ieee.org/stamp/stamp.jsp?arnumber=7844192,https://doi.org/10.1109/asscc.2016.7844192,7844192,88,crossref_venue_year:2016,publisher_pdf_requires_session,1
Ultra-low voltage ripple in DC-DC boost converter by the pumping capacitor and wire inductance technique,Chen-Fan Tang; Ke-Horng Chen; Chin-Long Wey; Ying-Hsi Lin; Jian-Ru Lin; Tsung-Yen Tsai,,2016 IEEE Asian Solid-State Circuits Conference (A-SSCC),2016,ASSCC,A,Power Management,,10.1109/asscc.2016.7844195,https://ieeexplore.ieee.org/stamp/stamp.jsp?arnumber=7844195,https://doi.org/10.1109/asscc.2016.7844195,7844195,98.1,crossref_venue_year:2016,publisher_pdf_requires_session,3
Welcome message,,,2016 IEEE Asian Solid-State Circuits Conference (A-SSCC),2016,ASSCC,A,General IC,,10.1109/asscc.2016.7844216,https://ieeexplore.ieee.org/stamp/stamp.jsp?arnumber=7844216,https://doi.org/10.1109/asscc.2016.7844216,7844216,88,crossref_venue_year:2016,publisher_pdf_requires_session,0
0.5 and 1.5 THz monolithic imagers in a 65 nm CMOS adopting a VCO-based signal processing,Suna Kim; Kyoung-Yong Choi; Dae-Woong Park; Joo-Myoung Kim; Seok-Kyun Han; Sang-Gug Lee,,2017 IEEE Asian Solid-State Circuits Conference (A-SSCC),2017,ASSCC,A,Clocking & Frequency Generation,,10.1109/asscc.2017.8240238,https://ieeexplore.ieee.org/stamp/stamp.jsp?arnumber=8240238,https://doi.org/10.1109/asscc.2017.8240238,8240238,88.6,crossref_venue_year:2017,publisher_pdf_requires_session,7
14nm Broadwell Xeon® processor family: Design methodologies and optimizations,Mahesh K Kumashikar; Shridhar G Bendi; Srikanth Nimmagadda; Anup J Deka; Anil Agarwal,,2017 IEEE Asian Solid-State Circuits Conference (A-SSCC),2017,ASSCC,A,Digital IC & Architecture,,10.1109/asscc.2017.8240205,https://ieeexplore.ieee.org/stamp/stamp.jsp?arnumber=8240205,https://doi.org/10.1109/asscc.2017.8240205,8240205,88.6,crossref_venue_year:2017,publisher_pdf_requires_session,7
"25 fJ/bit, 5Mb/s, 0.3 V true random number generator with capacitively-coupled chaos system and dual-edge sampling scheme",Anh Tuan Do; Xin Liu,,2017 IEEE Asian Solid-State Circuits Conference (A-SSCC),2017,ASSCC,A,General IC,,10.1109/asscc.2017.8240216,https://ieeexplore.ieee.org/stamp/stamp.jsp?arnumber=8240216,https://doi.org/10.1109/asscc.2017.8240216,8240216,88.6,crossref_venue_year:2017,publisher_pdf_requires_session,5
"A 0.37mm 2 LTE/Wi-Fi compatible, memory-based, runtime-reconfigurable 2 n 3 m 5 k FFT accelerator integrated with a RISC-V core in 16nm FinFET",Angie Wang; Brian Richards; Palmer Dabbelt; Howard Mao; Stevo Bailey; Jaeduk Han; Eric Chang; James Dunn; Elad Alon; Borivoje Nikolic,,2017 IEEE Asian Solid-State Circuits Conference (A-SSCC),2017,ASSCC,A,Digital IC & Architecture,,10.1109/asscc.2017.8240277,https://ieeexplore.ieee.org/stamp/stamp.jsp?arnumber=8240277,https://doi.org/10.1109/asscc.2017.8240277,8240277,98.7,crossref_venue_year:2017,publisher_pdf_requires_session,9
A 0.40pJ/cycle 981 μm 2 voltage scalable digital frequency generator for SoC clocking,Martin Cochet; Sylvain Clerc; Guenole Lallement; Fady Abouzeid; Philippe Roche; Jean-Luc Autran,,2017 IEEE Asian Solid-State Circuits Conference (A-SSCC),2017,ASSCC,A,Digital IC & Architecture,,10.1109/asscc.2017.8240218,https://ieeexplore.ieee.org/stamp/stamp.jsp?arnumber=8240218,https://doi.org/10.1109/asscc.2017.8240218,8240218,88.4,crossref_venue_year:2017,publisher_pdf_requires_session,0
A 0.44V-1.1V 9-transistor transition-detector and half-path error detection technique for low power applications,Xinchao Shang; Weiwei Shan; Longxing Shi; Xing Wan; Jun Yang,,2017 IEEE Asian Solid-State Circuits Conference (A-SSCC),2017,ASSCC,A,General IC,,10.1109/asscc.2017.8240252,https://ieeexplore.ieee.org/stamp/stamp.jsp?arnumber=8240252,https://doi.org/10.1109/asscc.2017.8240252,8240252,98.6,crossref_venue_year:2017,publisher_pdf_requires_session,5
A 0.5 V 12-bit SAR ADC using adaptive timedomain comparator with noise optimization,Chen-Che Kao; Sung-En Hsieh; Chih-Cheng Hsieh,,2017 IEEE Asian Solid-State Circuits Conference (A-SSCC),2017,ASSCC,A,Analog & Mixed-Signal,,10.1109/asscc.2017.8240254,https://ieeexplore.ieee.org/stamp/stamp.jsp?arnumber=8240254,https://doi.org/10.1109/asscc.2017.8240254,8240254,108.5,crossref_venue_year:2017,publisher_pdf_requires_session,3
A 0.5V BJT-based CMOS thermal sensor in 10-nm FinFET technology,Da Shin Lin; Hao Ping Hong,,2017 IEEE Asian Solid-State Circuits Conference (A-SSCC),2017,ASSCC,A,"Devices, Process & 3D Integration",,10.1109/asscc.2017.8240211,https://ieeexplore.ieee.org/stamp/stamp.jsp?arnumber=8240211,https://doi.org/10.1109/asscc.2017.8240211,8240211,89,crossref_venue_year:2017,publisher_pdf_requires_session,16
A 0.6-V 200-kbps 429-MHz ultra-low-power FSK transceiver in 90-nm CMOS,Chun-Yuan Chiu; Zhen-Cheng Zhang; Tsung-Hsien Lin,,2017 IEEE Asian Solid-State Circuits Conference (A-SSCC),2017,ASSCC,A,RF/mmWave & Wireline,,10.1109/asscc.2017.8240249,https://ieeexplore.ieee.org/stamp/stamp.jsp?arnumber=8240249,https://doi.org/10.1109/asscc.2017.8240249,8240249,88.4,crossref_venue_year:2017,publisher_pdf_requires_session,1
A 1.25pJ/bit 0.048mm 2 AES core with DPA resistance for IoT devices,Shengshuo Lu; Zhengya Zhang; Marios Papaefthymiou,,2017 IEEE Asian Solid-State Circuits Conference (A-SSCC),2017,ASSCC,A,Digital IC & Architecture,,10.1109/asscc.2017.8240217,https://ieeexplore.ieee.org/stamp/stamp.jsp?arnumber=8240217,https://doi.org/10.1109/asscc.2017.8240217,8240217,88.7,crossref_venue_year:2017,publisher_pdf_requires_session,8
"A 1.4Mb 40-nm embedded ReRAM macro with 0.07um 2 bit cell, 2.7mA/100MHz low-power read and hybrid write verify for high endurance application",Chia-Fu Lee; Hon-Jarn Lin; Chiu-Wang Lien; Yu-Der Chih; Jonathan Chang,,2017 IEEE Asian Solid-State Circuits Conference (A-SSCC),2017,ASSCC,A,General IC,,10.1109/asscc.2017.8240203,https://ieeexplore.ieee.org/stamp/stamp.jsp?arnumber=8240203,https://doi.org/10.1109/asscc.2017.8240203,8240203,89.2,crossref_venue_year:2017,publisher_pdf_requires_session,22
A 1.5-GHz sub-sampling fractional-N PLL for spread-spectrum clock generator in 0.18-μm CMOS,Chun-Yu Lin; Tun-Ju Wang; Tsung-Hsien Lin,,2017 IEEE Asian Solid-State Circuits Conference (A-SSCC),2017,ASSCC,A,Clocking & Frequency Generation,,10.1109/asscc.2017.8240264,https://ieeexplore.ieee.org/stamp/stamp.jsp?arnumber=8240264,https://doi.org/10.1109/asscc.2017.8240264,8240264,98.4,crossref_venue_year:2017,publisher_pdf_requires_session,0
A 1.5fJ/conv-step 10b 100kS/s SAR ADC with gain-boosted dynamic comparator,Xiyuan Tang; Long Chen; Jeonggoo Song; Nan Sun,,2017 IEEE Asian Solid-State Circuits Conference (A-SSCC),2017,ASSCC,A,Analog & Mixed-Signal,,10.1109/asscc.2017.8240258,https://ieeexplore.ieee.org/stamp/stamp.jsp?arnumber=8240258,https://doi.org/10.1109/asscc.2017.8240258,8240258,108.9,crossref_venue_year:2017,publisher_pdf_requires_session,13
A 10-GHz multi-purpose reconfigurable built-in self-test circuit for high-speed links,Myungguk Lee; Seungho Han; Jae-Yoon Sim; Hong-June Park; Byungsub Kim,,2017 IEEE Asian Solid-State Circuits Conference (A-SSCC),2017,ASSCC,A,General IC,,10.1109/asscc.2017.8240219,https://ieeexplore.ieee.org/stamp/stamp.jsp?arnumber=8240219,https://doi.org/10.1109/asscc.2017.8240219,8240219,88.6,crossref_venue_year:2017,publisher_pdf_requires_session,7
A 10kHz-BW 93.7dB-SNR chopped ΔΣ ADC with 30V input CM range and 115dB CMRR at 10kHz,Long Xu; Johan H. Huijsing; Kofi A.A. Makinwa,,2017 IEEE Asian Solid-State Circuits Conference (A-SSCC),2017,ASSCC,A,Analog & Mixed-Signal,,10.1109/asscc.2017.8240213,https://ieeexplore.ieee.org/stamp/stamp.jsp?arnumber=8240213,https://doi.org/10.1109/asscc.2017.8240213,8240213,88.5,crossref_venue_year:2017,publisher_pdf_requires_session,4
"A 12.1mW, 60dB SNR, 8-channel beamforming embedded SAR ADC for ultrasound imaging systems",Taehoon Kim; Suhwan Kim,,2017 IEEE Asian Solid-State Circuits Conference (A-SSCC),2017,ASSCC,A,Analog & Mixed-Signal,,10.1109/asscc.2017.8240236,https://ieeexplore.ieee.org/stamp/stamp.jsp?arnumber=8240236,https://doi.org/10.1109/asscc.2017.8240236,8240236,98.5,crossref_venue_year:2017,publisher_pdf_requires_session,4
A 13-bit 160MS/s pipelined subranging-SAR ADC with low-offset dynamic comparator,Weitao Li; Fule Li; Jia Liu; Hongyu Li; Zhihua Wang,,2017 IEEE Asian Solid-State Circuits Conference (A-SSCC),2017,ASSCC,A,Analog & Mixed-Signal,,10.1109/asscc.2017.8240257,https://ieeexplore.ieee.org/stamp/stamp.jsp?arnumber=8240257,https://doi.org/10.1109/asscc.2017.8240257,8240257,108.7,crossref_venue_year:2017,publisher_pdf_requires_session,9
A 130nm 1Mb HfOx embedded RRAM macro using self-adaptive peripheral circuit system techniques for 1.6X work temperature range,Feng Zhang; Dongyu Fan; Yuan Duan; Jin Li; Cong Fang; Yun Li; Xiaowei Han; Lan Dai; Chengying Chen; Jinshun Bi; Ming Liu; Meng-Fan Chang,,2017 IEEE Asian Solid-State Circuits Conference (A-SSCC),2017,ASSCC,A,Memory & Compute-in-Memory,,10.1109/asscc.2017.8240244,https://ieeexplore.ieee.org/stamp/stamp.jsp?arnumber=8240244,https://doi.org/10.1109/asscc.2017.8240244,8240244,88.6,crossref_venue_year:2017,publisher_pdf_requires_session,6
"A 15-μW, 103-fs step, 5-bit capacitor-DAC-based constant-slope digital-to-time converter in 28nm CMOS",Peng Chen; Feifei Zhang; Zhirui Zong; Hao Zheng; Teerachot Siriburanon; Robert Bogdan Staszewski,,2017 IEEE Asian Solid-State Circuits Conference (A-SSCC),2017,ASSCC,A,Analog & Mixed-Signal,,10.1109/asscc.2017.8240224,https://ieeexplore.ieee.org/stamp/stamp.jsp?arnumber=8240224,https://doi.org/10.1109/asscc.2017.8240224,8240224,88.7,crossref_venue_year:2017,publisher_pdf_requires_session,8
A 16-channel TDM analog front-end with enhanced system CMRR for wearable dry EEG recording,Tao Tang; Wang Ling Goh; Lei Yao; Yuan Gao,,2017 IEEE Asian Solid-State Circuits Conference (A-SSCC),2017,ASSCC,A,RF/mmWave & Wireline,,10.1109/asscc.2017.8240209,https://ieeexplore.ieee.org/stamp/stamp.jsp?arnumber=8240209,https://doi.org/10.1109/asscc.2017.8240209,8240209,88.7,crossref_venue_year:2017,publisher_pdf_requires_session,9
"A 16kb column-based split cell-VSS, data-aware write-assisted 9T ultra-low voltage SRAM with enhanced read sensing margin in 28nm FDSOI",M. Sultan M. Siddiqui; Zhao Chuan Lee; Tony Tae-Hyoung Kim,,2017 IEEE Asian Solid-State Circuits Conference (A-SSCC),2017,ASSCC,A,Memory & Compute-in-Memory,,10.1109/asscc.2017.8240242,https://ieeexplore.ieee.org/stamp/stamp.jsp?arnumber=8240242,https://doi.org/10.1109/asscc.2017.8240242,8240242,88.4,crossref_venue_year:2017,publisher_pdf_requires_session,0
A 172dB-FoM pipelined SAR ADC using a regenerative amplifier with self-timed gain control and mixed-signal background calibration,Miguel Gandara; Paridhi Gulati; Nan Sun,,2017 IEEE Asian Solid-State Circuits Conference (A-SSCC),2017,ASSCC,A,Analog & Mixed-Signal,,10.1109/asscc.2017.8240275,https://ieeexplore.ieee.org/stamp/stamp.jsp?arnumber=8240275,https://doi.org/10.1109/asscc.2017.8240275,8240275,108.6,crossref_venue_year:2017,publisher_pdf_requires_session,7
A 173–200 GHz quadrature voltage-controlled oscillator in 130 nm SiGe BiCMOS,Paul Starke; Vincent Ries; Corrado Carta; Frank Ellinger,,2017 IEEE Asian Solid-State Circuits Conference (A-SSCC),2017,ASSCC,A,Clocking & Frequency Generation,,10.1109/asscc.2017.8240225,https://ieeexplore.ieee.org/stamp/stamp.jsp?arnumber=8240225,https://doi.org/10.1109/asscc.2017.8240225,8240225,88.6,crossref_venue_year:2017,publisher_pdf_requires_session,6
A 18-to-23 GHz −253.5dB-FoM sub-harmonically injection-locked ADPLL with ILFD aided adaptive injection timing alignment technique,Zhao Zhang; Jincheng Yang; Liyuan Liu; Peng Feng; Jian Liu; Nanjian Wu,,2017 IEEE Asian Solid-State Circuits Conference (A-SSCC),2017,ASSCC,A,Clocking & Frequency Generation,,10.1109/asscc.2017.8240263,https://ieeexplore.ieee.org/stamp/stamp.jsp?arnumber=8240263,https://doi.org/10.1109/asscc.2017.8240263,8240263,88.4,crossref_venue_year:2017,publisher_pdf_requires_session,1
A 1GHz fault tolerant processor with dynamic lockstep and self-recovering cache for ADAS SoC complying with ISO26262 in automotive electronics,Jinho Han; Youngsu Kwon; Yong Cheol Peter Cho; Hoi-Jun Yoo,,2017 IEEE Asian Solid-State Circuits Conference (A-SSCC),2017,ASSCC,A,Digital IC & Architecture,,10.1109/asscc.2017.8240279,https://ieeexplore.ieee.org/stamp/stamp.jsp?arnumber=8240279,https://doi.org/10.1109/asscc.2017.8240279,8240279,98.6,crossref_venue_year:2017,publisher_pdf_requires_session,7
A 2.1Gbps 12-channel transmitter with phase emphasis embedded serializer for UHD intra-panel interface,Jihwan Park; Joo-Hyung Chae; Yong-Un Jeong; Jae-Whan Lee; Suhwan Kim,,2017 IEEE Asian Solid-State Circuits Conference (A-SSCC),2017,ASSCC,A,RF/mmWave & Wireline,,10.1109/asscc.2017.8240265,https://ieeexplore.ieee.org/stamp/stamp.jsp?arnumber=8240265,https://doi.org/10.1109/asscc.2017.8240265,8240265,98.4,crossref_venue_year:2017,publisher_pdf_requires_session,0
A 2.56mm 2 718GOPS configurable spiking convolutional sparse coding processor in 40nm CMOS,Chester Liu; Sung-Gun Cho; Zhengya Zhang,,2017 IEEE Asian Solid-State Circuits Conference (A-SSCC),2017,ASSCC,A,Digital IC & Architecture,,10.1109/asscc.2017.8240259,https://ieeexplore.ieee.org/stamp/stamp.jsp?arnumber=8240259,https://doi.org/10.1109/asscc.2017.8240259,8240259,88.4,crossref_venue_year:2017,publisher_pdf_requires_session,2
A 2.79-mW 0.5%-THD CMOS current driver IC for portable electrical impedance tomography system,Jaeeun Jang; Minseo Kim; Joonsung Bae; Hoi-Jun Yoo,,2017 IEEE Asian Solid-State Circuits Conference (A-SSCC),2017,ASSCC,A,"EDA, CAD & Verification",,10.1109/asscc.2017.8240237,https://ieeexplore.ieee.org/stamp/stamp.jsp?arnumber=8240237,https://doi.org/10.1109/asscc.2017.8240237,8240237,88.9,crossref_venue_year:2017,publisher_pdf_requires_session,15
A 21mW low-power recurrent neural network accelerator with quantization tables for embedded deep learning applications,Jinmook Lee; Dongjoo Shin; Hoi-Jun Yoo,,2017 IEEE Asian Solid-State Circuits Conference (A-SSCC),2017,ASSCC,A,Digital IC & Architecture,,10.1109/asscc.2017.8240260,https://ieeexplore.ieee.org/stamp/stamp.jsp?arnumber=8240260,https://doi.org/10.1109/asscc.2017.8240260,8240260,88.9,crossref_venue_year:2017,publisher_pdf_requires_session,14
A 350-mV 2.4-GHz quadrature oscillator with nearly instantaneous start-up using series LC tanks,Yue Chen; Masoud Babaie; Robert Bogdan Staszewski,,2017 IEEE Asian Solid-State Circuits Conference (A-SSCC),2017,ASSCC,A,Clocking & Frequency Generation,,10.1109/asscc.2017.8240227,https://ieeexplore.ieee.org/stamp/stamp.jsp?arnumber=8240227,https://doi.org/10.1109/asscc.2017.8240227,8240227,88.8,crossref_venue_year:2017,publisher_pdf_requires_session,11
A 5-bit 2 GS/s binary-search ADC with charge-steering comparators,U-Fat Chio; Sai-Weng Sin; U Seng-Pan; Franco Maloberti; R. P. Martins,,2017 IEEE Asian Solid-State Circuits Conference (A-SSCC),2017,ASSCC,A,Analog & Mixed-Signal,,10.1109/asscc.2017.8240256,https://ieeexplore.ieee.org/stamp/stamp.jsp?arnumber=8240256,https://doi.org/10.1109/asscc.2017.8240256,8240256,98.4,crossref_venue_year:2017,publisher_pdf_requires_session,1
A 5.35 mW 10 MHz bandwidth CT third-order ΔΣ modulator with single Opamp achieving 79.6/84.5 dB SNDR/DR in 65 nm CMOS,Wei Wang; Yan Zhu; Chi-Hang Chan; U Seng-Pan; Rui Paulo Martins,,2017 IEEE Asian Solid-State Circuits Conference (A-SSCC),2017,ASSCC,A,General IC,,10.1109/asscc.2017.8240272,https://ieeexplore.ieee.org/stamp/stamp.jsp?arnumber=8240272,https://doi.org/10.1109/asscc.2017.8240272,8240272,98.4,crossref_venue_year:2017,publisher_pdf_requires_session,0
"A 51Gb/s, 320mW, PAM4 CDR with baud-rate sampling for high-speed optical interconnects",Nan Qi; Yuhang Kang; Qipeng Lin; Jianxu Ma; Jingbo Shi; Bozhi Yin; Chang Liu; Rui Bai; Shang Hu; Juncheng Wang; Jiangbing Du; Lin Ma; Zuyuan He; Ming Liu; Feng Zhang; Patrick Yin Chiang,,2017 IEEE Asian Solid-State Circuits Conference (A-SSCC),2017,ASSCC,A,RF/mmWave & Wireline,,10.1109/asscc.2017.8240223,https://ieeexplore.ieee.org/stamp/stamp.jsp?arnumber=8240223,https://doi.org/10.1109/asscc.2017.8240223,8240223,89.4,crossref_venue_year:2017,publisher_pdf_requires_session,25
A 56Gbps PAM-4 optical receiver front-end,Kuan-Lin Fu; Shen-Iuan Liu,,2017 IEEE Asian Solid-State Circuits Conference (A-SSCC),2017,ASSCC,A,RF/mmWave & Wireline,,10.1109/asscc.2017.8240220,https://ieeexplore.ieee.org/stamp/stamp.jsp?arnumber=8240220,https://doi.org/10.1109/asscc.2017.8240220,8240220,108.7,crossref_venue_year:2017,publisher_pdf_requires_session,9
A 65nm 376nA 0.4V linear classifier using time-based matrix-multiplying ADC with non-linearity aware training,A Anvesha; Arijit Raychowdhury,,2017 IEEE Asian Solid-State Circuits Conference (A-SSCC),2017,ASSCC,A,Analog & Mixed-Signal,,10.1109/asscc.2017.8240278,https://ieeexplore.ieee.org/stamp/stamp.jsp?arnumber=8240278,https://doi.org/10.1109/asscc.2017.8240278,8240278,88.4,crossref_venue_year:2017,publisher_pdf_requires_session,2
A 67 GHz dual injection quadrature VCO with −182.9 dBc/Hz FOM in 90-nm CMOS,Cuei-Ling Hsieh; Hong-Shen Chen; Hou-Ru Pan; Jenny Yi-Chun Liu,,2017 IEEE Asian Solid-State Circuits Conference (A-SSCC),2017,ASSCC,A,Clocking & Frequency Generation,,10.1109/asscc.2017.8240226,https://ieeexplore.ieee.org/stamp/stamp.jsp?arnumber=8240226,https://doi.org/10.1109/asscc.2017.8240226,8240226,88.4,crossref_venue_year:2017,publisher_pdf_requires_session,2
A 72.9-dB SNDR 20-MHz BW 2-2 discrete-time sturdy MASH delta-sigma modulator using source-follower-based integrators,Yong-Sik Kwak; Kang-Il Cho; Ho-Jin Kim; Seung-Hoon Lee; Gil-Cho Ahn,,2017 IEEE Asian Solid-State Circuits Conference (A-SSCC),2017,ASSCC,A,Analog & Mixed-Signal,,10.1109/asscc.2017.8240273,https://ieeexplore.ieee.org/stamp/stamp.jsp?arnumber=8240273,https://doi.org/10.1109/asscc.2017.8240273,8240273,88.6,crossref_venue_year:2017,publisher_pdf_requires_session,5
A 762 µW 16.3-ps resolution digital pulse width modulator using zooming phase-interpolator,Masanobu Tsuji,,2017 IEEE Asian Solid-State Circuits Conference (A-SSCC),2017,ASSCC,A,General IC,,10.1109/asscc.2017.8240269,https://ieeexplore.ieee.org/stamp/stamp.jsp?arnumber=8240269,https://doi.org/10.1109/asscc.2017.8240269,8240269,88.4,crossref_venue_year:2017,publisher_pdf_requires_session,0
A 77-GHz mixed-mode FMCW signal generator based on bang-bang phase detector,Jianfu Lin; Zheng Song; Nan Qi; Woogeun Rhee; Baoyong Chi,,2017 IEEE Asian Solid-State Circuits Conference (A-SSCC),2017,ASSCC,A,General IC,,10.1109/asscc.2017.8240280,https://ieeexplore.ieee.org/stamp/stamp.jsp?arnumber=8240280,https://doi.org/10.1109/asscc.2017.8240280,8240280,88.4,crossref_venue_year:2017,publisher_pdf_requires_session,2
A 7GHz-bandwidth 31.5 GHz FMCW-PLL with novel twin-VCOs structure in 65nm CMOS,Shunli Ma; Jili Sheng; Ning Li; Junyan Ren,,2017 IEEE Asian Solid-State Circuits Conference (A-SSCC),2017,ASSCC,A,Clocking & Frequency Generation,,10.1109/asscc.2017.8240281,https://ieeexplore.ieee.org/stamp/stamp.jsp?arnumber=8240281,https://doi.org/10.1109/asscc.2017.8240281,8240281,98.7,crossref_venue_year:2017,publisher_pdf_requires_session,8
A 82 mW 28 Gb/s PAM-4 digital sequence decoder with built-in error correction in 28nm FDSOI,Masum Hossain; Aurangozeb; A K M Delwar Hossain; Maruf Mohammad,,2017 IEEE Asian Solid-State Circuits Conference (A-SSCC),2017,ASSCC,A,RF/mmWave & Wireline,,10.1109/asscc.2017.8240222,https://ieeexplore.ieee.org/stamp/stamp.jsp?arnumber=8240222,https://doi.org/10.1109/asscc.2017.8240222,8240222,88.4,crossref_venue_year:2017,publisher_pdf_requires_session,1
"A 93μW 11Mbps wireless vital signs monitoring SoC with 3-lead ECG, bio-impedance, and body temperature",Yuxuan Luo; Kok-Hin Teng; Yongfu Li; Wei Mao; Chun-Huat Heng; Yong Lian,,2017 IEEE Asian Solid-State Circuits Conference (A-SSCC),2017,ASSCC,A,Digital IC & Architecture,,10.1109/asscc.2017.8240208,https://ieeexplore.ieee.org/stamp/stamp.jsp?arnumber=8240208,https://doi.org/10.1109/asscc.2017.8240208,8240208,88.7,crossref_venue_year:2017,publisher_pdf_requires_session,8
A CMOS time of flight (TOF) depth image sensor with in-pixel background cancellation and sensitivity improvement using phase shifting readout technique,Ting Liao; Nien-An Lee; Chih-Cheng Hsieh,,2017 IEEE Asian Solid-State Circuits Conference (A-SSCC),2017,ASSCC,A,"Biomedical, Sensor & Imaging IC",,10.1109/asscc.2017.8240234,https://ieeexplore.ieee.org/stamp/stamp.jsp?arnumber=8240234,https://doi.org/10.1109/asscc.2017.8240234,8240234,88.5,crossref_venue_year:2017,publisher_pdf_requires_session,3
A DVS-based burst mode with automatic entrance point control technique in DC-DC boost converter for wearable devices and IoT applications,Chiao-Hung Cheng; Li-Chi Lin; Jian-He Lin; Ke-Horng Chen; Ying-Hsi Lin; Jian-Ru Lin; Tsung-Yen Tsai,,2017 IEEE Asian Solid-State Circuits Conference (A-SSCC),2017,ASSCC,A,Power Management,,10.1109/asscc.2017.8240231,https://ieeexplore.ieee.org/stamp/stamp.jsp?arnumber=8240231,https://doi.org/10.1109/asscc.2017.8240231,8240231,98.4,crossref_venue_year:2017,publisher_pdf_requires_session,2
A compact 87.1-dB DR bandwidth-scalable delta-sigma modulator based on dynamic gain-bandwidth-boosting inverter for audio applications,Young-Ha Hwang; Jun-Eun Park; Deog-Kyoon Jeong,,2017 IEEE Asian Solid-State Circuits Conference (A-SSCC),2017,ASSCC,A,Analog & Mixed-Signal,,10.1109/asscc.2017.8240274,https://ieeexplore.ieee.org/stamp/stamp.jsp?arnumber=8240274,https://doi.org/10.1109/asscc.2017.8240274,8240274,88.6,crossref_venue_year:2017,publisher_pdf_requires_session,6
A dual-axis MEMS vibratory gyroscope ASIC with 0.0061°/s/VHz noise floor over 480 Hz bandwidth,Zhichao Tan; Khiem Nguyen; Jeff Yan; Howard Samuels; Shane Keating; Paul Crocker; Bill Clark,,2017 IEEE Asian Solid-State Circuits Conference (A-SSCC),2017,ASSCC,A,General IC,,10.1109/asscc.2017.8240206,https://ieeexplore.ieee.org/stamp/stamp.jsp?arnumber=8240206,https://doi.org/10.1109/asscc.2017.8240206,8240206,98.9,crossref_venue_year:2017,publisher_pdf_requires_session,13
A dynamic power reduction in synchronous 2RW 8T dual-port SRAM by adjusting wordline pulse timing with same/different row access mode,Yoshisato Yokoyama; Yuichiro Ishii; Haruyuki Okuda; Koji Nii,,2017 IEEE Asian Solid-State Circuits Conference (A-SSCC),2017,ASSCC,A,Memory & Compute-in-Memory,,10.1109/asscc.2017.8240204,https://ieeexplore.ieee.org/stamp/stamp.jsp?arnumber=8240204,https://doi.org/10.1109/asscc.2017.8240204,8240204,88.6,crossref_venue_year:2017,publisher_pdf_requires_session,5
"A fully-synthesizable C-element based PUF featuring temperature variation compensation with native 2.8% BER, 1.02fJ/b at 0.8–1.0V in 40nm",Sachin Taneja; Anastacia Alvarez; Gopalakrishnan Sadagopan; Massimo Alioto,,2017 IEEE Asian Solid-State Circuits Conference (A-SSCC),2017,ASSCC,A,Security & Reliability,,10.1109/asscc.2017.8240276,https://ieeexplore.ieee.org/stamp/stamp.jsp?arnumber=8240276,https://doi.org/10.1109/asscc.2017.8240276,8240276,88.4,crossref_venue_year:2017,publisher_pdf_requires_session,2
A high efficiency and fast transient digital low-dropout assisted switched-capacitor converter for EMI-free Internet of Everything (IoE) systems,Shao-Qi Chen; Yen-Ting Lin; Yu-Sheng Ma; Wen-Hau Yang; Ke-Horng Chen; Ying-Hsi Lin; Jian-Ru Lin; Tsung-Yen Tsai,,2017 IEEE Asian Solid-State Circuits Conference (A-SSCC),2017,ASSCC,A,Power Management,,10.1109/asscc.2017.8240233,https://ieeexplore.ieee.org/stamp/stamp.jsp?arnumber=8240233,https://doi.org/10.1109/asscc.2017.8240233,8240233,88.4,crossref_venue_year:2017,publisher_pdf_requires_session,1
"A high-speed DDFS MMIC with frequency, phase and amplitude modulations in 65nm CMOS",Abdel Martinez Alonso; Masaya Miyahara; Akira Matsuzawa,,2017 IEEE Asian Solid-State Circuits Conference (A-SSCC),2017,ASSCC,A,General IC,,10.1109/asscc.2017.8240246,https://ieeexplore.ieee.org/stamp/stamp.jsp?arnumber=8240246,https://doi.org/10.1109/asscc.2017.8240246,8240246,98.4,crossref_venue_year:2017,publisher_pdf_requires_session,1
A low-power PAM4 receiver using 1/4-rate sampling decoder with adaptive variable-gain rectification,Guang Zhu; Quan Pan; John Zhuang; Charlie Zhi; C. Patrick Yue,,2017 IEEE Asian Solid-State Circuits Conference (A-SSCC),2017,ASSCC,A,RF/mmWave & Wireline,,10.1109/asscc.2017.8240221,https://ieeexplore.ieee.org/stamp/stamp.jsp?arnumber=8240221,https://doi.org/10.1109/asscc.2017.8240221,8240221,88.7,crossref_venue_year:2017,publisher_pdf_requires_session,8
A low-power dual-mode 20-Gb/s NRZ and 28-Gb/s PAM-4 voltage-mode transmitter,Hae-Woong Yang; Ashkan Roshan-Zamir; Young-Hoon Song; Samuel Palermo,,2017 IEEE Asian Solid-State Circuits Conference (A-SSCC),2017,ASSCC,A,RF/mmWave & Wireline,,10.1109/asscc.2017.8240266,https://ieeexplore.ieee.org/stamp/stamp.jsp?arnumber=8240266,https://doi.org/10.1109/asscc.2017.8240266,8240266,99,crossref_venue_year:2017,publisher_pdf_requires_session,16
A low-voltage low-offset dual strong-arm latch comparator,Aikaterini Papadopoulou; Vladimir Milovanovic; Borivoje Nikolic,,2017 IEEE Asian Solid-State Circuits Conference (A-SSCC),2017,ASSCC,A,Analog & Mixed-Signal,,10.1109/asscc.2017.8240271,https://ieeexplore.ieee.org/stamp/stamp.jsp?arnumber=8240271,https://doi.org/10.1109/asscc.2017.8240271,8240271,88.4,crossref_venue_year:2017,publisher_pdf_requires_session,0
A programmable RFSoC in 16nm FinFET technology for wideband communications,Brendan Farley; Ali Boumaalif; Patrick Lynch; Conrado Mesadri; David Melinn; Kwee Peng Yap; Liam Madden; Christophe Erdmann; Bruno Vaz; John McGrath; Edward Cullen; Bob Verbruggen; Roberto Pelliconi; Daire Breathnach; Peng Lim,,2017 IEEE Asian Solid-State Circuits Conference (A-SSCC),2017,ASSCC,A,RF/mmWave & Wireline,,10.1109/asscc.2017.8240201,https://ieeexplore.ieee.org/stamp/stamp.jsp?arnumber=8240201,https://doi.org/10.1109/asscc.2017.8240201,8240201,88.8,crossref_venue_year:2017,publisher_pdf_requires_session,11
A reconfigurable analog baseband transformer for multistandard applications in 14nm FinFET CMOS,Jongmi Lee; Jongwoo Lee; Chilun Lo; Jaehoon Lee; In-Young Lee; Byungki Han; Seunghyun Oh; Thomas Cho,,2017 IEEE Asian Solid-State Circuits Conference (A-SSCC),2017,ASSCC,A,"Devices, Process & 3D Integration",,10.1109/asscc.2017.8240202,https://ieeexplore.ieee.org/stamp/stamp.jsp?arnumber=8240202,https://doi.org/10.1109/asscc.2017.8240202,8240202,88.4,crossref_venue_year:2017,publisher_pdf_requires_session,1
"A reconfigurable dual-band WiFi/BT combo transceiver with integrated 2G/BT SP3T, LNA/PA achieving concurrent receiving and wide dynamic range transmitting in 40nm CMOS",Meng-Hsiung Hung; Yi-Shing Shih; Chin-Fu Li; Wei-Kai Hong; Ming-Yeh Hsu; Chih-Hao Chen; Yu-Lun Chen; Chun-Wei Lin; Yuan-Hung Chung,,2017 IEEE Asian Solid-State Circuits Conference (A-SSCC),2017,ASSCC,A,RF/mmWave & Wireline,,10.1109/asscc.2017.8240245,https://ieeexplore.ieee.org/stamp/stamp.jsp?arnumber=8240245,https://doi.org/10.1109/asscc.2017.8240245,8240245,88.4,crossref_venue_year:2017,publisher_pdf_requires_session,1
A self-powered always-on vision-based wake-up detector for wearable gesture user interfaces,Suhwan Cho; Seongrim Choi; Junsik Woo; Ara Kim; Byeong-Gyu Nam,,2017 IEEE Asian Solid-State Circuits Conference (A-SSCC),2017,ASSCC,A,RF/mmWave & Wireline,,10.1109/asscc.2017.8240262,https://ieeexplore.ieee.org/stamp/stamp.jsp?arnumber=8240262,https://doi.org/10.1109/asscc.2017.8240262,8240262,88.5,crossref_venue_year:2017,publisher_pdf_requires_session,3
A single-inductor triple-input-triple-output (SITITO) energy harvesting interface with cycle-by-cycle source tracking and adaptive peak-inductor-current control,Chi-Wei Liu; Ming-Jie Chung; Hui-Hsuan Lee; Pei-Chun Liao; Po-Hung Chen,,2017 IEEE Asian Solid-State Circuits Conference (A-SSCC),2017,ASSCC,A,RF/mmWave & Wireline,,10.1109/asscc.2017.8240229,https://ieeexplore.ieee.org/stamp/stamp.jsp?arnumber=8240229,https://doi.org/10.1109/asscc.2017.8240229,8240229,88.6,crossref_venue_year:2017,publisher_pdf_requires_session,7
A smart-offset analog LDO with 0.3V minimum input voltage and 99.1% current efficiency,Saurabh Chaubey; Ramesh Harjani,,2017 IEEE Asian Solid-State Circuits Conference (A-SSCC),2017,ASSCC,A,Power Management,,10.1109/asscc.2017.8240268,https://ieeexplore.ieee.org/stamp/stamp.jsp?arnumber=8240268,https://doi.org/10.1109/asscc.2017.8240268,8240268,88.6,crossref_venue_year:2017,publisher_pdf_requires_session,7
A wide load and voltage range switched-capacitor DC-DC converter with load-dependent configurability for DVS implementation in miniature sensors,Hassan Saif; Yongmin Lee; Minsun Kim; Hyeonji Lee; Muhammad Bilawal Khan; Yoonmyung Lee,,2017 IEEE Asian Solid-State Circuits Conference (A-SSCC),2017,ASSCC,A,Power Management,,10.1109/asscc.2017.8240232,https://ieeexplore.ieee.org/stamp/stamp.jsp?arnumber=8240232,https://doi.org/10.1109/asscc.2017.8240232,8240232,88.6,crossref_venue_year:2017,publisher_pdf_requires_session,7
"A −121dBm sensitivity, 2μJ/bit Rx, 8.8μJ/bit Tx, narrowband transceiver for ARIB STD and IoT",M. Kumarasamy Raja; Zhao Bin; Yan Dan Lei; Zhang Hongbao; Lim Wei Yi; Chemmanda John Leo,,2017 IEEE Asian Solid-State Circuits Conference (A-SSCC),2017,ASSCC,A,RF/mmWave & Wireline,,10.1109/asscc.2017.8240247,https://ieeexplore.ieee.org/stamp/stamp.jsp?arnumber=8240247,https://doi.org/10.1109/asscc.2017.8240247,8240247,88.4,crossref_venue_year:2017,publisher_pdf_requires_session,2
A −245 dB FOM 48 fs rms jitter semi-digital PLL with intrinsic temperature compensation in 130 nm CMOS,J. Anders; S. Bader; M. Dietl; P. Sareen; G. Rombach; S. Tambouris; M. Ortmanns,,2017 IEEE Asian Solid-State Circuits Conference (A-SSCC),2017,ASSCC,A,Clocking & Frequency Generation,,10.1109/asscc.2017.8240282,https://ieeexplore.ieee.org/stamp/stamp.jsp?arnumber=8240282,https://doi.org/10.1109/asscc.2017.8240282,8240282,98.6,crossref_venue_year:2017,publisher_pdf_requires_session,5
An 82% energy-saving change-sensing flip-flop in 40nm CMOS for ultra-low power applications,Van Loi Le; Juhui Li; Alan Chang; Tony T. Kim,,2017 IEEE Asian Solid-State Circuits Conference (A-SSCC),2017,ASSCC,A,General IC,,10.1109/asscc.2017.8240250,https://ieeexplore.ieee.org/stamp/stamp.jsp?arnumber=8240250,https://doi.org/10.1109/asscc.2017.8240250,8240250,98.6,crossref_venue_year:2017,publisher_pdf_requires_session,5
An 88% efficiency MPPT for PV energy harvesting system with novel switch width modulation for output power 100nW to 0.3mW,Karim Rawy; Taegeun Yoo; Tony T. Kim,,2017 IEEE Asian Solid-State Circuits Conference (A-SSCC),2017,ASSCC,A,Power Management,,10.1109/asscc.2017.8240230,https://ieeexplore.ieee.org/stamp/stamp.jsp?arnumber=8240230,https://doi.org/10.1109/asscc.2017.8240230,8240230,88.4,crossref_venue_year:2017,publisher_pdf_requires_session,2
An area-efficient amplifier-less digitally-controlled li-ion battery charger in 0.35μm CMOS,Sheng-Ying Lin; Tsung-Hsien Lin,,2017 IEEE Asian Solid-State Circuits Conference (A-SSCC),2017,ASSCC,A,Analog & Mixed-Signal,,10.1109/asscc.2017.8240210,https://ieeexplore.ieee.org/stamp/stamp.jsp?arnumber=8240210,https://doi.org/10.1109/asscc.2017.8240210,8240210,88.5,crossref_venue_year:2017,publisher_pdf_requires_session,3
An area-efficient capacitively-coupled sensor readout circuit with current-splitting OTA and FIR-DAC,Chih-Chan Tu; Feng-Wen Lee; Han-Chun Chen; Yu-Kai Wang; Tsung-Hsien Lin,,2017 IEEE Asian Solid-State Circuits Conference (A-SSCC),2017,ASSCC,A,Analog & Mixed-Signal,,10.1109/asscc.2017.8240215,https://ieeexplore.ieee.org/stamp/stamp.jsp?arnumber=8240215,https://doi.org/10.1109/asscc.2017.8240215,8240215,88.6,crossref_venue_year:2017,publisher_pdf_requires_session,5
An element-matched band-pass delta-sigma ADC for ultrasound imaging,Michele D'Urbino; Chao Chen; Zhao Chen; Zu-Yao Chang; Jacco Ponte; nBoris Lippe; Michiel Pertijs,,2017 IEEE Asian Solid-State Circuits Conference (A-SSCC),2017,ASSCC,A,Analog & Mixed-Signal,,10.1109/asscc.2017.8240235,https://ieeexplore.ieee.org/stamp/stamp.jsp?arnumber=8240235,https://doi.org/10.1109/asscc.2017.8240235,8240235,98.4,crossref_venue_year:2017,publisher_pdf_requires_session,1
An energy-efficient self-charged crystal oscillator with a quadrature-phase shifter technique,Wei-Sung Chang; Dai-En Jhou; Yu-Hong Yang; Tai-Cheng Lee,,2017 IEEE Asian Solid-State Circuits Conference (A-SSCC),2017,ASSCC,A,Clocking & Frequency Generation,,10.1109/asscc.2017.8240214,https://ieeexplore.ieee.org/stamp/stamp.jsp?arnumber=8240214,https://doi.org/10.1109/asscc.2017.8240214,8240214,88.5,crossref_venue_year:2017,publisher_pdf_requires_session,3
"An energy-optimized (37840, 34320) symmetric BC-BCH decoder for healthy mobile storages",Seokha Hwang; Jaehwan Jung; Daesung Kim; Jeongseok Ha; In-Cheol Park; Youngjoo Lee,,2017 IEEE Asian Solid-State Circuits Conference (A-SSCC),2017,ASSCC,A,General IC,,10.1109/asscc.2017.8240243,https://ieeexplore.ieee.org/stamp/stamp.jsp?arnumber=8240243,https://doi.org/10.1109/asscc.2017.8240243,8240243,88.6,crossref_venue_year:2017,publisher_pdf_requires_session,5
An ultra-low phase noise all-digital multi-frequency generator using injection-locked DCOs and time-interleaved calibration,Suneui Park; Heein Yoon; Jaehyouk Choi,,2017 IEEE Asian Solid-State Circuits Conference (A-SSCC),2017,ASSCC,A,Clocking & Frequency Generation,,10.1109/asscc.2017.8240283,https://ieeexplore.ieee.org/stamp/stamp.jsp?arnumber=8240283,https://doi.org/10.1109/asscc.2017.8240283,8240283,88.4,crossref_venue_year:2017,publisher_pdf_requires_session,1
An ultra-low power 169-nA 32.768-kHz fractional-N PLL,Chun-Yu Lin; Tun-Ju Wang; Tzu-Hsuan Liu; Tsung-Hsien Lin,,2017 IEEE Asian Solid-State Circuits Conference (A-SSCC),2017,ASSCC,A,Clocking & Frequency Generation,,10.1109/asscc.2017.8240212,https://ieeexplore.ieee.org/stamp/stamp.jsp?arnumber=8240212,https://doi.org/10.1109/asscc.2017.8240212,8240212,88.4,crossref_venue_year:2017,publisher_pdf_requires_session,1
Asian Chapter Chairs Meeting at A-SSCC 2016 [Society News],Stefan Rusu,,IEEE Solid-State Circuits Magazine,2017,ASSCC,A,Digital IC & Architecture,Presents SSCS society chapter events and meetings.,10.1109/mssc.2017.2689279,https://ieeexplore.ieee.org/stamp/stamp.jsp?arnumber=2689279,https://doi.org/10.1109/mssc.2017.2689279,2689279,88.4,venue_year_search:2017,publisher_pdf_requires_session,0
"Chaos, deterministic non-periodic flow, for chip-package-board interactive PUF",Noriyuki Miura; Masanori Takahashi; Kazuki Nagatomo; Makoto Nagata,,2017 IEEE Asian Solid-State Circuits Conference (A-SSCC),2017,ASSCC,A,Security & Reliability,,10.1109/asscc.2017.8240207,https://ieeexplore.ieee.org/stamp/stamp.jsp?arnumber=8240207,https://doi.org/10.1109/asscc.2017.8240207,8240207,88.5,crossref_venue_year:2017,publisher_pdf_requires_session,3
Detection of 3.0 THz wave with a detector in 65 nm standard CMOS process,Tong Fang; Zhao-yang Liu; Li-yuan Liu; Yuan-yuan Li; Jun-qi Liu; Jian Liu; Nan-jian Wu,,2017 IEEE Asian Solid-State Circuits Conference (A-SSCC),2017,ASSCC,A,General IC,,10.1109/asscc.2017.8240248,https://ieeexplore.ieee.org/stamp/stamp.jsp?arnumber=8240248,https://doi.org/10.1109/asscc.2017.8240248,8240248,98.9,crossref_venue_year:2017,publisher_pdf_requires_session,15
Dual-loop 2-step ZQ calibration for dedicated power supply voltage in LPDDR4 SDRAM,Chang-Kyo Lee; Junha Lee; Ki-Ho Kim; Jin-Seok Heo; Gil-Hoon Cha; Jin-Hyeok Baek; Dae-Sik Moon; Yoon-Joo Eom; Tae-Sung Kim; Hyunyoon Cho; Younghoon Son; Seonghwan Kim; Jong-Wook Park; Sewon Eom; Si-Hyeong Cho; Young-Ryeol Choi; Seungseob Lee; Kyoung-Soo Ha; Youngseok Kim; Bo-Tak Lim; Dae-Hee Jung; Eungsung Seo; Kyoung-Ho Kim; Yoon-Gyu Song; Youn-Sik Park; Tae-Young Oh; Seung-Jun Bae; In-Dal Song; Seok-Hun Hyun; Joon-Young Park; Hyuck-Joon Kwon; Young-Soo Sohn; Jung-Hwan Choi; Kwang-Il Park; Seong-Jin Jang,,2017 IEEE Asian Solid-State Circuits Conference (A-SSCC),2017,ASSCC,A,Memory & Compute-in-Memory,,10.1109/asscc.2017.8240239,https://ieeexplore.ieee.org/stamp/stamp.jsp?arnumber=8240239,https://doi.org/10.1109/asscc.2017.8240239,8240239,98.7,crossref_venue_year:2017,publisher_pdf_requires_session,8
EQSCALE: Energy-quality scalable feature extraction engine for Sub-mW real-time video processing with 0.55 mm 2 area in 40nm CMOS,Anastacia B. Alvarez; Gopalakrishnan Ponnusamy; Massimo Alioto,,2017 IEEE Asian Solid-State Circuits Conference (A-SSCC),2017,ASSCC,A,General IC,,10.1109/asscc.2017.8240261,https://ieeexplore.ieee.org/stamp/stamp.jsp?arnumber=8240261,https://doi.org/10.1109/asscc.2017.8240261,8240261,98.6,crossref_venue_year:2017,publisher_pdf_requires_session,5
Fully-integrated AMLED micro display system with a hybrid voltage regulator,Junmin Jiang; Liusheng Sun; Xu Zhang; Shing Hin Yuen; Xianbo Li; Wing-Hung Ki; C. Patrick Yue; Kei May Lau,,2017 IEEE Asian Solid-State Circuits Conference (A-SSCC),2017,ASSCC,A,Power Management,,10.1109/asscc.2017.8240270,https://ieeexplore.ieee.org/stamp/stamp.jsp?arnumber=8240270,https://doi.org/10.1109/asscc.2017.8240270,8240270,88.8,crossref_venue_year:2017,publisher_pdf_requires_session,10
HTD: A light-weight holosymmetrical transition detector based in-situ timing monitoring technique for wide-voltage-range in 40nm CMOS,Wentao Dai; Weiwei Shan; Xinning Liu; Jun Yang,,2017 IEEE Asian Solid-State Circuits Conference (A-SSCC),2017,ASSCC,A,General IC,,10.1109/asscc.2017.8240253,https://ieeexplore.ieee.org/stamp/stamp.jsp?arnumber=8240253,https://doi.org/10.1109/asscc.2017.8240253,8240253,98.4,crossref_venue_year:2017,publisher_pdf_requires_session,2
Introduction to the Special Section on the 2016 Asian Solid-State Circuits Conference (A-SSCC 2016),Deog‐Kyoon Jeong; Jaeha Kim,Seoul National University,IEEE Journal of Solid-State Circuits,2017,ASSCC,A,General IC,"This Special Section of the IEEE Journal of Solid-State Circuits includes some of the highlights of the excellent papers from the 2016 Asian Solid-State Circuits Conference (A-SSCC 2016) held in Toyama, Japan, from November 7 to 9, 2016.",10.1109/jssc.2017.2741761,https://ieeexplore.ieee.org/stamp/stamp.jsp?arnumber=2741761,https://doi.org/10.1109/jssc.2017.2741761,2741761,88.4,venue_year_search:2017,publisher_pdf_requires_session,0
MLC/3LC NAND flash SSD cache with asymmetric error reduction huffman coding for tiered hierarchical storage,Hikaru Watanabe; Yoshiaki Deguchi; Ken Takeuchi,,2017 IEEE Asian Solid-State Circuits Conference (A-SSCC),2017,ASSCC,A,Memory & Compute-in-Memory,,10.1109/asscc.2017.8240240,https://ieeexplore.ieee.org/stamp/stamp.jsp?arnumber=8240240,https://doi.org/10.1109/asscc.2017.8240240,8240240,88.7,crossref_venue_year:2017,publisher_pdf_requires_session,8
NBTI/PBTI separated BTI monitor with 4.2x sensitivity by standard cell based unbalanced ring oscillator,Mitsuhiko Igarashi; Yoshio Takazawa; Yasumasa Tsukamoto; Kan Takeuchi; Koji Shibutani,,2017 IEEE Asian Solid-State Circuits Conference (A-SSCC),2017,ASSCC,A,Clocking & Frequency Generation,,10.1109/asscc.2017.8240251,https://ieeexplore.ieee.org/stamp/stamp.jsp?arnumber=8240251,https://doi.org/10.1109/asscc.2017.8240251,8240251,88.7,crossref_venue_year:2017,publisher_pdf_requires_session,8
On-chip spur and phase noise cancellation techniques,Yi-An Li; Monte Mar; Borivoje Nikolic; Ali M. Niknejad,,2017 IEEE Asian Solid-State Circuits Conference (A-SSCC),2017,ASSCC,A,General IC,,10.1109/asscc.2017.8240228,https://ieeexplore.ieee.org/stamp/stamp.jsp?arnumber=8240228,https://doi.org/10.1109/asscc.2017.8240228,8240228,108.4,crossref_venue_year:2017,publisher_pdf_requires_session,2
Range pre-selection sampling technique to reduce input drive energy for SAR ADCs,Harijot Singh Bindra; Joeri Lechevallier; Anne-Johan Annema; Simon Louwsma; Ed van Tuijl; Bram Nauta,,2017 IEEE Asian Solid-State Circuits Conference (A-SSCC),2017,ASSCC,A,Analog & Mixed-Signal,,10.1109/asscc.2017.8240255,https://ieeexplore.ieee.org/stamp/stamp.jsp?arnumber=8240255,https://doi.org/10.1109/asscc.2017.8240255,8240255,98.7,crossref_venue_year:2017,publisher_pdf_requires_session,9
Subthreshold voltage reference with nwell/psub diode leakage compensation for low-power high-temperature systems,Inhee Lee; Dennis Sylvester; David Blaauw,,2017 IEEE Asian Solid-State Circuits Conference (A-SSCC),2017,ASSCC,A,Analog & Mixed-Signal,,10.1109/asscc.2017.8240267,https://ieeexplore.ieee.org/stamp/stamp.jsp?arnumber=8240267,https://doi.org/10.1109/asscc.2017.8240267,8240267,89.1,crossref_venue_year:2017,publisher_pdf_requires_session,18
Word-line batch Vth modulation of TLC NAND flash memories for both write-hot and cold data,Yoshiaki Deguchi; Ken Takeuchi,,2017 IEEE Asian Solid-State Circuits Conference (A-SSCC),2017,ASSCC,A,Memory & Compute-in-Memory,,10.1109/asscc.2017.8240241,https://ieeexplore.ieee.org/stamp/stamp.jsp?arnumber=8240241,https://doi.org/10.1109/asscc.2017.8240241,8240241,89,crossref_venue_year:2017,publisher_pdf_requires_session,17
31.3 μs/Signature-Generation 256-bit 𝔽 p ECDSA Cryptoprocessor,Shotaro Sugiyama; Hiromitsu Awano; Makoto Ikeda,,2018 IEEE Asian Solid-State Circuits Conference (A-SSCC),2018,ASSCC,A,Digital IC & Architecture,,10.1109/asscc.2018.8579287,https://ieeexplore.ieee.org/stamp/stamp.jsp?arnumber=8579287,https://doi.org/10.1109/asscc.2018.8579287,8579287,89,crossref_venue_year:2018,publisher_pdf_requires_session,8
40-nm 64-kbit Buffer/Backup SRAM with 330 nW Standby Power at 65°C Using 3.3 V IO MOSs for PMIC less MCU in IoT Applications,Yoshisato Yokoyama; Tomohiro Miura; Yukari Ouchi; Daisuke Nakamura; Jiro Ishikawa; Shunya Nagata; Makoto Yabuuchi; Yuichiro Ishii; Koji Nii,,2018 IEEE Asian Solid-State Circuits Conference (A-SSCC),2018,ASSCC,A,Power Management,,10.1109/asscc.2018.8579327,https://ieeexplore.ieee.org/stamp/stamp.jsp?arnumber=8579327,https://doi.org/10.1109/asscc.2018.8579327,8579327,88.8,crossref_venue_year:2018,publisher_pdf_requires_session,2
A 0.25-27Gb/s Wideband PAM4/NRZ Transceiver with Adaptive Power CDR for 8K System,Yoshihide Komatsu; Akinori Shinmyo; Masami Funabashi; Shuji Kato; Kazuya Hatooka; Kenji Tanaka; Mayuko Fujita; Kouichi Fukuda,,2018 IEEE Asian Solid-State Circuits Conference (A-SSCC),2018,ASSCC,A,RF/mmWave & Wireline,,10.1109/asscc.2018.8579330,https://ieeexplore.ieee.org/stamp/stamp.jsp?arnumber=8579330,https://doi.org/10.1109/asscc.2018.8579330,8579330,98.7,crossref_venue_year:2018,publisher_pdf_requires_session,1
A 0.46-2.1 GHz Spurious and Oscillator-Pulling Free LO Generator for Cellular NB-IoT Transmitter with 23 dBm Integrated PAs in 28nm CMOS,Jaewon Choi; Nam-Seog Kim; Juyoung Han; Thomas B. Cho,,2018 IEEE Asian Solid-State Circuits Conference (A-SSCC),2018,ASSCC,A,RF/mmWave & Wireline,,10.1109/asscc.2018.8579320,https://ieeexplore.ieee.org/stamp/stamp.jsp?arnumber=8579320,https://doi.org/10.1109/asscc.2018.8579320,8579320,88.9,crossref_venue_year:2018,publisher_pdf_requires_session,5
A 0.46V-1.1V Transition-Detector with In-Situ Timing-Error Detection and Correction Based on Pulsed-Latch Design in AES Accelerator,Xinchao Shang; Weiwei Shan; Jiaming Xu; Minyi Lu; Yiming Xiang; Longxing Shi; Jun Yang,,2018 IEEE Asian Solid-State Circuits Conference (A-SSCC),2018,ASSCC,A,Digital IC & Architecture,,10.1109/asscc.2018.8579321,https://ieeexplore.ieee.org/stamp/stamp.jsp?arnumber=8579321,https://doi.org/10.1109/asscc.2018.8579321,8579321,98.9,crossref_venue_year:2018,publisher_pdf_requires_session,4
A 0.6-to-1V 10k-to-100kHz BW 11.7b-ENOB Noise-Shaping SAR ADC for IoT sensor applications in 28-nm CMOS,Young-Ha Hwang; Yoonho Song; Jun-Eun Park; Deog-Kyoon Jeong,,2018 IEEE Asian Solid-State Circuits Conference (A-SSCC),2018,ASSCC,A,Analog & Mixed-Signal,,10.1109/asscc.2018.8579290,https://ieeexplore.ieee.org/stamp/stamp.jsp?arnumber=8579290,https://doi.org/10.1109/asscc.2018.8579290,8579290,99.4,crossref_venue_year:2018,publisher_pdf_requires_session,17
A 0.6V 1.63fJ/c.-s. Detective Open-Loop Dynamic System Buffer for SAR ADC in Zero-Capacitor TDDI System,Yao-Sheng Hu; Li-Yu Huang; Hsin-Shu Chen,,2018 IEEE Asian Solid-State Circuits Conference (A-SSCC),2018,ASSCC,A,Analog & Mixed-Signal,,10.1109/asscc.2018.8579298,https://ieeexplore.ieee.org/stamp/stamp.jsp?arnumber=8579298,https://doi.org/10.1109/asscc.2018.8579298,8579298,98.7,crossref_venue_year:2018,publisher_pdf_requires_session,1
A 1-V 3.1-ppm/°C 0.8-μW Bandgap Reference with Piecewise Exponential Curvature Compensation,Hongrui Luo; Quan Sun; Ruizhi Zhang; Hong Zhang,,2018 IEEE Asian Solid-State Circuits Conference (A-SSCC),2018,ASSCC,A,Analog & Mixed-Signal,,10.1109/asscc.2018.8579316,https://ieeexplore.ieee.org/stamp/stamp.jsp?arnumber=8579316,https://doi.org/10.1109/asscc.2018.8579316,8579316,99.3,crossref_venue_year:2018,publisher_pdf_requires_session,15
A 1.6-GHz 3.3-mW 1.5-MHz Wide Bandwidth ΔΣ Fractional-N PLL with a Single Path FIR Phase Noise Filtering,Jingcheng Tao; Chun-Huat Heng,,2018 IEEE Asian Solid-State Circuits Conference (A-SSCC),2018,ASSCC,A,Analog & Mixed-Signal,,10.1109/asscc.2018.8579328,https://ieeexplore.ieee.org/stamp/stamp.jsp?arnumber=8579328,https://doi.org/10.1109/asscc.2018.8579328,8579328,88.9,crossref_venue_year:2018,publisher_pdf_requires_session,4
A 10-Bit 1026-Channel Column Driver IC with Partially Segmented Piecewise Linear Digital-to-Analog Converters for Ultra-High-Definition TFT-LCDs with One Billion Color Display,Chih-Wen Lu; You-Gang Chang; Xing-Wei Huang; Jhih-Siou Cheng; Po-Yu Tseng; Chih-Hsien Chou,,2018 IEEE Asian Solid-State Circuits Conference (A-SSCC),2018,ASSCC,A,Analog & Mixed-Signal,,10.1109/asscc.2018.8579324,https://ieeexplore.ieee.org/stamp/stamp.jsp?arnumber=8579324,https://doi.org/10.1109/asscc.2018.8579324,8579324,88.9,crossref_venue_year:2018,publisher_pdf_requires_session,5
"A 10-Gb/s, 0.03-mm 2 , 1.28-pJ/bit Half-Rate All-Digital Injection-Locked Clock and Data Recovery with Maximum Timing-Margin Tracking Loop",Min-Seong Choo; Han-Gon Ko; Sung-Yong Cho; Kwangho Lee; Deog-Kyoon Jeong,,2018 IEEE Asian Solid-State Circuits Conference (A-SSCC),2018,ASSCC,A,General IC,,10.1109/asscc.2018.8579270,https://ieeexplore.ieee.org/stamp/stamp.jsp?arnumber=8579270,https://doi.org/10.1109/asscc.2018.8579270,8579270,88.7,crossref_venue_year:2018,publisher_pdf_requires_session,1
A 104.8TOPS/W One-Shot Time-Based Neuromorphic Chip Employing Dynamic Threshold Error Correction in 65nm,Luke R. Everson; Muqing Liu; Nakul Pande; Chris H. Kim,,2018 IEEE Asian Solid-State Circuits Conference (A-SSCC),2018,ASSCC,A,General IC,,10.1109/asscc.2018.8579302,https://ieeexplore.ieee.org/stamp/stamp.jsp?arnumber=8579302,https://doi.org/10.1109/asscc.2018.8579302,8579302,98.9,crossref_venue_year:2018,publisher_pdf_requires_session,5
A 12-Gb/s AC-Coupled FFE TX With Adaptive Relaxed Impedance Matching Achieving Adaptation Range of 35-75Ω Z 0 and 30-550Ω R RX,Minsoo Choi; Myungguk Lee; Byungsub Kim,,2018 IEEE Asian Solid-State Circuits Conference (A-SSCC),2018,ASSCC,A,"EDA, CAD & Verification",,10.1109/asscc.2018.8579257,https://ieeexplore.ieee.org/stamp/stamp.jsp?arnumber=8579257,https://doi.org/10.1109/asscc.2018.8579257,8579257,88.7,crossref_venue_year:2018,publisher_pdf_requires_session,1
"A 12.4TOPS/W, 20% Less Gate Count Bidirectional Phase Domain MAC Circuit for DNN Inference Applications",Yosuke Toyama; Kentaro Yoshioka; Koichiro Ban; Akihide Sai; Kohei Onizuka,,2018 IEEE Asian Solid-State Circuits Conference (A-SSCC),2018,ASSCC,A,General IC,,10.1109/asscc.2018.8579253,https://ieeexplore.ieee.org/stamp/stamp.jsp?arnumber=8579253,https://doi.org/10.1109/asscc.2018.8579253,8579253,88.8,crossref_venue_year:2018,publisher_pdf_requires_session,2
A 13.56 MHz 88.7%-PCE Voltage Doubling Rectifier Using Adaptive Delay Time and Pulse-Width Control,Ye-Sing Luo; Hsing-Hung Lin; Shen-Iuan Liu,,2018 IEEE Asian Solid-State Circuits Conference (A-SSCC),2018,ASSCC,A,General IC,,10.1109/asscc.2018.8579305,https://ieeexplore.ieee.org/stamp/stamp.jsp?arnumber=8579305,https://doi.org/10.1109/asscc.2018.8579305,8579305,88.7,crossref_venue_year:2018,publisher_pdf_requires_session,1
A 137-μW Area-Efficient Real-Time Gesture Recognition System for Smart Wearable Devices,Taegeun Yoo; Van Loi Le; Ju Eon Kim; Ngoc Le Ba; Kwang-Hyun Baek; Tony. T. Kim,,2018 IEEE Asian Solid-State Circuits Conference (A-SSCC),2018,ASSCC,A,"Devices, Process & 3D Integration",,10.1109/asscc.2018.8579256,https://ieeexplore.ieee.org/stamp/stamp.jsp?arnumber=8579256,https://doi.org/10.1109/asscc.2018.8579256,8579256,88.7,crossref_venue_year:2018,publisher_pdf_requires_session,1
"A 140 nW, 32.768 kHz, 1.9 ppm/°C Leakage-Based Digitally Relocked Clock Reference with 0.1 ppm Long-Term Stability in 28nm FD-SOI",Guenole Lallement; Fady Abouzeid; Thierry Di Gilio; Philippe Roche; Jean-Luc Autran,,2018 IEEE Asian Solid-State Circuits Conference (A-SSCC),2018,ASSCC,A,Analog & Mixed-Signal,,10.1109/asscc.2018.8579291,https://ieeexplore.ieee.org/stamp/stamp.jsp?arnumber=8579291,https://doi.org/10.1109/asscc.2018.8579291,8579291,88.7,crossref_venue_year:2018,publisher_pdf_requires_session,0
A 15.1-mW 6-GS/s 6-bit Flash ADC with Selectively Activated 8× Time-Domain Interpolation,Il-Min Yi; Naoki Miura; Hiroyuki Fukuyama; Hideyuki Nosaka,,2018 IEEE Asian Solid-State Circuits Conference (A-SSCC),2018,ASSCC,A,Analog & Mixed-Signal,,10.1109/asscc.2018.8579265,https://ieeexplore.ieee.org/stamp/stamp.jsp?arnumber=8579265,https://doi.org/10.1109/asscc.2018.8579265,8579265,89,crossref_venue_year:2018,publisher_pdf_requires_session,8
A 152μW −99dBm BPSK/16-QAM OFDM Receiver for LPWAN Applications,Avish Kosari; Milad Moosavifar; David D. Wentzloff,,2018 IEEE Asian Solid-State Circuits Conference (A-SSCC),2018,ASSCC,A,RF/mmWave & Wireline,,10.1109/asscc.2018.8579346,https://ieeexplore.ieee.org/stamp/stamp.jsp?arnumber=8579346,https://doi.org/10.1109/asscc.2018.8579346,8579346,89.2,crossref_venue_year:2018,publisher_pdf_requires_session,12
"A 2.1 pJ/bit, 8 Gb/s Ultra-Low Power In-Package Serial Link Featuring a Time-based Front-end and a Digital Equalizer",Po-Wei Chiu; Muqing Liu; Qianying Tang; Chris H. Kim,,2018 IEEE Asian Solid-State Circuits Conference (A-SSCC),2018,ASSCC,A,RF/mmWave & Wireline,,10.1109/asscc.2018.8579267,https://ieeexplore.ieee.org/stamp/stamp.jsp?arnumber=8579267,https://doi.org/10.1109/asscc.2018.8579267,8579267,98.8,crossref_venue_year:2018,publisher_pdf_requires_session,2
A 2.4-GHz Single-Pin Antenna Interface RF Front-End with a Function-Reuse Single-MOS VCO-PA and a Push-Pull LNA,Kai Xu; Jun Yin; Pui-In Mak; Robert Bogdan Staszewski; Rui P. Martins,,2018 IEEE Asian Solid-State Circuits Conference (A-SSCC),2018,ASSCC,A,RF/mmWave & Wireline,,10.1109/asscc.2018.8579322,https://ieeexplore.ieee.org/stamp/stamp.jsp?arnumber=8579322,https://doi.org/10.1109/asscc.2018.8579322,8579322,98.9,crossref_venue_year:2018,publisher_pdf_requires_session,4
A 2.69 Mbps/mW 1.09 Mbps/kGE Conjugate Gradient-based MMSE Detector for 64-QAM 128×8 Massive MIMO Systems,Guiqiang Peng; Leibo Liu; Qiushi Wei; Yao Wang; Shouyi Yin; Shaojun Wei,,2018 IEEE Asian Solid-State Circuits Conference (A-SSCC),2018,ASSCC,A,General IC,,10.1109/asscc.2018.8579260,https://ieeexplore.ieee.org/stamp/stamp.jsp?arnumber=8579260,https://doi.org/10.1109/asscc.2018.8579260,8579260,88.7,crossref_venue_year:2018,publisher_pdf_requires_session,0
A 25 fps 32 × 24 Digital CMOS Terahertz Image Sensor,Tong Fang; Run-jiang Dou; Li-yuan Liu; Jian Liu; Nan-jian Wu,,2018 IEEE Asian Solid-State Circuits Conference (A-SSCC),2018,ASSCC,A,"Biomedical, Sensor & Imaging IC",,10.1109/asscc.2018.8579336,https://ieeexplore.ieee.org/stamp/stamp.jsp?arnumber=8579336,https://doi.org/10.1109/asscc.2018.8579336,8579336,89,crossref_venue_year:2018,publisher_pdf_requires_session,7
A 28.16-Gb/s Area-Efficient 60GHz CMOS Bi-Directional Transceiver for IEEE 802.11ay,Jian Pang; Korkut Kaan Tokgoz; Shotaro Maki; Zheng Li; Xueting Luo; Ibrahim Abdo; Seitarou Kawai; Hanli Liu; Bangan Liu; Makihiko Katsuragi; Kento Kimura; Atsushi Shirane; Kenichi Okada,,2018 IEEE Asian Solid-State Circuits Conference (A-SSCC),2018,ASSCC,A,RF/mmWave & Wireline,,10.1109/asscc.2018.8579258,https://ieeexplore.ieee.org/stamp/stamp.jsp?arnumber=8579258,https://doi.org/10.1109/asscc.2018.8579258,8579258,88.7,crossref_venue_year:2018,publisher_pdf_requires_session,0
A 280mV 3.1pJ/code Huffman Decoder for DEFLATE Decompression Featuring Opportunistic Code Skip and 3-way Symbol Generation in 14nm Tri-gate CMOS,Sudhir Satpathy; Sanu Mathew; Vikram Suresh; Vinodh Gopal; James Guilford; Mark Anders; Himanshu Kaul; Amit Agarwal; Steven Hsu; Ram Krishnamurthy,,2018 IEEE Asian Solid-State Circuits Conference (A-SSCC),2018,ASSCC,A,General IC,,10.1109/asscc.2018.8579341,https://ieeexplore.ieee.org/stamp/stamp.jsp?arnumber=8579341,https://doi.org/10.1109/asscc.2018.8579341,8579341,98.7,crossref_venue_year:2018,publisher_pdf_requires_session,1
A 28mn 320Kb TCAM Macro with Sub-0.8ns Search Time and 3.5+x Improvement in Delay-Area-Energy Product using Split-Controlled Single-Load 14T Cell,Cheng-Xin Xue; Wei-Cheng Zhao; Tzu-Hsien Yang; Yi-Ju Chen; Hiroyuki Yamauchi; Meng-Fan Chang,,2018 IEEE Asian Solid-State Circuits Conference (A-SSCC),2018,ASSCC,A,General IC,,10.1109/asscc.2018.8579323,https://ieeexplore.ieee.org/stamp/stamp.jsp?arnumber=8579323,https://doi.org/10.1109/asscc.2018.8579323,8579323,88.8,crossref_venue_year:2018,publisher_pdf_requires_session,2
A 28mn FD-SOI 4KB Radiation-hardened 12T SRAM Macro with 0.6 ~ 1V Wide Dynamic Voltage Scaling for Space Applications,Le Dinh Trang Dang; Dongkyu Seo; Jin-Woo Han; Jinsang Kim; Ik-Joon Chang,,2018 IEEE Asian Solid-State Circuits Conference (A-SSCC),2018,ASSCC,A,Memory & Compute-in-Memory,,10.1109/asscc.2018.8579254,https://ieeexplore.ieee.org/stamp/stamp.jsp?arnumber=8579254,https://doi.org/10.1109/asscc.2018.8579254,8579254,88.9,crossref_venue_year:2018,publisher_pdf_requires_session,4
A 2× Blind Oversampling FSE Receiver with Combined Adaptive Equalization and Infinite-Range Timing Recovery,Seuk Son; Hwanseok Yeo; Sigang Ryu; Jaeha Kim,,2018 IEEE Asian Solid-State Circuits Conference (A-SSCC),2018,ASSCC,A,RF/mmWave & Wireline,,10.1109/asscc.2018.8579286,https://ieeexplore.ieee.org/stamp/stamp.jsp?arnumber=8579286,https://doi.org/10.1109/asscc.2018.8579286,8579286,88.7,crossref_venue_year:2018,publisher_pdf_requires_session,1
"A 3.9μW, 81.3dB SNDR, DC-coupled, Time-based Neural Recording IC with Degeneration R-DAC for Bidirectional Neural Interface in 180nm CMOS",Hyuntak Jeon; Jun-Suk Bang; Yoontae Jung; Taeju Lee; Yeseul Jeon; Seok-Tae Koh; Jaesuk Choi; Doojin Jang; Soonyoung Hong; Minkyu Je,,2018 IEEE Asian Solid-State Circuits Conference (A-SSCC),2018,ASSCC,A,Analog & Mixed-Signal,,10.1109/asscc.2018.8579284,https://ieeexplore.ieee.org/stamp/stamp.jsp?arnumber=8579284,https://doi.org/10.1109/asscc.2018.8579284,8579284,88.7,crossref_venue_year:2018,publisher_pdf_requires_session,1
A 37-GHz-Input Divide-by-36 Injection-Locked Frequency Divider with 1.6-GHz Lock Range,Sangyeop Lee; Kyoya Takano; Ruibing Dong; Shuhei Amakawa; Takeshi Yoshida; Minora Fujishima,,2018 IEEE Asian Solid-State Circuits Conference (A-SSCC),2018,ASSCC,A,General IC,,10.1109/asscc.2018.8579347,https://ieeexplore.ieee.org/stamp/stamp.jsp?arnumber=8579347,https://doi.org/10.1109/asscc.2018.8579347,8579347,88.9,crossref_venue_year:2018,publisher_pdf_requires_session,6
A 37.5-45. lGHz Superharmonic-Coupled QVCO with Tunable Phase Accuracy in 28nm Bulk CMOS,Luya Zhang; Ali Ameri; Yi-An Li; Nai-Chung Kuo; Mekhail Anwar; Ali M. Niknejad,,2018 IEEE Asian Solid-State Circuits Conference (A-SSCC),2018,ASSCC,A,Clocking & Frequency Generation,,10.1109/asscc.2018.8579331,https://ieeexplore.ieee.org/stamp/stamp.jsp?arnumber=8579331,https://doi.org/10.1109/asscc.2018.8579331,8579331,88.7,crossref_venue_year:2018,publisher_pdf_requires_session,1
A 373 F 2 2D Power-Gated EE SRAM Physically Unclonable Function With Dark-Bit Detection Technique,Kunyang Liu; Yue Min; Xuan Yang; Hanfeng Sun; Hirofumi Shinohara,,2018 IEEE Asian Solid-State Circuits Conference (A-SSCC),2018,ASSCC,A,Memory & Compute-in-Memory,,10.1109/asscc.2018.8579315,https://ieeexplore.ieee.org/stamp/stamp.jsp?arnumber=8579315,https://doi.org/10.1109/asscc.2018.8579315,8579315,89.1,crossref_venue_year:2018,publisher_pdf_requires_session,11
A 38-mW 7-bit 5-GS/s Time-Interleaved SAR ADC with Background Skew Calibration,Yung-Hui Chung; Chia-Yi Hu; Che-We Chang,,2018 IEEE Asian Solid-State Circuits Conference (A-SSCC),2018,ASSCC,A,Analog & Mixed-Signal,,10.1109/asscc.2018.8579318,https://ieeexplore.ieee.org/stamp/stamp.jsp?arnumber=8579318,https://doi.org/10.1109/asscc.2018.8579318,8579318,99.5,crossref_venue_year:2018,publisher_pdf_requires_session,21
A 4-channel 5.04 μW 0.325 mm 2 Orthogonal Sampling-Based Parallel Neural Recording System,Reza Ranjandish; Alexandre Schmid,,2018 IEEE Asian Solid-State Circuits Conference (A-SSCC),2018,ASSCC,A,"Biomedical, Sensor & Imaging IC",,10.1109/asscc.2018.8579276,https://ieeexplore.ieee.org/stamp/stamp.jsp?arnumber=8579276,https://doi.org/10.1109/asscc.2018.8579276,8579276,88.7,crossref_venue_year:2018,publisher_pdf_requires_session,0
A 40 Gb/s PAM-4 Receiver with 2-Tap DFE Based on Automatically Non-Even Level Tracking,Chia-Tse Hung; Yu-Ping Huang; Wei-Zen Chen,,2018 IEEE Asian Solid-State Circuits Conference (A-SSCC),2018,ASSCC,A,RF/mmWave & Wireline,,10.1109/asscc.2018.8579300,https://ieeexplore.ieee.org/stamp/stamp.jsp?arnumber=8579300,https://doi.org/10.1109/asscc.2018.8579300,8579300,99.1,crossref_venue_year:2018,publisher_pdf_requires_session,10
"A 40nW, Sub-IV Truly ‘Digital’ Reverse Bandgap Reference Using Bulk-Diodes in 16nm FinFET",Matthias Eberlein; Georgios Panagopoulos; Harald Pretl,,2018 IEEE Asian Solid-State Circuits Conference (A-SSCC),2018,ASSCC,A,Analog & Mixed-Signal,,10.1109/asscc.2018.8579306,https://ieeexplore.ieee.org/stamp/stamp.jsp?arnumber=8579306,https://doi.org/10.1109/asscc.2018.8579306,8579306,99.4,crossref_venue_year:2018,publisher_pdf_requires_session,18
A 6-8GHZ 200MHz Bandwidth 9-Channel VWB Transceiver with 8 Frequency-Hopping Subbands,Haixin Song; Dang Liu; Woogeun Rhee; Zhihua Wang,,2018 IEEE Asian Solid-State Circuits Conference (A-SSCC),2018,ASSCC,A,RF/mmWave & Wireline,,10.1109/asscc.2018.8579275,https://ieeexplore.ieee.org/stamp/stamp.jsp?arnumber=8579275,https://doi.org/10.1109/asscc.2018.8579275,8579275,88.8,crossref_venue_year:2018,publisher_pdf_requires_session,2
A 6.78-200 MHz Offset-Compensated Active Rectifier with Dynamic Logic Comparator for mm-size Wirelessly Powered Implants,Jianming Zhao; Yuan Gao,,2018 IEEE Asian Solid-State Circuits Conference (A-SSCC),2018,ASSCC,A,Analog & Mixed-Signal,,10.1109/asscc.2018.8579325,https://ieeexplore.ieee.org/stamp/stamp.jsp?arnumber=8579325,https://doi.org/10.1109/asscc.2018.8579325,8579325,88.9,crossref_venue_year:2018,publisher_pdf_requires_session,4
"A 6.8 TOPS/W Energy Efficiency, 1.5µW Power Consumption, Pulse Width Modulation Neuromorphic Circuits for Near-Data Computing with SSD",Kota Tsurumi; Kenta Suzuki; Ken Takeuchi,,2018 IEEE Asian Solid-State Circuits Conference (A-SSCC),2018,ASSCC,A,General IC,,10.1109/asscc.2018.8579333,https://ieeexplore.ieee.org/stamp/stamp.jsp?arnumber=8579333,https://doi.org/10.1109/asscc.2018.8579333,8579333,88.7,crossref_venue_year:2018,publisher_pdf_requires_session,0
A 655Mbps Successive-Cancellation Decoder for a 1024-bit Polar Code in 180nm CMOS,Hye-Yeon Yoon; Seung-Jun Hwang; Tae-Hwan Kim,,2018 IEEE Asian Solid-State Circuits Conference (A-SSCC),2018,ASSCC,A,General IC,,10.1109/asscc.2018.8579335,https://ieeexplore.ieee.org/stamp/stamp.jsp?arnumber=8579335,https://doi.org/10.1109/asscc.2018.8579335,8579335,98.8,crossref_venue_year:2018,publisher_pdf_requires_session,2
A 6800-μm 2 Resistor-Based Temperature Sensor in 180-nm CMOS,Jan Angevare; Kofi A.A. Makinwa,,2018 IEEE Asian Solid-State Circuits Conference (A-SSCC),2018,ASSCC,A,General IC,,10.1109/asscc.2018.8579332,https://ieeexplore.ieee.org/stamp/stamp.jsp?arnumber=8579332,https://doi.org/10.1109/asscc.2018.8579332,8579332,98.7,crossref_venue_year:2018,publisher_pdf_requires_session,1
A 77-GHz Mixed-Mode FMCW Generator Based on a Vernier TDC with Dual Rising-Edge Fractional-Phase Detector,Jianxi Wu; Zipeng Chen; Wei Zheng; Yibo Liu; Shufu Wang; Nan Qi; Baoyong Chi,,2018 IEEE Asian Solid-State Circuits Conference (A-SSCC),2018,ASSCC,A,Clocking & Frequency Generation,,10.1109/asscc.2018.8579294,https://ieeexplore.ieee.org/stamp/stamp.jsp?arnumber=8579294,https://doi.org/10.1109/asscc.2018.8579294,8579294,88.9,crossref_venue_year:2018,publisher_pdf_requires_session,5
A 7b 2 GS/s Time-Interleaved SAR ADC with Time Skew Calibration Based on Current Integrating Sampler,Wenning Jiang; Yan Zhu; Chi-Hang Chan; Boris Murmann; Seng-Pan U; Rui Paulo Martins,,2018 IEEE Asian Solid-State Circuits Conference (A-SSCC),2018,ASSCC,A,Analog & Mixed-Signal,,10.1109/asscc.2018.8579344,https://ieeexplore.ieee.org/stamp/stamp.jsp?arnumber=8579344,https://doi.org/10.1109/asscc.2018.8579344,8579344,98.9,crossref_venue_year:2018,publisher_pdf_requires_session,6
A 95pJ/label Wide-Range Depth-Estimation Processor for Full-HD Light-Field Applications on FPGA,Li-De Chen; Yu-Ta Lu; Yu-Ling Hiao; Bo-Hsiang Yang; Wei-Chi Chen; Chao-Tsung Huang,,2018 IEEE Asian Solid-State Circuits Conference (A-SSCC),2018,ASSCC,A,Digital IC & Architecture,,10.1109/asscc.2018.8579289,https://ieeexplore.ieee.org/stamp/stamp.jsp?arnumber=8579289,https://doi.org/10.1109/asscc.2018.8579289,8579289,88.9,crossref_venue_year:2018,publisher_pdf_requires_session,4
A 99.2% Tracking Accuracy Single-Inductor Quadruple-Input-Quadruple-Output Buck-Boost Converter Topology with Periodical Interval Perturbation and Observation MPPT,Chao-Jen Huang; Yao-Sheng Ma; Wen-Hau Yang; Yen-Ting Lin; Chun-Chieh Kuo; Ke-Horng Chen; Hsiao-Jung Liu; Pei-Shan Yu; Fang-Chih Chu; Ching-Ju Lin; Hong-Wen Huang; Kuo-Chih Hung; Yuan-Hua Chu; Ying-Hsi Lin; Suhwan Kim; Krishnan Ravichandran,,2018 IEEE Asian Solid-State Circuits Conference (A-SSCC),2018,ASSCC,A,Power Management,,10.1109/asscc.2018.8579308,https://ieeexplore.ieee.org/stamp/stamp.jsp?arnumber=8579308,https://doi.org/10.1109/asscc.2018.8579308,8579308,98.8,crossref_venue_year:2018,publisher_pdf_requires_session,2
A Bimodal (NRZ/PAM-4) ISI Tolerant Timing Recovery with Adaptive DDJ Equalization,Masum Hossain; Aurangozeb; Nhat Nguyen,,2018 IEEE Asian Solid-State Circuits Conference (A-SSCC),2018,ASSCC,A,RF/mmWave & Wireline,,10.1109/asscc.2018.8579307,https://ieeexplore.ieee.org/stamp/stamp.jsp?arnumber=8579307,https://doi.org/10.1109/asscc.2018.8579307,8579307,88.8,crossref_venue_year:2018,publisher_pdf_requires_session,3
A CMOS 76-81 GHz 2TX 3RX FMCW Radar Transceiver Based on Mixed-Mode PLL Chirp Generator,Taikun Ma; Zipeng Chen; Jianxi Wu; Wei Zheng; Shufu Wang; Nan Qi; Baoyong Chi,,2018 IEEE Asian Solid-State Circuits Conference (A-SSCC),2018,ASSCC,A,RF/mmWave & Wireline,,10.1109/asscc.2018.8579268,https://ieeexplore.ieee.org/stamp/stamp.jsp?arnumber=8579268,https://doi.org/10.1109/asscc.2018.8579268,8579268,88.9,crossref_venue_year:2018,publisher_pdf_requires_session,5
A CMOS Imager for Reflective Pulse Oximeter with Motion Artifact and Ambient Interference Rejections,Hsiang-Lin Chen; Sung-En Hsieh; Tzu-Hsiang Hsu; Chih-Cheng Hsieh,,2018 IEEE Asian Solid-State Circuits Conference (A-SSCC),2018,ASSCC,A,RF/mmWave & Wireline,,10.1109/asscc.2018.8579309,https://ieeexplore.ieee.org/stamp/stamp.jsp?arnumber=8579309,https://doi.org/10.1109/asscc.2018.8579309,8579309,88.8,crossref_venue_year:2018,publisher_pdf_requires_session,2
A Calibration-Free 0.7-V 13-bit 10-MS/s Full-Analog SAR ADC with Continuous-Time Feedforward Cascaded (CTFC) Op-Amps,Kwuang-Han Chang; Chih-Cheng Hsieh,,2018 IEEE Asian Solid-State Circuits Conference (A-SSCC),2018,ASSCC,A,Analog & Mixed-Signal,,10.1109/asscc.2018.8579334,https://ieeexplore.ieee.org/stamp/stamp.jsp?arnumber=8579334,https://doi.org/10.1109/asscc.2018.8579334,8579334,108.8,crossref_venue_year:2018,publisher_pdf_requires_session,2
A Capacitance-to-Digital Converter Integrated in a 32bit Microcontroller for 3D Gesture Sensing,Mitsuru Hiraki; Sugako Otani; Masao Ito; Takuya Mizokami; Masahiro Araki; Hiroyuki Kondo,,2018 IEEE Asian Solid-State Circuits Conference (A-SSCC),2018,ASSCC,A,General IC,,10.1109/asscc.2018.8579264,https://ieeexplore.ieee.org/stamp/stamp.jsp?arnumber=8579264,https://doi.org/10.1109/asscc.2018.8579264,8579264,88.8,crossref_venue_year:2018,publisher_pdf_requires_session,3
A Compact High Efficiency and High Power Front-end Module for GSM/EDGE/TD-SCDMA/TD-LTE Applications in 0.13um CMOS,Shihai He; Fengxiong Peng; Linjian Xu; Hao Meng; Yongxue Qian,,2018 IEEE Asian Solid-State Circuits Conference (A-SSCC),2018,ASSCC,A,RF/mmWave & Wireline,,10.1109/asscc.2018.8579343,https://ieeexplore.ieee.org/stamp/stamp.jsp?arnumber=8579343,https://doi.org/10.1109/asscc.2018.8579343,8579343,88.8,crossref_venue_year:2018,publisher_pdf_requires_session,3
A Digital Multiphase Converter with Sensor-less Current and Thermal Balance Mechanism,Kai-Yu Hu; Yu-Sin Chen; Chien-Hung Tsai,,2018 IEEE Asian Solid-State Circuits Conference (A-SSCC),2018,ASSCC,A,General IC,,10.1109/asscc.2018.8579301,https://ieeexplore.ieee.org/stamp/stamp.jsp?arnumber=8579301,https://doi.org/10.1109/asscc.2018.8579301,8579301,89.2,crossref_venue_year:2018,publisher_pdf_requires_session,12
A Fast Auto-Frequency Calibration Technique for Wideband PLL with Wide Reference Frequency Range,Zhao Zhang; Jincheng Yang; Liyuan Liu; Nan Qi; Peng Feng; Jian Liu; Nanjian Wu,,2018 IEEE Asian Solid-State Circuits Conference (A-SSCC),2018,ASSCC,A,Analog & Mixed-Signal,,10.1109/asscc.2018.8579271,https://ieeexplore.ieee.org/stamp/stamp.jsp?arnumber=8579271,https://doi.org/10.1109/asscc.2018.8579271,8579271,89,crossref_venue_year:2018,publisher_pdf_requires_session,8
A Fully Standard-Cell Based On-Chip BTI and HCI Monitor with 6.2x BTI sensitivity and 3.6x HCI sensitivity at 7 nm Fin-FET Process,Mitsuhiko Igarashi; Yuuki Uchida; Yoshio Takazawa; Yasumasa Tsukamoto; Koji Shibutani; Koji Nii,,2018 IEEE Asian Solid-State Circuits Conference (A-SSCC),2018,ASSCC,A,General IC,,10.1109/asscc.2018.8579303,https://ieeexplore.ieee.org/stamp/stamp.jsp?arnumber=8579303,https://doi.org/10.1109/asscc.2018.8579303,8579303,108.9,crossref_venue_year:2018,publisher_pdf_requires_session,5
A Fully-Integrated 25Gb/s Low-Noise TIA+CDR Optical Receiver designed in 40nm-CMOS,Juncheng Wang; Xuefeng Chen; Shang Hu; Yaxin Cai; Rui Bai; Xin Wang; Yuanxi Zhang; Shenglong Zhuo; Liu Chang; Bozhi Yin; Jianxu Ma; Hao Yan; Jiangao Xuan; Milton Lu; Tao Xia; Qi Nan; Patrick Yin Chiang,,2018 IEEE Asian Solid-State Circuits Conference (A-SSCC),2018,ASSCC,A,RF/mmWave & Wireline,,10.1109/asscc.2018.8579299,https://ieeexplore.ieee.org/stamp/stamp.jsp?arnumber=8579299,https://doi.org/10.1109/asscc.2018.8579299,8579299,98.9,crossref_venue_year:2018,publisher_pdf_requires_session,6
A Fully-integrated LC-Oscillator Based Buck Regulator with Autonomous Resonant Switching for Low-Power Applications,Tianyu Jia; Jie Gu,,2018 IEEE Asian Solid-State Circuits Conference (A-SSCC),2018,ASSCC,A,Power Management,,10.1109/asscc.2018.8579285,https://ieeexplore.ieee.org/stamp/stamp.jsp?arnumber=8579285,https://doi.org/10.1109/asscc.2018.8579285,8579285,98.7,crossref_venue_year:2018,publisher_pdf_requires_session,0
A Generated Multirate Signal Analysis RISC-V SoC in 16nm FinFET,Stevo Bailey; Jaeduk Han; Paul Rigge; Richard Lin; Eric Chang; Howard Mao; Zhongkai Wang; Chick Markley; Adam Izraelevitz; Angie Wang; Nathan Narevsky; Woorham Bae; Steve Shauck; Sergio Montano; Justin Norsworthy; Munir Razzaque; Wen Hau Ma; Akalu Lentiro; Matthew Doerflein; Darin Heckendorn; Jim McGrath; Franco DeSeta; Ronen Shoham; Mike Stellfox; Mark Snowden; Joseph Cole; Dan Fuhrman; Brian Richards; Jonathan Bachrach; Elad Alon; Borivoje Nikolic,,2018 IEEE Asian Solid-State Circuits Conference (A-SSCC),2018,ASSCC,A,Digital IC & Architecture,,10.1109/asscc.2018.8579326,https://ieeexplore.ieee.org/stamp/stamp.jsp?arnumber=8579326,https://doi.org/10.1109/asscc.2018.8579326,8579326,99,crossref_venue_year:2018,publisher_pdf_requires_session,7
A Low Input Referred Noise and Low Crosstalk Noise 25 Gb/s Transimpedance Amplifier with Inductor-Less Bandwidth Compensation,Akitaka Hiratsuka; Akira Tsuchiya; Kenji Tanaka; Hiroyuki Fukuyama; Naoki Miura; Hideyuki Nosaka; Hidetoshi Onodera,,2018 IEEE Asian Solid-State Circuits Conference (A-SSCC),2018,ASSCC,A,Analog & Mixed-Signal,,10.1109/asscc.2018.8579296,https://ieeexplore.ieee.org/stamp/stamp.jsp?arnumber=8579296,https://doi.org/10.1109/asscc.2018.8579296,8579296,88.9,crossref_venue_year:2018,publisher_pdf_requires_session,4
A Neural Network Accelerator With Integrated Feature Extraction Processor for a Freezing of Gait Detection System,Val Mikos; Chun-Huat Heng; Arthur Tay; Shih-Cheng Yen; Nicole Shuang Yu Chia; Karen Mui Ling Koh; Dawn May Leng Tan; Wing Lok Au,,2018 IEEE Asian Solid-State Circuits Conference (A-SSCC),2018,ASSCC,A,Digital IC & Architecture,,10.1109/asscc.2018.8579283,https://ieeexplore.ieee.org/stamp/stamp.jsp?arnumber=8579283,https://doi.org/10.1109/asscc.2018.8579283,8579283,98.9,crossref_venue_year:2018,publisher_pdf_requires_session,5
A Physically Unclonable Function with 0% BER Using Soft Oxide Breakdown in 40nm CMOS,Kai-Hsin Chuang; Erik Bury; Robin Degraeve; Ben Kaczer; Dimitri Linien; Ingrid Verbauwhede,,2018 IEEE Asian Solid-State Circuits Conference (A-SSCC),2018,ASSCC,A,General IC,,10.1109/asscc.2018.8579252,https://ieeexplore.ieee.org/stamp/stamp.jsp?arnumber=8579252,https://doi.org/10.1109/asscc.2018.8579252,8579252,98.9,crossref_venue_year:2018,publisher_pdf_requires_session,6
A Power and Area Efficient 2.5-16 Gbps Gen4 PCIe PHY in 10nm FinFET CMOS,Shenggao Li; Fulvio Spagna; Ji Chen; Xiaoqing Wang; Luke Tong; Sujatha Gowder; Wenyan Jia; Roan Nicholson; Sita Iyer; Rui Song; Lily Li; Meng-hung Chen; Amanda Tran; Michael De Vita; Deepar Govindrajan; Marcus Pasquarella; Dave Bradley; Frank Verdico; Matt Duwe; Eric Lee; Michelle Wigton,,2018 IEEE Asian Solid-State Circuits Conference (A-SSCC),2018,ASSCC,A,"Devices, Process & 3D Integration",,10.1109/asscc.2018.8579314,https://ieeexplore.ieee.org/stamp/stamp.jsp?arnumber=8579314,https://doi.org/10.1109/asscc.2018.8579314,8579314,89.1,crossref_venue_year:2018,publisher_pdf_requires_session,11
A Second-Order Purely VCO-Based CT Δ∑ ADC Using a Modified DPLL in 40-nm CMOS,Yi Zhong; Shaolan Li; Arindam Sanyal; Xiyuan Tang; Linxiao Shen; Siliang Wu; Nan Sun,,2018 IEEE Asian Solid-State Circuits Conference (A-SSCC),2018,ASSCC,A,Clocking & Frequency Generation,,10.1109/asscc.2018.8579255,https://ieeexplore.ieee.org/stamp/stamp.jsp?arnumber=8579255,https://doi.org/10.1109/asscc.2018.8579255,8579255,98.9,crossref_venue_year:2018,publisher_pdf_requires_session,5
A Sub-Picosecond Hybrid DLL for Large-Scale Phased Array Synchronization,Matan Gal-Katziri; Ali Hajimiri,,2018 IEEE Asian Solid-State Circuits Conference (A-SSCC),2018,ASSCC,A,RF/mmWave & Wireline,,10.1109/asscc.2018.8579340,https://ieeexplore.ieee.org/stamp/stamp.jsp?arnumber=8579340,https://doi.org/10.1109/asscc.2018.8579340,8579340,88.9,crossref_venue_year:2018,publisher_pdf_requires_session,4
A Transient-Enhanced Constant On-Time Buck Converter with Light-Load Efficiency Optimization,Mao-Ling Chiu; Tzu-Hsuan Yang; Tsung-Hsien Lin,,2018 IEEE Asian Solid-State Circuits Conference (A-SSCC),2018,ASSCC,A,Power Management,,10.1109/asscc.2018.8579251,https://ieeexplore.ieee.org/stamp/stamp.jsp?arnumber=8579251,https://doi.org/10.1109/asscc.2018.8579251,8579251,88.9,crossref_venue_year:2018,publisher_pdf_requires_session,5
A WDR CMOS Image Sensor Employing In-pixel Capacitive Variation using a Re-configurable Source Follower for Low Light Applications,Neha Priyadarshini; Chandani Anand; Mukul Sarkar,,2018 IEEE Asian Solid-State Circuits Conference (A-SSCC),2018,ASSCC,A,"Biomedical, Sensor & Imaging IC",,10.1109/asscc.2018.8579272,https://ieeexplore.ieee.org/stamp/stamp.jsp?arnumber=8579272,https://doi.org/10.1109/asscc.2018.8579272,8579272,99,crossref_venue_year:2018,publisher_pdf_requires_session,8
A Wearable Auto-Patient Adaptive ECG Processor for Shockable Cardiac Arrhythmia,Syed Muhammad Abubakar; Muhammad Rizwan Khan; Wala Saadeh; Muhammad Awais Bin Altaf,,2018 IEEE Asian Solid-State Circuits Conference (A-SSCC),2018,ASSCC,A,Digital IC & Architecture,,10.1109/asscc.2018.8579263,https://ieeexplore.ieee.org/stamp/stamp.jsp?arnumber=8579263,https://doi.org/10.1109/asscc.2018.8579263,8579263,90,crossref_venue_year:2018,publisher_pdf_requires_session,33
A Wide-Range Capacitive DC-DC Converter with 2D-MPPT for Soil/Solar Energy Extraction,I-Che Ou; Jia-Ping Yang; Chia-Hung Liu; Kai-Jie Huang; Kun-Ju Tsai; Yu Lee; Yuan-Hua Chu; Yu-Te Liao,,2018 IEEE Asian Solid-State Circuits Conference (A-SSCC),2018,ASSCC,A,Power Management,,10.1109/asscc.2018.8579339,https://ieeexplore.ieee.org/stamp/stamp.jsp?arnumber=8579339,https://doi.org/10.1109/asscc.2018.8579339,8579339,88.8,crossref_venue_year:2018,publisher_pdf_requires_session,3
A bulk 65nm Cortex-M0+ SoC with All-Digital Forward Body Bias for 4.3X Subthreshold Speedup,Pranay Prabhat; Graham Knight; Supreet Jeloka; Sheng Yang; James Myers,,2018 IEEE Asian Solid-State Circuits Conference (A-SSCC),2018,ASSCC,A,Analog & Mixed-Signal,,10.1109/asscc.2018.8579269,https://ieeexplore.ieee.org/stamp/stamp.jsp?arnumber=8579269,https://doi.org/10.1109/asscc.2018.8579269,8579269,88.8,crossref_venue_year:2018,publisher_pdf_requires_session,3
A-SSCC 2018 Blank Page,,,ASSCC,2018,ASSCC,A,General IC,,10.1109/asscc.2018.8579266,https://ieeexplore.ieee.org/ielx7/8547238/8579249/08579266.pdf,https://doi.org/10.1109/asscc.2018.8579266,8579266,78.7,venue_year_search:2018,publisher_pdf_requires_session,0
A-SSCC 2018 Blank Page,,,ASSCC,2018,ASSCC,A,General IC,,10.1109/asscc.2018.8579297,https://ieeexplore.ieee.org/ielx7/8547238/8579249/08579297.pdf,https://doi.org/10.1109/asscc.2018.8579297,8579297,78.7,venue_year_search:2018,publisher_pdf_requires_session,0
A-SSCC 2018 Cover Page,,,ASSCC,2018,ASSCC,A,General IC,,10.1109/asscc.2018.8579312,https://ieeexplore.ieee.org/ielx7/8547238/8579249/08579312.pdf,https://doi.org/10.1109/asscc.2018.8579312,8579312,78.7,venue_year_search:2018,publisher_pdf_requires_session,0
A-SSCC 2018 Index,,,ASSCC,2018,ASSCC,A,General IC,,10.1109/asscc.2018.8579262,https://ieeexplore.ieee.org/ielx7/8547238/8579249/08579262.pdf,https://doi.org/10.1109/asscc.2018.8579262,8579262,78.7,venue_year_search:2018,publisher_pdf_requires_session,0
A-SSCC 2018 Preface,,,ASSCC,2018,ASSCC,A,General IC,Presents the introductory welcome message from the conference proceedings. May include the conference officers' congratulations to all involved with the conference event and publication of the proceedings record.,10.1109/asscc.2018.8579279,https://ieeexplore.ieee.org/ielx7/8547238/8579249/08579279.pdf,https://doi.org/10.1109/asscc.2018.8579279,8579279,78.7,venue_year_search:2018,publisher_pdf_requires_session,0
A-SSCC 2018 Preface,,,ASSCC,2018,ASSCC,A,General IC,Presents the introductory welcome message from the conference proceedings. May include the conference officers' congratulations to all involved with the conference event and publication of the proceedings record.,10.1109/asscc.2018.8579280,https://ieeexplore.ieee.org/ielx7/8547238/8579249/08579280.pdf,https://doi.org/10.1109/asscc.2018.8579280,8579280,78.7,venue_year_search:2018,publisher_pdf_requires_session,0
A-SSCC 2018 Preface,,,ASSCC,2018,ASSCC,A,General IC,Presents the introductory welcome message from the conference proceedings. May include the conference officers' congratulations to all involved with the conference event and publication of the proceedings record.,10.1109/asscc.2018.8579278,https://ieeexplore.ieee.org/ielx7/8547238/8579249/08579278.pdf,https://doi.org/10.1109/asscc.2018.8579278,8579278,78.7,venue_year_search:2018,publisher_pdf_requires_session,0
AI Drives Domain Specific Processors,Yi Kang,,2018 IEEE Asian Solid-State Circuits Conference (A-SSCC),2018,ASSCC,A,Digital IC & Architecture,,10.1109/asscc.2018.8579282,https://ieeexplore.ieee.org/stamp/stamp.jsp?arnumber=8579282,https://doi.org/10.1109/asscc.2018.8579282,8579282,88.8,crossref_venue_year:2018,publisher_pdf_requires_session,2
An 11b 1GS/s Time-Interleaved ADC with Linearity Enhanced T/H,Yan Zhu; Chi-Hang Chan; R.P. Martins,,2018 IEEE Asian Solid-State Circuits Conference (A-SSCC),2018,ASSCC,A,Analog & Mixed-Signal,,10.1109/asscc.2018.8579311,https://ieeexplore.ieee.org/stamp/stamp.jsp?arnumber=8579311,https://doi.org/10.1109/asscc.2018.8579311,8579311,88.7,crossref_venue_year:2018,publisher_pdf_requires_session,1
An 82.1%-Power-Efficiency Single-Inductor Triple-Source Quad-Mode Energy Harvesting Interface with Automatic Source Selection and Reversely Polarized Energy Recycling,Chih-Lun Lo; Hao-Chung Cheng; Pei-Chun Liao; Yi-Lun Chen; Po-Hung Chen,,2018 IEEE Asian Solid-State Circuits Conference (A-SSCC),2018,ASSCC,A,RF/mmWave & Wireline,,10.1109/asscc.2018.8579313,https://ieeexplore.ieee.org/stamp/stamp.jsp?arnumber=8579313,https://doi.org/10.1109/asscc.2018.8579313,8579313,88.9,crossref_venue_year:2018,publisher_pdf_requires_session,4
An 88% Efficiency 2.4μW to 15.6μW Triboelectric Nanogenerator Energy Harvesting System Based on a Single-Comparator Control Algorithm,Karim Rawy; Ruchi Sharma; Hong-Joon Yoon; Usman Khan; Sang-Woo Kim; Tony T. Kim,,2018 IEEE Asian Solid-State Circuits Conference (A-SSCC),2018,ASSCC,A,Analog & Mixed-Signal,,10.1109/asscc.2018.8579338,https://ieeexplore.ieee.org/stamp/stamp.jsp?arnumber=8579338,https://doi.org/10.1109/asscc.2018.8579338,8579338,88.9,crossref_venue_year:2018,publisher_pdf_requires_session,5
An 89.55dB-SFDR 179.6dB-FoM s 12-bit lMS/s SAR-Assisted SAR ADC with Weight-Split Compensation Calibration,Yao-Sheng Hu; Jhao-Huei Lin; Ding-Guo Lin; Kai-Yue Lin; Hsin-Shu Chen,,2018 IEEE Asian Solid-State Circuits Conference (A-SSCC),2018,ASSCC,A,Analog & Mixed-Signal,,10.1109/asscc.2018.8579310,https://ieeexplore.ieee.org/stamp/stamp.jsp?arnumber=8579310,https://doi.org/10.1109/asscc.2018.8579310,8579310,98.9,crossref_venue_year:2018,publisher_pdf_requires_session,4
An Asynchronous Energy-Efficient CNN Accelerator with Reconfigurable Architecture,Weijia Chen; Hui Wu; Shaojun Wei; Anping He; Hong Chen,,2018 IEEE Asian Solid-State Circuits Conference (A-SSCC),2018,ASSCC,A,Digital IC & Architecture,,10.1109/asscc.2018.8579304,https://ieeexplore.ieee.org/stamp/stamp.jsp?arnumber=8579304,https://doi.org/10.1109/asscc.2018.8579304,8579304,89.3,crossref_venue_year:2018,publisher_pdf_requires_session,15
An Encryption-Authentication Unified A/D Conversion Scheme for IoT Sensor Nodes,Vinod. V. Gadde; Hiromitsu Awano; Makoto Ikeda,,2018 IEEE Asian Solid-State Circuits Conference (A-SSCC),2018,ASSCC,A,General IC,,10.1109/asscc.2018.8579273,https://ieeexplore.ieee.org/stamp/stamp.jsp?arnumber=8579273,https://doi.org/10.1109/asscc.2018.8579273,8579273,89.1,crossref_venue_year:2018,publisher_pdf_requires_session,11
"An Enhanced Built-off-Test Transceiver with Wide-range, Self-calibration Engine for 3.2 Gb/s/pin DDR4 SDRAM",Joung-Wook Moon; Hye-Sung Yoo; Hundai Choi; Il-Won Park; Seok-Yong Kang; Jun-Bae Kim; Haeyoung Chung; Kiho Kim; Dong-Hun Lee; Ki-Jae Song; Seok-Hun Hyun; Indal Song; Young-Soo Sohn; Yong-Ho Cho; Jung-Hwan Choi; Kwang-Il Park; Seong-Jin Jang,,2018 IEEE Asian Solid-State Circuits Conference (A-SSCC),2018,ASSCC,A,RF/mmWave & Wireline,,10.1109/asscc.2018.8579329,https://ieeexplore.ieee.org/stamp/stamp.jsp?arnumber=8579329,https://doi.org/10.1109/asscc.2018.8579329,8579329,89,crossref_venue_year:2018,publisher_pdf_requires_session,8
An Image Recognition Processor with Time-domain Accelerators using Efficient Time Encoding and Non-linear Logic Operation,Zhengyu Chen; Jie Gu,,2018 IEEE Asian Solid-State Circuits Conference (A-SSCC),2018,ASSCC,A,Digital IC & Architecture,,10.1109/asscc.2018.8579259,https://ieeexplore.ieee.org/stamp/stamp.jsp?arnumber=8579259,https://doi.org/10.1109/asscc.2018.8579259,8579259,98.8,crossref_venue_year:2018,publisher_pdf_requires_session,3
An Integrated DC-DC Converter with Segmented Frequency Modulation and Multiphase Co-Work Control for Fast Transient Recovery,U-Fat Chio; Kuo-Chih Wen; Sai-Weng Sin; Chi-Seng Lam; Yan Lu; Franco Maloberti; R. P. Martins,,2018 IEEE Asian Solid-State Circuits Conference (A-SSCC),2018,ASSCC,A,Power Management,,10.1109/asscc.2018.8579295,https://ieeexplore.ieee.org/stamp/stamp.jsp?arnumber=8579295,https://doi.org/10.1109/asscc.2018.8579295,8579295,88.7,crossref_venue_year:2018,publisher_pdf_requires_session,1
An Ultra-low Power 8T SRAM with Vertical Read Word Line and Data Aware Write Assist,Lu Lu; Taegeun Yoo; Le Van Loi; Tony Tae-Hyoung Kim,,2018 IEEE Asian Solid-State Circuits Conference (A-SSCC),2018,ASSCC,A,Memory & Compute-in-Memory,,10.1109/asscc.2018.8579292,https://ieeexplore.ieee.org/stamp/stamp.jsp?arnumber=8579292,https://doi.org/10.1109/asscc.2018.8579292,8579292,89,crossref_venue_year:2018,publisher_pdf_requires_session,8
Circuit Design in Nano-Scale CMOS Technologies,Kevin Zhang,,2018 IEEE Asian Solid-State Circuits Conference (A-SSCC),2018,ASSCC,A,General IC,,10.1109/asscc.2018.8579277,https://ieeexplore.ieee.org/stamp/stamp.jsp?arnumber=8579277,https://doi.org/10.1109/asscc.2018.8579277,8579277,98.7,crossref_venue_year:2018,publisher_pdf_requires_session,1
Design of a 2.45-GHz RF Energy Harvester for SWIPT IoT smart sensors,Pengcheng Xu; Denis Flandre; David Bol,,2018 IEEE Asian Solid-State Circuits Conference (A-SSCC),2018,ASSCC,A,RF/mmWave & Wireline,,10.1109/asscc.2018.8579281,https://ieeexplore.ieee.org/stamp/stamp.jsp?arnumber=8579281,https://doi.org/10.1109/asscc.2018.8579281,8579281,88.8,crossref_venue_year:2018,publisher_pdf_requires_session,3
FPGA-based CNN Processor with Filter-Wise-Optimized Bit Precision,Asuka Maki; Daisuke Miyashita; Kengo Nakata; Fumihiko Tachibana; Tomoya Suzuki; Jun Deguchi,,2018 IEEE Asian Solid-State Circuits Conference (A-SSCC),2018,ASSCC,A,Analog & Mixed-Signal,,10.1109/asscc.2018.8579342,https://ieeexplore.ieee.org/stamp/stamp.jsp?arnumber=8579342,https://doi.org/10.1109/asscc.2018.8579342,8579342,89.3,crossref_venue_year:2018,publisher_pdf_requires_session,14
Hardware Architecture for Fast General Object Detection using Aggregated Channel Features,Koichi Mitsunari; Jaehoon Yu; Masanori Hashimoto,,2018 IEEE Asian Solid-State Circuits Conference (A-SSCC),2018,ASSCC,A,General IC,,10.1109/asscc.2018.8579337,https://ieeexplore.ieee.org/stamp/stamp.jsp?arnumber=8579337,https://doi.org/10.1109/asscc.2018.8579337,8579337,88.7,crossref_venue_year:2018,publisher_pdf_requires_session,1
Introduction to the Special Section on the 2017 Asian Solid-State Circuits Conference (A-SSCC),Tsung‐Hsien Lin; Chia‐Hsiang Yang; Seung‐Tak Ryu,National Taiwan University; Korea Advanced Institute of Science and Technology,IEEE Journal of Solid-State Circuits,2018,ASSCC,A,General IC,"This issue of the IEEE Journal of Solid-State Circuits (JSSC) includes some of the highlights of the best papers from the 2017 Asian Solid-State Circuits Conference (A-SSCC), which was held at the Grand Hilton Hotel, Seoul, South Korea, on November 6–8, 2017.",10.1109/jssc.2018.2865839,https://ieeexplore.ieee.org/stamp/stamp.jsp?arnumber=2865839,https://doi.org/10.1109/jssc.2018.2865839,2865839,88.7,venue_year_search:2018,publisher_pdf_requires_session,0
Logic Process Compatible 40nm 256K×144 Embedded RRAM with Low Voltage Current Limiter and Ambient Compensation Scheme to Improve the Read Window,Chien-An Lai; Chung-Cheng Chou; Chi-Hsiang Weng; Zheng-Jun Lin; Pei-Ling Tseng; Chien-Fan Wang; Chih-Chen Wang; Chin-I Su; Wei-Chi Chen; Yu-Cheng Lin; Tong-Chern Ong; Chi Chang; Yu-Der Chih; Tsung-Yung Chang,,2018 IEEE Asian Solid-State Circuits Conference (A-SSCC),2018,ASSCC,A,Memory & Compute-in-Memory,,10.1109/asscc.2018.8579345,https://ieeexplore.ieee.org/stamp/stamp.jsp?arnumber=8579345,https://doi.org/10.1109/asscc.2018.8579345,8579345,88.8,crossref_venue_year:2018,publisher_pdf_requires_session,3
Nonvolatile Crossbar 2D2R TCAM with Cell Size of 16.3 F 2 and K-means Clustering for Power Reduction,Keji Zhou; Xiaoyong Xue; Jianguo Yang; Xiaoxin Xu; Hangbing Lv; Mingyu Wang; Mingre Jing; Wenjun Liu; Xiaoyang Zeng; Steve S. Chung; Jing Li; Ming Liu,,2018 IEEE Asian Solid-State Circuits Conference (A-SSCC),2018,ASSCC,A,General IC,,10.1109/asscc.2018.8579319,https://ieeexplore.ieee.org/stamp/stamp.jsp?arnumber=8579319,https://doi.org/10.1109/asscc.2018.8579319,8579319,88.7,crossref_venue_year:2018,publisher_pdf_requires_session,1
Open the New World of 5G,Seizo Onoe,,2018 IEEE Asian Solid-State Circuits Conference (A-SSCC),2018,ASSCC,A,General IC,,10.1109/asscc.2018.8579288,https://ieeexplore.ieee.org/stamp/stamp.jsp?arnumber=8579288,https://doi.org/10.1109/asscc.2018.8579288,8579288,88.7,crossref_venue_year:2018,publisher_pdf_requires_session,0
Panel discussion: The circuits and systems for mobile AI,,,2018 IEEE Asian Solid-State Circuits Conference (A-SSCC),2018,ASSCC,A,General IC,,10.1109/asscc.2018.8579317,https://ieeexplore.ieee.org/stamp/stamp.jsp?arnumber=8579317,https://doi.org/10.1109/asscc.2018.8579317,8579317,88.7,crossref_venue_year:2018,publisher_pdf_requires_session,0
Photovoltaic-Assisted Self-Vth-Cancellation CMOS RF Rectifier for Wide Power Range Operation,Ren Usami; Takao Komiyama; Yasunori Chonan; Hiroyuki Yamaguchi; Koji Kotani,,2018 IEEE Asian Solid-State Circuits Conference (A-SSCC),2018,ASSCC,A,RF/mmWave & Wireline,,10.1109/asscc.2018.8579349,https://ieeexplore.ieee.org/stamp/stamp.jsp?arnumber=8579349,https://doi.org/10.1109/asscc.2018.8579349,8579349,88.9,crossref_venue_year:2018,publisher_pdf_requires_session,5
Practical Challenges in Supporting Function in Memory,Nam Sung Kim,,2018 IEEE Asian Solid-State Circuits Conference (A-SSCC),2018,ASSCC,A,Memory & Compute-in-Memory,,10.1109/asscc.2018.8579261,https://ieeexplore.ieee.org/stamp/stamp.jsp?arnumber=8579261,https://doi.org/10.1109/asscc.2018.8579261,8579261,88.9,crossref_venue_year:2018,publisher_pdf_requires_session,4
"Stable, Self-Biased and High-Gain Organic Amplifiers with Reduced Parameter Variation Effect",Masoud Seifaei; Daniel De Dorigo; David Ingvar Fleig; Matthias Kuhl; Ute Zschieschang; Hagen Klauk; Yiannos Manoli,,2018 IEEE Asian Solid-State Circuits Conference (A-SSCC),2018,ASSCC,A,Analog & Mixed-Signal,,10.1109/asscc.2018.8579293,https://ieeexplore.ieee.org/stamp/stamp.jsp?arnumber=8579293,https://doi.org/10.1109/asscc.2018.8579293,8579293,98.9,crossref_venue_year:2018,publisher_pdf_requires_session,6
Ultra-Lightweight 548–1080 Gate 166Gbps/W–12.6Tbps/W SIMON 32/64 Cipher Accelerators for IoT in 14nm Tri-gate CMOS,Himanshu Kaul; Mark Anders; Sanu Mathew; Vikram Suresh; Sudhir Satpathy; Amit Agarwal; Steven Hsu; Ram Krishnamurthy,,2018 IEEE Asian Solid-State Circuits Conference (A-SSCC),2018,ASSCC,A,Digital IC & Architecture,,10.1109/asscc.2018.8579274,https://ieeexplore.ieee.org/stamp/stamp.jsp?arnumber=8579274,https://doi.org/10.1109/asscc.2018.8579274,8579274,88.9,crossref_venue_year:2018,publisher_pdf_requires_session,4
"0.54 pJ/bit, 15Mb/s True Random Number Generator Using Probabilistic Delay Cell for Edge Computing Applications",Fei Li; Ming Ming Wong; Aarthy Mani; Vishnu Paramasivam; Anh Tuan Do,,2019 IEEE Asian Solid-State Circuits Conference (A-SSCC),2019,ASSCC,A,General IC,,10.1109/a-sscc47793.2019.9056914,https://ieeexplore.ieee.org/stamp/stamp.jsp?arnumber=9056914,https://doi.org/10.1109/a-sscc47793.2019.9056914,9056914,89.2,crossref_venue_year:2019,publisher_pdf_requires_session,3
"33us, 94uJ Optimal Ate Pairing Engine on BN Curve over 254b Prime Field in 65nm CMOS FDSOI",Makoto Ikeda; Tadayuki Ichihashi; Hiromitsu Awano,,2019 IEEE Asian Solid-State Circuits Conference (A-SSCC),2019,ASSCC,A,General IC,,10.1109/a-sscc47793.2019.9056951,https://ieeexplore.ieee.org/stamp/stamp.jsp?arnumber=9056951,https://doi.org/10.1109/a-sscc47793.2019.9056951,9056951,99.3,crossref_venue_year:2019,publisher_pdf_requires_session,5
8.6fJ/step VCO-Based CT 2 nd -Order $\Delta\Sigma$ ADC,Akshay Jayaraj; Abhijit Das; Srinivas Arcot; Arindam Sanyal,,2019 IEEE Asian Solid-State Circuits Conference (A-SSCC),2019,ASSCC,A,Analog & Mixed-Signal,,10.1109/a-sscc47793.2019.9056932,https://ieeexplore.ieee.org/stamp/stamp.jsp?arnumber=9056932,https://doi.org/10.1109/a-sscc47793.2019.9056932,9056932,89.2,crossref_venue_year:2019,publisher_pdf_requires_session,3
A 0.003-mm 2 440fs RMS -Jitter and -64dBc-Reference-Spur Ring-VCO-Based Type-I PLL Using a Current-Reuse Sampling Phase Detector in 28-nm CMOS,Zunsong Yang; Yong Chen; Pui-In Mak; Rui P. Martins,,2019 IEEE Asian Solid-State Circuits Conference (A-SSCC),2019,ASSCC,A,Clocking & Frequency Generation,,10.1109/a-sscc47793.2019.9056944,https://ieeexplore.ieee.org/stamp/stamp.jsp?arnumber=9056944,https://doi.org/10.1109/a-sscc47793.2019.9056944,9056944,109.1,crossref_venue_year:2019,publisher_pdf_requires_session,2
"A 0.012 mm2, $1.5 \mathrm{G}\Omega$ Z IN Intrinsic Feedback Capacitor Instrumentation Amplifier for Bio-Potential Recording and Respiratory Monitoring",Lian Zhang; Tao Tang; Jeong Hoan Park; Jerald Yoo,,2019 IEEE Asian Solid-State Circuits Conference (A-SSCC),2019,ASSCC,A,Analog & Mixed-Signal,,10.1109/a-sscc47793.2019.9056975,https://ieeexplore.ieee.org/stamp/stamp.jsp?arnumber=9056975,https://doi.org/10.1109/a-sscc47793.2019.9056975,9056975,89.3,crossref_venue_year:2019,publisher_pdf_requires_session,6
A 0.5V Real-Time Computational CMOS Image Sensor with Programmable Kernel for Always-On Feature Extraction,Tzu-Hsiang Hsu; Yen-Kai Chen; Tai-Hsing Wen; Wei-Chen Wei; Yi-Ren Chen; Fu-Chun Chang; Hyunjoon Kim; Qian Chen; Bongjin Kim; Ren-Shuo Liu; Chung-Chuan Lo; Kea-Tiong Tang; Meng-Fan Chang; Chih-Cheng Hsieh,,2019 IEEE Asian Solid-State Circuits Conference (A-SSCC),2019,ASSCC,A,"Biomedical, Sensor & Imaging IC",,10.1109/a-sscc47793.2019.9056945,https://ieeexplore.ieee.org/stamp/stamp.jsp?arnumber=9056945,https://doi.org/10.1109/a-sscc47793.2019.9056945,9056945,99.6,crossref_venue_year:2019,publisher_pdf_requires_session,15
A 0.7mm 2 8.54mW FocusNet Display LSI for Power Reduction on OLED Smart-phones,Tsu-Ming Liu; Chang-Hung Tsai; Shawn Shih; Chih-Kai Chang; Jia-Ying Lin; Wayne Hsieh; Yung-Chang Chang; Chi-Cheng Ju,,2019 IEEE Asian Solid-State Circuits Conference (A-SSCC),2019,ASSCC,A,General IC,,10.1109/a-sscc47793.2019.9056910,https://ieeexplore.ieee.org/stamp/stamp.jsp?arnumber=9056910,https://doi.org/10.1109/a-sscc47793.2019.9056910,9056910,89.1,crossref_venue_year:2019,publisher_pdf_requires_session,1
A 1.2V 86dB SNDR 500kHz BW Linear-Exponential Multi-Bit Incremental ADC Using Positive Feedback in 65nm CMOS,Biao Wang; Sai-Weng Sin; Seng-Pan U.; Franco Maloberti; R. P. Martins,,2019 IEEE Asian Solid-State Circuits Conference (A-SSCC),2019,ASSCC,A,Analog & Mixed-Signal,,10.1109/a-sscc47793.2019.9056948,https://ieeexplore.ieee.org/stamp/stamp.jsp?arnumber=9056948,https://doi.org/10.1109/a-sscc47793.2019.9056948,9056948,89.6,crossref_venue_year:2019,publisher_pdf_requires_session,15
A 1.64mW Differential Super Source-Follower Buffer with 9.7GHz BW and 43dB PSRR for Time-Interleaved ADC Applications in 10nm,Yizhak Shifman; Yoel Krupnik; Udi Virobnik; Ahmad Khairi; Yosi Sanhedrai; Ariel Cohen,,2019 IEEE Asian Solid-State Circuits Conference (A-SSCC),2019,ASSCC,A,Analog & Mixed-Signal,,10.1109/a-sscc47793.2019.9056969,https://ieeexplore.ieee.org/stamp/stamp.jsp?arnumber=9056969,https://doi.org/10.1109/a-sscc47793.2019.9056969,9056969,89.4,crossref_venue_year:2019,publisher_pdf_requires_session,8
A 10 $\mu \mathrm{W}-74.6\mathrm{dB}$ THD Arterial Pulse Waveform Sensing System with Automatic Bridge-Offset Calibration and Super Class-AB Output Stage,Yu-Pin Hsu; Zemin Liu; Mona Hella,,2019 IEEE Asian Solid-State Circuits Conference (A-SSCC),2019,ASSCC,A,General IC,,10.1109/a-sscc47793.2019.9056943,https://ieeexplore.ieee.org/stamp/stamp.jsp?arnumber=9056943,https://doi.org/10.1109/a-sscc47793.2019.9056943,9056943,89.2,crossref_venue_year:2019,publisher_pdf_requires_session,3
A 100-pA Adaptive-FOCV MPPT Circuit with >99.6% Tracking Efficiency for Indoor Light Energy Harvesting,Peng-Chang Huang; Tai-Haur Kuo,,2019 IEEE Asian Solid-State Circuits Conference (A-SSCC),2019,ASSCC,A,Power Management,,10.1109/a-sscc47793.2019.9056929,https://ieeexplore.ieee.org/stamp/stamp.jsp?arnumber=9056929,https://doi.org/10.1109/a-sscc47793.2019.9056929,9056929,89.3,crossref_venue_year:2019,publisher_pdf_requires_session,7
A 100Mb/s 3.5GHz Fully-Balanced BFOOK Modulator Based on Integer-N Hyrbrid PLL,Cong Ding; Haixin Song; Woogeun Rhee; Zhihua Wang,,2019 IEEE Asian Solid-State Circuits Conference (A-SSCC),2019,ASSCC,A,Clocking & Frequency Generation,,10.1109/a-sscc47793.2019.9056890,https://ieeexplore.ieee.org/stamp/stamp.jsp?arnumber=9056890,https://doi.org/10.1109/a-sscc47793.2019.9056890,9056890,89.1,crossref_venue_year:2019,publisher_pdf_requires_session,2
A 110.3-bits/min 8-Ch SSVEP-based Brain-Computer Interface SoC with 87.9% Accuracy,Wooseok Byun; Dokyun Kim; Sung Yeon Kim; Ji-Hoon Kim,,2019 IEEE Asian Solid-State Circuits Conference (A-SSCC),2019,ASSCC,A,RF/mmWave & Wireline,,10.1109/a-sscc47793.2019.9056983,https://ieeexplore.ieee.org/stamp/stamp.jsp?arnumber=9056983,https://doi.org/10.1109/a-sscc47793.2019.9056983,9056983,89.2,crossref_venue_year:2019,publisher_pdf_requires_session,3
A 12-GHz All-Digital Calibration-Free FMCW Signal Generator Based on a Retiming Fractional Frequency Divider,Zhengkun Shen; Heyi Li; Haoyun Jiang; Zherui Zhang; Junhua Liu; Huailin Liao,,2019 IEEE Asian Solid-State Circuits Conference (A-SSCC),2019,ASSCC,A,General IC,,10.1109/a-sscc47793.2019.9056984,https://ieeexplore.ieee.org/stamp/stamp.jsp?arnumber=9056984,https://doi.org/10.1109/a-sscc47793.2019.9056984,9056984,89.4,crossref_venue_year:2019,publisher_pdf_requires_session,8
A 15-Ch. 0.019 mm 2 /Ch. 0.43% Gain Mismatch Orthogonal Code Chopping Instrumentation Amplifier SoC for Bio-Signal Acquisition,Jeong Hoan Park; Tao Tang; Lian Zhang; Kian Ann Ng; Jerald Yoo,,2019 IEEE Asian Solid-State Circuits Conference (A-SSCC),2019,ASSCC,A,Analog & Mixed-Signal,,10.1109/a-sscc47793.2019.9056916,https://ieeexplore.ieee.org/stamp/stamp.jsp?arnumber=9056916,https://doi.org/10.1109/a-sscc47793.2019.9056916,9056916,89.2,crossref_venue_year:2019,publisher_pdf_requires_session,3
A 16.1-b ENOB 0.064mm 2 Compact Highly-Digital Closed-Loop Single-VCO-based 1–1 SMASH Resistance-to-Digital Converter in 180nm CMOS,Elisa Sacco; Johan Vergauwen; Georges Gielen,,2019 IEEE Asian Solid-State Circuits Conference (A-SSCC),2019,ASSCC,A,Clocking & Frequency Generation,,10.1109/a-sscc47793.2019.9056982,https://ieeexplore.ieee.org/stamp/stamp.jsp?arnumber=9056982,https://doi.org/10.1109/a-sscc47793.2019.9056982,9056982,89.1,crossref_venue_year:2019,publisher_pdf_requires_session,1
A 16K SRAM-Based Mixed-Signal In-Memory Computing Macro Featuring Voltage-Mode Accumulator and Row-by-Row ADC,Hyunjoon Kim; Qian Chen; Bongjin Kim,,2019 IEEE Asian Solid-State Circuits Conference (A-SSCC),2019,ASSCC,A,Memory & Compute-in-Memory,,10.1109/a-sscc47793.2019.9056926,https://ieeexplore.ieee.org/stamp/stamp.jsp?arnumber=9056926,https://doi.org/10.1109/a-sscc47793.2019.9056926,9056926,110.3,crossref_venue_year:2019,publisher_pdf_requires_session,31
A 2.25 TOPS/W Fully-Integrated Deep CNN Learning Processor with On-Chip Training,Cheng-Hsun Lu; Yi-Chung Wu; Chia-Hsiang Yang,,2019 IEEE Asian Solid-State Circuits Conference (A-SSCC),2019,ASSCC,A,Digital IC & Architecture,,10.1109/a-sscc47793.2019.9056967,https://ieeexplore.ieee.org/stamp/stamp.jsp?arnumber=9056967,https://doi.org/10.1109/a-sscc47793.2019.9056967,9056967,90,crossref_venue_year:2019,publisher_pdf_requires_session,24
A 2.4-GHz 500-µW 370-fs rms Integrated Jitter Sub-Sampling Sub-Harmonically Injection-Locked PLL in 90-nm CMOS,Chun-Yu Lin; Yu-Ting Hung; Tsung-Hsien Lin,,2019 IEEE Asian Solid-State Circuits Conference (A-SSCC),2019,ASSCC,A,Clocking & Frequency Generation,,10.1109/a-sscc47793.2019.9056964,https://ieeexplore.ieee.org/stamp/stamp.jsp?arnumber=9056964,https://doi.org/10.1109/a-sscc47793.2019.9056964,9056964,99.4,crossref_venue_year:2019,publisher_pdf_requires_session,9
A 2.666GT/s 128GB/s 14nm Memory I/O with Jitter and Crosstalk Cancellation,Harry Muljono; Kathy Peng; Linda Sun; Isaac Abraham; Charlie Lin; Yanjie Zhu; Chunrong Song,,2019 IEEE Asian Solid-State Circuits Conference (A-SSCC),2019,ASSCC,A,Clocking & Frequency Generation,,10.1109/a-sscc47793.2019.9056976,https://ieeexplore.ieee.org/stamp/stamp.jsp?arnumber=9056976,https://doi.org/10.1109/a-sscc47793.2019.9056976,9056976,89.3,crossref_venue_year:2019,publisher_pdf_requires_session,5
A 20-GHz Ultra-Low-Power LNA Using gm-Boosted and Current-Reuse Techniques in 65-nm CMOS for Satellite Communication Terminals,Jiajun Zhang; Dixian Zhao,,2019 IEEE Asian Solid-State Circuits Conference (A-SSCC),2019,ASSCC,A,Power Management,,10.1109/a-sscc47793.2019.9056979,https://ieeexplore.ieee.org/stamp/stamp.jsp?arnumber=9056979,https://doi.org/10.1109/a-sscc47793.2019.9056979,9056979,89.4,crossref_venue_year:2019,publisher_pdf_requires_session,8
A 200-MHz Wide Input Range CMOS Passive Rectifier with Active Bias Tunning,Xiaofei Li; Fangyu Mao; Pyungwoo Yeon; Yan Lu; Maysam Ghovanloo; Rui P. Martins,,2019 IEEE Asian Solid-State Circuits Conference (A-SSCC),2019,ASSCC,A,Analog & Mixed-Signal,,10.1109/a-sscc47793.2019.9056981,https://ieeexplore.ieee.org/stamp/stamp.jsp?arnumber=9056981,https://doi.org/10.1109/a-sscc47793.2019.9056981,9056981,89.1,crossref_venue_year:2019,publisher_pdf_requires_session,1
A 23-mW 60-GHz Differential Sub-Sampling PLL with an NMOS-Only Differential-Inductively-Tuned VCO,Bingwei Jiang; Howard C. Luong,,2019 IEEE Asian Solid-State Circuits Conference (A-SSCC),2019,ASSCC,A,Clocking & Frequency Generation,,10.1109/a-sscc47793.2019.9056968,https://ieeexplore.ieee.org/stamp/stamp.jsp?arnumber=9056968,https://doi.org/10.1109/a-sscc47793.2019.9056968,9056968,99.2,crossref_venue_year:2019,publisher_pdf_requires_session,3
A 24 kb Single-Well Mixed 3T Gain-Cell eDRAM with Body-Bias in 28 nm FD-SOI for Refresh-Free DSP Applications,Jonathan Narinx; Robert Giterman; Andrea Bonetti; Nicolas Frigerio; Cosimo Aprile; Andreas Burg; Yusuf Leblebici,,2019 IEEE Asian Solid-State Circuits Conference (A-SSCC),2019,ASSCC,A,Analog & Mixed-Signal,,10.1109/a-sscc47793.2019.9056985,https://ieeexplore.ieee.org/stamp/stamp.jsp?arnumber=9056985,https://doi.org/10.1109/a-sscc47793.2019.9056985,9056985,89.6,crossref_venue_year:2019,publisher_pdf_requires_session,15
A 265μW Continuous-Time 1–2 MASH ADC Achieving 100.6 dB SNDR in a 24 kHz Bandwidth,Sujith Billa; Suhas Dixit; Shanthi Pavan,,2019 IEEE Asian Solid-State Circuits Conference (A-SSCC),2019,ASSCC,A,Analog & Mixed-Signal,,10.1109/a-sscc47793.2019.9056938,https://ieeexplore.ieee.org/stamp/stamp.jsp?arnumber=9056938,https://doi.org/10.1109/a-sscc47793.2019.9056938,9056938,99.1,crossref_venue_year:2019,publisher_pdf_requires_session,1
A 28-GHz Compact SPDT Switch Using LC-Based Spiral Transmission Lines in 65-nm CMOS,Xiangyu Meng; Zhenpeng Zheng; Jiaqi Zhang; Patrick Yue,,2019 IEEE Asian Solid-State Circuits Conference (A-SSCC),2019,ASSCC,A,General IC,,10.1109/a-sscc47793.2019.9056909,https://ieeexplore.ieee.org/stamp/stamp.jsp?arnumber=9056909,https://doi.org/10.1109/a-sscc47793.2019.9056909,9056909,99.1,crossref_venue_year:2019,publisher_pdf_requires_session,2
A 28nm 512Kb adjacent 2T2R RRAM PUF with interleaved cell mirroring and self-adaptive splitting for extremely low bit error rate of cryptographic key,Xiaoyong Xue; Jianguo Yang; Yuejun Zhang; Mingyu Wang; Hangbing Lv; Xiaoyang Zeng; Ming Liu,,2019 IEEE Asian Solid-State Circuits Conference (A-SSCC),2019,ASSCC,A,Digital IC & Architecture,,10.1109/a-sscc47793.2019.9056893,https://ieeexplore.ieee.org/stamp/stamp.jsp?arnumber=9056893,https://doi.org/10.1109/a-sscc47793.2019.9056893,9056893,89.7,crossref_venue_year:2019,publisher_pdf_requires_session,16
A 28nm fully digital voltage monitor with 16.5uV/°C accuracy and 0.8mV quantized error from -40 to 160°C for ISO26262 ASIL-D capable MCU,Toshifumi Uemura; Yuko Kitaji; Kazuki Fukuoka,,2019 IEEE Asian Solid-State Circuits Conference (A-SSCC),2019,ASSCC,A,General IC,,10.1109/a-sscc47793.2019.9056911,https://ieeexplore.ieee.org/stamp/stamp.jsp?arnumber=9056911,https://doi.org/10.1109/a-sscc47793.2019.9056911,9056911,89.1,crossref_venue_year:2019,publisher_pdf_requires_session,1
A 2Mbps sub-100µW Crystal-less RF Transmitter with Energy Harvesting for Multi-Channel Neural Signal Acquisition,Heng Huang; Milin Zhang; Guolin Li; Zhihua Wang,,2019 IEEE Asian Solid-State Circuits Conference (A-SSCC),2019,ASSCC,A,RF/mmWave & Wireline,,10.1109/a-sscc47793.2019.9056977,https://ieeexplore.ieee.org/stamp/stamp.jsp?arnumber=9056977,https://doi.org/10.1109/a-sscc47793.2019.9056977,9056977,99.3,crossref_venue_year:2019,publisher_pdf_requires_session,5
A 32-Gb/s 0.46-pJ/bit PAM4 CDR Using a Quarter-Rate Linear Phase Detector and a Low-Power Multiphase Clock Generator,Zhao Zhang; Guang Zhu; Can Wang; Li Wang; C. Patrick Yue,,2019 IEEE Asian Solid-State Circuits Conference (A-SSCC),2019,ASSCC,A,RF/mmWave & Wireline,,10.1109/a-sscc47793.2019.9056913,https://ieeexplore.ieee.org/stamp/stamp.jsp?arnumber=9056913,https://doi.org/10.1109/a-sscc47793.2019.9056913,9056913,89.1,crossref_venue_year:2019,publisher_pdf_requires_session,2
A 360–456 MHz PLL frequency synthesizer with digitally controlled charge pump leakage calibration,Peilin Yang; Yanshu Guo; Hanjun Jiang; Zhihua Wang,,2019 IEEE Asian Solid-State Circuits Conference (A-SSCC),2019,ASSCC,A,Clocking & Frequency Generation,,10.1109/a-sscc47793.2019.9056900,https://ieeexplore.ieee.org/stamp/stamp.jsp?arnumber=9056900,https://doi.org/10.1109/a-sscc47793.2019.9056900,9056900,99.2,crossref_venue_year:2019,publisher_pdf_requires_session,3
A 4-GHz Sub-harmonically Injection-Locked Phase-Locked Loop with Self-Calibrated Injection Timing and Pulsewidth,Xuefan Jin; Dong-Seok Kang; Youngjun Ko; Kee-Won Kwon; Jung-Hoon Chun,,2019 IEEE Asian Solid-State Circuits Conference (A-SSCC),2019,ASSCC,A,General IC,,10.1109/a-sscc47793.2019.9056966,https://ieeexplore.ieee.org/stamp/stamp.jsp?arnumber=9056966,https://doi.org/10.1109/a-sscc47793.2019.9056966,9056966,89.1,crossref_venue_year:2019,publisher_pdf_requires_session,1
A 4-Mbps 41-pJ/bit On-off Keying Transceiver for Body-channel Communication with Enhanced Auto Loss Compensation Technique,Jian Zhao; Jingna Mao; Wenyu Sun; Yuxuan Huang; Yixiong Yang; Huazhong Yang; Yongpan Liu,,2019 IEEE Asian Solid-State Circuits Conference (A-SSCC),2019,ASSCC,A,RF/mmWave & Wireline,,10.1109/a-sscc47793.2019.9056946,https://ieeexplore.ieee.org/stamp/stamp.jsp?arnumber=9056946,https://doi.org/10.1109/a-sscc47793.2019.9056946,9056946,89.7,crossref_venue_year:2019,publisher_pdf_requires_session,16
A 4.8pJ/b 56Gb/s ADC-Based PAM-4 Wireline Receiver Data-Path with Cyclic Prefix in 14nm FinFET,Gain Kim; Lukas Kull; Danny Luu; Matthias Braendli; Christian Menolfi; Pier-Andrea Francese; Hazar Yueksel; Cosimo Aprile; Thomas Morf; Marcel Kossel; Alessandro Cevrero; Ilter Ozkaya; Hyeon-Min Bae; Andreas Burg; Thomas Toifl; Yusuf Leblebici,,2019 IEEE Asian Solid-State Circuits Conference (A-SSCC),2019,ASSCC,A,RF/mmWave & Wireline,,10.1109/a-sscc47793.2019.9056940,https://ieeexplore.ieee.org/stamp/stamp.jsp?arnumber=9056940,https://doi.org/10.1109/a-sscc47793.2019.9056940,9056940,109.5,crossref_venue_year:2019,publisher_pdf_requires_session,10
A 45nm 76-81GHz CMOS Radar Receiver for Automotive Applications,Debapriya Sahu; Rittu Sachdev-Singh; Harikrishna Parthasarathy; Rohit Chatterjee; Brian Ginsburg; Daniel Breen; Karan Bhatia; Sudhir Polarouthu; Vimal Edayath; Bhupendra Sharma; Meghna Agarwal; Karthik Subburaj; Anjan Prasad; Shankar Ram; Cathy Chi; Ross Kulak; Vijay Rentala; Neeraj Nayak,,2019 IEEE Asian Solid-State Circuits Conference (A-SSCC),2019,ASSCC,A,RF/mmWave & Wireline,,10.1109/a-sscc47793.2019.9056907,https://ieeexplore.ieee.org/stamp/stamp.jsp?arnumber=9056907,https://doi.org/10.1109/a-sscc47793.2019.9056907,9056907,89.5,crossref_venue_year:2019,publisher_pdf_requires_session,10
A 47.4µJ/epoch Trainable Deep Convolutional Neural Network Accelerator for In-Situ Personalization on Smart Devices,Seungkyu Choi; Jaehyeong Sim; Myeonggu Kang; Yeongjae Choi; Hyeonuk Kim; Lee-Sup Kim,,2019 IEEE Asian Solid-State Circuits Conference (A-SSCC),2019,ASSCC,A,Digital IC & Architecture,,10.1109/a-sscc47793.2019.9056972,https://ieeexplore.ieee.org/stamp/stamp.jsp?arnumber=9056972,https://doi.org/10.1109/a-sscc47793.2019.9056972,9056972,89.2,crossref_venue_year:2019,publisher_pdf_requires_session,3
A 54% Power-Saving Static Fully-Interruptible Single-Phase-Clocked Shared-Keeper Flip-Flop in 14nm CMOS,Amit Agarwal; Steven Hsu; Monodeep Kar; Mark Anders; Himanshu Kaul; Raghavan Kumar; Vikram Suresh; Sanu Mathew; Ram Krishnamurthy; Vivek De,,2019 IEEE Asian Solid-State Circuits Conference (A-SSCC),2019,ASSCC,A,General IC,,10.1109/a-sscc47793.2019.9056939,https://ieeexplore.ieee.org/stamp/stamp.jsp?arnumber=9056939,https://doi.org/10.1109/a-sscc47793.2019.9056939,9056939,99.1,crossref_venue_year:2019,publisher_pdf_requires_session,1
A 55nm 1-to-8 bit Configurable 6T SRAM based Computing-in-Memory Unit-Macro for CNN-based AI Edge Processors,Zhixiao Zhang; Jia-Jing Chen; Xin Si; Yung-Ning Tu; Jian-Wei Su; Wei-Hsing Huang; Jing-Hong Wang; Wei-Chen Wei; Yen-Cheng Chiu; Je-Min Hong; Shyh-Shyuan Sheu; Sih-Han Li; Ren-Shuo Liu; Chih-Cheng Hsieh; Kea-Tiong Tang; Meng-Fan Chang,,2019 IEEE Asian Solid-State Circuits Conference (A-SSCC),2019,ASSCC,A,Memory & Compute-in-Memory,,10.1109/a-sscc47793.2019.9056933,https://ieeexplore.ieee.org/stamp/stamp.jsp?arnumber=9056933,https://doi.org/10.1109/a-sscc47793.2019.9056933,9056933,119.9,crossref_venue_year:2019,publisher_pdf_requires_session,20
A 68 dB SNDR Compiled Noise-Shaping SAR ADC With On-Chip CDAC Calibration,Harald Garvik; Carsten Wulff; Trond Ytterdal,,2019 IEEE Asian Solid-State Circuits Conference (A-SSCC),2019,ASSCC,A,Analog & Mixed-Signal,,10.1109/a-sscc47793.2019.9056925,https://ieeexplore.ieee.org/stamp/stamp.jsp?arnumber=9056925,https://doi.org/10.1109/a-sscc47793.2019.9056925,9056925,109.2,crossref_venue_year:2019,publisher_pdf_requires_session,3
"A 69.3% Efficiency, 6.78-MHz Wireless Power Delivery System with 0X/1X Regulating Rectifier and Reconfigurable Power Amplifier",Jonathan Fuh; Fu-Bin Yang; Po-Hung Chen,,2019 IEEE Asian Solid-State Circuits Conference (A-SSCC),2019,ASSCC,A,Analog & Mixed-Signal,,10.1109/a-sscc47793.2019.9056928,https://ieeexplore.ieee.org/stamp/stamp.jsp?arnumber=9056928,https://doi.org/10.1109/a-sscc47793.2019.9056928,9056928,89.2,crossref_venue_year:2019,publisher_pdf_requires_session,4
A 7.5 - 42V Input High-VCR Monolithic DC-DC Converter Using Stacked Isolated SC Cores,Elly De Pelecijn; Michiel Steyaert,,2019 IEEE Asian Solid-State Circuits Conference (A-SSCC),2019,ASSCC,A,Power Management,,10.1109/a-sscc47793.2019.9056912,https://ieeexplore.ieee.org/stamp/stamp.jsp?arnumber=9056912,https://doi.org/10.1109/a-sscc47793.2019.9056912,9056912,89.1,crossref_venue_year:2019,publisher_pdf_requires_session,1
A 9.4MHz-to-2.4GHz Jitter-Power Reconfigurable Fractional-N Ring PLL for Multi-Standard Applications in 7nm FinFET CMOS Technology,Sangdon Jung; Jaehong Jung; Byungki Han; Seunghyun Oh; Jongwoo Lee,,2019 IEEE Asian Solid-State Circuits Conference (A-SSCC),2019,ASSCC,A,Clocking & Frequency Generation,,10.1109/a-sscc47793.2019.9056931,https://ieeexplore.ieee.org/stamp/stamp.jsp?arnumber=9056931,https://doi.org/10.1109/a-sscc47793.2019.9056931,9056931,99.6,crossref_venue_year:2019,publisher_pdf_requires_session,14
A 918MHz Wide-Range CMOS Rectifier with Diode-Feeding and Switch-Capacitor-Based Load Modulation Technique,Chen-Yi Kuo; Chun-An Lu; Yu-Te Liao,,2019 IEEE Asian Solid-State Circuits Conference (A-SSCC),2019,ASSCC,A,General IC,,10.1109/a-sscc47793.2019.9056930,https://ieeexplore.ieee.org/stamp/stamp.jsp?arnumber=9056930,https://doi.org/10.1109/a-sscc47793.2019.9056930,9056930,99.3,crossref_venue_year:2019,publisher_pdf_requires_session,7
A Blocker-Tolerant Direct Sampling Receiver for Wireless Multi-Channel Communication in 14nm FinFET CMOS,Barosaim Sung; Chilun Lo; Jaehoon Lee; Sangdon Jung; Seungjin Kim; Jaehong Jung; Seungyong Bae; Youngsea Cho; Yong Lim; Dooseok Choi; Myeongcheol Shin; Soonwoo Choi; Byungki Han; Seunghyun Oh; Jongwoo Lee,,2019 IEEE Asian Solid-State Circuits Conference (A-SSCC),2019,ASSCC,A,RF/mmWave & Wireline,,10.1109/a-sscc47793.2019.9056898,https://ieeexplore.ieee.org/stamp/stamp.jsp?arnumber=9056898,https://doi.org/10.1109/a-sscc47793.2019.9056898,9056898,89.2,crossref_venue_year:2019,publisher_pdf_requires_session,3
A CMOS Switched-Capacitor Boost Mode Envelope Tracking Regulator with 4% Efficiency Improvement at 7.7dB PAPR for 20MHz LTE Envelope Tracking RF Power Amplifiers,Neha Kumari; Shang-Hsien Yang; Ke-Horng Chen; Ying-Hsi Lin; Shian-Ru Lin; Tsung-Yen Tsai,,2019 IEEE Asian Solid-State Circuits Conference (A-SSCC),2019,ASSCC,A,RF/mmWave & Wireline,,10.1109/a-sscc47793.2019.9056959,https://ieeexplore.ieee.org/stamp/stamp.jsp?arnumber=9056959,https://doi.org/10.1109/a-sscc47793.2019.9056959,9056959,99.4,crossref_venue_year:2019,publisher_pdf_requires_session,8
A Conversion-Ratio-Insensitive High Efficiency Soft-Charging-Based SC DC-DC Boost Converter for Energy Harvesting in Miniature Sensor Systems,Junyoung Park; Hyungmin Gi; Seungchul Jung; Sang Joon Kim; Yoonmyung Lee,,2019 IEEE Asian Solid-State Circuits Conference (A-SSCC),2019,ASSCC,A,Power Management,,10.1109/a-sscc47793.2019.9056921,https://ieeexplore.ieee.org/stamp/stamp.jsp?arnumber=9056921,https://doi.org/10.1109/a-sscc47793.2019.9056921,9056921,109.1,crossref_venue_year:2019,publisher_pdf_requires_session,2
A Cost Effective Test Screening Circuit for embedded SRAM with Resume Standby on 110-nm SoC/MCU,Yoshisato Yokoyama; Kenji Goto; Tomohiro Miura; Yukari Ouchi; Daisuke Nakamura; Jiro Ishikawa; Shunya Nagata; Yoshiki Tsujihashi; Yuichiro Ishii,,2019 IEEE Asian Solid-State Circuits Conference (A-SSCC),2019,ASSCC,A,Digital IC & Architecture,,10.1109/a-sscc47793.2019.9056978,https://ieeexplore.ieee.org/stamp/stamp.jsp?arnumber=9056978,https://doi.org/10.1109/a-sscc47793.2019.9056978,9056978,89.1,crossref_venue_year:2019,publisher_pdf_requires_session,0
A DC-43.5 GHz CMOS Switched-Type Attenuator with Capacitive Compensation Technique,Peng Gu; Dixian Zhao,,2019 IEEE Asian Solid-State Circuits Conference (A-SSCC),2019,ASSCC,A,General IC,,10.1109/a-sscc47793.2019.9056896,https://ieeexplore.ieee.org/stamp/stamp.jsp?arnumber=9056896,https://doi.org/10.1109/a-sscc47793.2019.9056896,9056896,99.4,crossref_venue_year:2019,publisher_pdf_requires_session,8
A DCM ZVS Class-D Power Amplifier for Wireless Power Transfer Applications,Xinyuan Ge; Lin Cheng; Wing-Hung Ki,,2019 IEEE Asian Solid-State Circuits Conference (A-SSCC),2019,ASSCC,A,Analog & Mixed-Signal,,10.1109/a-sscc47793.2019.9056956,https://ieeexplore.ieee.org/stamp/stamp.jsp?arnumber=9056956,https://doi.org/10.1109/a-sscc47793.2019.9056956,9056956,89.4,crossref_venue_year:2019,publisher_pdf_requires_session,8
A Digitally-Calibrated 70.98dB-SNDR 625kHz-Bandwidth Temperature-Tolerant 2 nd -order Noise-Shaping SAR ADC in 65nm CMOS,Jae Sik Yoon; Jiyoon Hong; Jintae Kim,,2019 IEEE Asian Solid-State Circuits Conference (A-SSCC),2019,ASSCC,A,Analog & Mixed-Signal,,10.1109/a-sscc47793.2019.9056963,https://ieeexplore.ieee.org/stamp/stamp.jsp?arnumber=9056963,https://doi.org/10.1109/a-sscc47793.2019.9056963,9056963,99.4,crossref_venue_year:2019,publisher_pdf_requires_session,9
A Fully Integrated 27.5-30.5 GHz 8-Element Phased-Array Transmit Front-end Module in 65 nm CMOS,An'an Li; Yingtao Ding; Zipeng Chen; Wei Wang; Sijia Jiang; Shiyan Sun; Zhiming Chen; Baoyong Chi,,2019 IEEE Asian Solid-State Circuits Conference (A-SSCC),2019,ASSCC,A,RF/mmWave & Wireline,,10.1109/a-sscc47793.2019.9056973,https://ieeexplore.ieee.org/stamp/stamp.jsp?arnumber=9056973,https://doi.org/10.1109/a-sscc47793.2019.9056973,9056973,89.5,crossref_venue_year:2019,publisher_pdf_requires_session,10
A High DR High-Input-Impedance Programmable-Gain ECG Acquisition Interface with Non-inverting Continuous Time Sigma-Delta Modulator,Junhao Liang; Sai-Weng Sin; U. Seng-Pan; Franco Maloberti; R.P. Martins; Hanjun Jiang,,2019 IEEE Asian Solid-State Circuits Conference (A-SSCC),2019,ASSCC,A,Analog & Mixed-Signal,,10.1109/a-sscc47793.2019.9056891,https://ieeexplore.ieee.org/stamp/stamp.jsp?arnumber=9056891,https://doi.org/10.1109/a-sscc47793.2019.9056891,9056891,89.4,crossref_venue_year:2019,publisher_pdf_requires_session,9
A High-Performance Low Complexity All-Digital Fractional Clock Multiplier,Nahla T. Abou-El-Kheir; Ralph D. Mason; Mingze Li; M.C.E. Yagoub,,2019 IEEE Asian Solid-State Circuits Conference (A-SSCC),2019,ASSCC,A,RF/mmWave & Wireline,,10.1109/a-sscc47793.2019.9056905,https://ieeexplore.ieee.org/stamp/stamp.jsp?arnumber=9056905,https://doi.org/10.1109/a-sscc47793.2019.9056905,9056905,89.1,crossref_venue_year:2019,publisher_pdf_requires_session,0
A Ka-Band CMOS Phase-Inverting Amplifier with 0.6 dB Gain Error and 2.5° Phase Error,Chenyu Xu; Dixian Zhao,,2019 IEEE Asian Solid-State Circuits Conference (A-SSCC),2019,ASSCC,A,Analog & Mixed-Signal,,10.1109/a-sscc47793.2019.9056917,https://ieeexplore.ieee.org/stamp/stamp.jsp?arnumber=9056917,https://doi.org/10.1109/a-sscc47793.2019.9056917,9056917,89.2,crossref_venue_year:2019,publisher_pdf_requires_session,4
A Low-Noise Sub-Bandgap Reference with a ±0.64% Untrimmed Precision in 16nm FinFET,Matthias Eberlein; Harald Pretl,,2019 IEEE Asian Solid-State Circuits Conference (A-SSCC),2019,ASSCC,A,Analog & Mixed-Signal,,10.1109/a-sscc47793.2019.9056942,https://ieeexplore.ieee.org/stamp/stamp.jsp?arnumber=9056942,https://doi.org/10.1109/a-sscc47793.2019.9056942,9056942,99.2,crossref_venue_year:2019,publisher_pdf_requires_session,4
A Maximum-Eye-Tracking CDR with Biased Data-Level and Eye Slope Detector for Optimal Timing Adaptation,Hye-Yoon Joo; Deog-Kyoon Jeong,,2019 IEEE Asian Solid-State Circuits Conference (A-SSCC),2019,ASSCC,A,Analog & Mixed-Signal,,10.1109/a-sscc47793.2019.9056953,https://ieeexplore.ieee.org/stamp/stamp.jsp?arnumber=9056953,https://doi.org/10.1109/a-sscc47793.2019.9056953,9056953,89.2,crossref_venue_year:2019,publisher_pdf_requires_session,3
A Millimeter Wave Digital CMOS Baseband Transceiver for Wireless LAN Applications,Kang-Lun Chiu; Hsun-Wei Chan; Wei-Che Lee; Chang-Ting Wu; Henry Lopez; Hung-Chih Liu; Meng-Yuan Huang; Chun-Yi Liu; Tsai-Hua Lee; Hsin-Ting Chang; Chih-Wei Jen; Nien-Hsiang Chang; Pei-Yun Tsai; Yen-Cheng Kuan; Shyh-Jye Jou,,2019 IEEE Asian Solid-State Circuits Conference (A-SSCC),2019,ASSCC,A,RF/mmWave & Wireline,,10.1109/a-sscc47793.2019.9056920,https://ieeexplore.ieee.org/stamp/stamp.jsp?arnumber=9056920,https://doi.org/10.1109/a-sscc47793.2019.9056920,9056920,89.2,crossref_venue_year:2019,publisher_pdf_requires_session,4
A Multi-Slice VCO-based Quantizer for On-Chip Power Supply Noise Analysis Achieving 0.11 (mV) 2 /sqrt(MHz) Noise Floor,Pengfei Zhai; Xiong Zhou; Yan Cai; Zheng Zhu; Fan Zhang; Zixiao Lin; Qiang Li,,2019 IEEE Asian Solid-State Circuits Conference (A-SSCC),2019,ASSCC,A,Clocking & Frequency Generation,,10.1109/a-sscc47793.2019.9056960,https://ieeexplore.ieee.org/stamp/stamp.jsp?arnumber=9056960,https://doi.org/10.1109/a-sscc47793.2019.9056960,9056960,89.1,crossref_venue_year:2019,publisher_pdf_requires_session,2
A Packaged Fully Digital 390GHz Harmonic Outphasing Transmitter in 28nm CMOS,Alexander Standaert; Patrick Reynaert,,2019 IEEE Asian Solid-State Circuits Conference (A-SSCC),2019,ASSCC,A,RF/mmWave & Wireline,,10.1109/a-sscc47793.2019.9056947,https://ieeexplore.ieee.org/stamp/stamp.jsp?arnumber=9056947,https://doi.org/10.1109/a-sscc47793.2019.9056947,9056947,89.1,crossref_venue_year:2019,publisher_pdf_requires_session,1
A Piezoelectric Energy Harvesting Interface for Irregular High Voltage Input with Partial Electric Charge Extraction with 3.9× Extraction Improvement,Muhammad Bilawal Khan; Hassan Saif; Yoonmyung Lee,,2019 IEEE Asian Solid-State Circuits Conference (A-SSCC),2019,ASSCC,A,RF/mmWave & Wireline,,10.1109/a-sscc47793.2019.9056937,https://ieeexplore.ieee.org/stamp/stamp.jsp?arnumber=9056937,https://doi.org/10.1109/a-sscc47793.2019.9056937,9056937,89.3,crossref_venue_year:2019,publisher_pdf_requires_session,5
A Si-Backside Protection Circuits Against Physical Security Attacks on Flip-Chip Devices,Takuji Miki; Makoto Nagata; Hiroki Sonoda; Noriyuki Miura; Takaaki Okidono; Yuuki Araga; Naoya Watanabe; H. Shimamoto; Katsuya Kikuchi,Kobe University; National Institute of Advanced Industrial Science and Technology,ASSCC,2019,ASSCC,A,Security & Reliability,"Flip-chip semiconductor packaging reduces the footprint of IC chips while leads to serious vulnerabilities against emerging backside physical security attacks. The proposed backside buried metal (BBM) structure forming a meander wire pattern on the Si backside detects unexpected disconnection of the meander wire and warns malicious attempts. Besides prevention is also achieved against both passive probing attacks and active laser fault injection as well. Unlike other conventional laminate-based protection, this backside monolithic approach does not require frontside wiring resources or additional packaging layers, resulting in only 0.0025 % area-overhead. The BBM meander was formed on the backside of a 0.13 μn CMOS cryptographic chip by wafer-level via-last backside buried metal processing.",10.1109/a-sscc47793.2019.9056950,https://da.lib.kobe-u.ac.jp/da/kernel/0100476386/0100476386.pdf,https://doi.org/10.1109/a-sscc47793.2019.9056950,9056950,99.5,venue_year_search:2019,open_pdf_available,11
A Single-Inductor Triple-Output Converter with an Automatic Detection of DC or AC Energy Harvesting Source for Supplying 93% Efficiency and 0.05mV/mA Cross Regulation to Wearable Electronics,T. Nagateja; Shao-Qi Chen; Li-Cheng Chu; Ke-Horng Chen; Ying-Hsi Lin; Shian-Ru Lin; Tsung-Yen Tsai,,2019 IEEE Asian Solid-State Circuits Conference (A-SSCC),2019,ASSCC,A,Power Management,,10.1109/a-sscc47793.2019.9056895,https://ieeexplore.ieee.org/stamp/stamp.jsp?arnumber=9056895,https://doi.org/10.1109/a-sscc47793.2019.9056895,9056895,89.1,crossref_venue_year:2019,publisher_pdf_requires_session,1
A Single-Supply Buffer-Embedding SAR ADC with Skip-Reset having Inherent Chopping Capability,Min-Jae Seo; Dong-Hwan Jin; Ye-Dam Kim; Jong-Pal Kim; Dong-Jin Chang; Won-Mook Lim; Jae-Hyun Chung; Chang-Un Park; Eun-Ji An; Seung-Tak Ryu,,2019 IEEE Asian Solid-State Circuits Conference (A-SSCC),2019,ASSCC,A,Analog & Mixed-Signal,,10.1109/a-sscc47793.2019.9056894,https://ieeexplore.ieee.org/stamp/stamp.jsp?arnumber=9056894,https://doi.org/10.1109/a-sscc47793.2019.9056894,9056894,99.3,crossref_venue_year:2019,publisher_pdf_requires_session,5
"A Smart Hardware Security Engine Combining Entropy Sources of ECG, HRV and SRAM PUF for Authentication and Secret Key Generation",Sai Kiran Cherupally; Shihui Yin; Deepak Kadetotad; Chisung Bae; Sang Joon Kim; Jae-Sun Seo,,2019 IEEE Asian Solid-State Circuits Conference (A-SSCC),2019,ASSCC,A,Security & Reliability,,10.1109/a-sscc47793.2019.9056922,https://ieeexplore.ieee.org/stamp/stamp.jsp?arnumber=9056922,https://doi.org/10.1109/a-sscc47793.2019.9056922,9056922,99.2,crossref_venue_year:2019,publisher_pdf_requires_session,3
A Sparse-Adaptive CNN Processor with Area/Performance balanced N-Way Set-Associate PE Arrays Assisted by a Collision-Aware Scheduler,Zhe Yuan; Jingyu Wang; Yixiong Yang; Jinshan Yue; Zhibo Wang; Xiaoyu Feng; Yanzhi Wang; Xueqing Li; Huazhong Yang; Yongpan Liu,,2019 IEEE Asian Solid-State Circuits Conference (A-SSCC),2019,ASSCC,A,Digital IC & Architecture,,10.1109/a-sscc47793.2019.9056918,https://ieeexplore.ieee.org/stamp/stamp.jsp?arnumber=9056918,https://doi.org/10.1109/a-sscc47793.2019.9056918,9056918,99.5,crossref_venue_year:2019,publisher_pdf_requires_session,12
"A Sub-0.6V, 330 µW, 0.15 mm 2 Receiver Front-End for Bluetooth Low Energy (BLE) in 22 nm FD-SOI with Zero External Components",Ehsan Kargaran; Carl Bryant; Danilo Manstretta; Jon Strange; Rinaldo Castello,,2019 IEEE Asian Solid-State Circuits Conference (A-SSCC),2019,ASSCC,A,RF/mmWave & Wireline,,10.1109/a-sscc47793.2019.9056899,https://ieeexplore.ieee.org/stamp/stamp.jsp?arnumber=9056899,https://doi.org/10.1109/a-sscc47793.2019.9056899,9056899,99.3,crossref_venue_year:2019,publisher_pdf_requires_session,7
A Sub-Sampling PLL with Robust Operation under Supply Interference and Short Re-Locking Time,Yuan Cheng Qian; Yen-Yu Chao; Shen-Iuan Liu,,2019 IEEE Asian Solid-State Circuits Conference (A-SSCC),2019,ASSCC,A,RF/mmWave & Wireline,,10.1109/a-sscc47793.2019.9056927,https://ieeexplore.ieee.org/stamp/stamp.jsp?arnumber=9056927,https://doi.org/10.1109/a-sscc47793.2019.9056927,9056927,89.3,crossref_venue_year:2019,publisher_pdf_requires_session,5
A battery-less 31 µW HBC receiver with RF energy harvester for implantable devices,Jihee Lee; Jaeeun Jang; Jaehyuk Lee; Hoi-Jun Yoo,,2019 IEEE Asian Solid-State Circuits Conference (A-SSCC),2019,ASSCC,A,RF/mmWave & Wireline,,10.1109/a-sscc47793.2019.9056908,https://ieeexplore.ieee.org/stamp/stamp.jsp?arnumber=9056908,https://doi.org/10.1109/a-sscc47793.2019.9056908,9056908,99.1,crossref_venue_year:2019,publisher_pdf_requires_session,1
AI and IoT for Social Value Creation,Yasunori Mochizuki,,2019 IEEE Asian Solid-State Circuits Conference (A-SSCC),2019,ASSCC,A,Digital IC & Architecture,,10.1109/a-sscc47793.2019.9056955,https://ieeexplore.ieee.org/stamp/stamp.jsp?arnumber=9056955,https://doi.org/10.1109/a-sscc47793.2019.9056955,9056955,89.1,crossref_venue_year:2019,publisher_pdf_requires_session,1
An 80mA Capacitor-Less LDO with 6.5µA Quiescent Current and No Frequency Compensation Using Adaptive-Deadzone Ring Amplifier,Bohui Xiao; Praveen Kumar Venkatachala; Yang Xu; Ahmed ElShater; Calvin Yoji Lee; Spencer Leuenberger; Qadeer Ahmad Khan; Un-Ku Moon,,2019 IEEE Asian Solid-State Circuits Conference (A-SSCC),2019,ASSCC,A,Analog & Mixed-Signal,,10.1109/a-sscc47793.2019.9056970,https://ieeexplore.ieee.org/stamp/stamp.jsp?arnumber=9056970,https://doi.org/10.1109/a-sscc47793.2019.9056970,9056970,89.2,crossref_venue_year:2019,publisher_pdf_requires_session,4
An Asynchronous Reconfigurable SNN Accelerator With Event-Driven Time Step Update,Jilin Zhang; Hui Wu; Jinsong Wei; Shaojun Wei; Hong Chen,,2019 IEEE Asian Solid-State Circuits Conference (A-SSCC),2019,ASSCC,A,Digital IC & Architecture,,10.1109/a-sscc47793.2019.9056903,https://ieeexplore.ieee.org/stamp/stamp.jsp?arnumber=9056903,https://doi.org/10.1109/a-sscc47793.2019.9056903,9056903,90.5,crossref_venue_year:2019,publisher_pdf_requires_session,35
An Energy-Efficient BJT-Based Temperature-to-Digital Converter with ±0.13°C (3σ) Inaccuracy from -40 to 125°C,Rushil K. Kumar; Hui Jiang; Kofi A. A. Makinwa,,2019 IEEE Asian Solid-State Circuits Conference (A-SSCC),2019,ASSCC,A,General IC,,10.1109/a-sscc47793.2019.9056962,https://ieeexplore.ieee.org/stamp/stamp.jsp?arnumber=9056962,https://doi.org/10.1109/a-sscc47793.2019.9056962,9056962,89.8,crossref_venue_year:2019,publisher_pdf_requires_session,18
An IoT Sensor Node SoC with Dynamic Power Scheduling for Sustainable Operation in Energy Harvesting Environment,Yuji Yano; Seiya Yoshida; Shintaro Izumi; Hiroshi Kawaguchi; Tetsuya Hirose; Masaya Miyahara; Teruki Someya; Kenichi Okada; Ippei Akita; Yoshihiko Kurui; Hideyuki Tomizawa; Masahiko Yoshimoto,,2019 IEEE Asian Solid-State Circuits Conference (A-SSCC),2019,ASSCC,A,Power Management,,10.1109/a-sscc47793.2019.9056902,https://ieeexplore.ieee.org/stamp/stamp.jsp?arnumber=9056902,https://doi.org/10.1109/a-sscc47793.2019.9056902,9056902,89.2,crossref_venue_year:2019,publisher_pdf_requires_session,3
An Untrimmed PVT-Robust 12-bit 1-MS/s SAR ADC IP in 55nm Deeply Depleted Channel CMOS Process,Y. Zha; L. Zahnd; J. Deng; D. Ruffieux; K. Badami; T. Mavrogordatos; Y. Matsuo; S. Emery,,2019 IEEE Asian Solid-State Circuits Conference (A-SSCC),2019,ASSCC,A,Analog & Mixed-Signal,,10.1109/a-sscc47793.2019.9056965,https://ieeexplore.ieee.org/stamp/stamp.jsp?arnumber=9056965,https://doi.org/10.1109/a-sscc47793.2019.9056965,9056965,99.3,crossref_venue_year:2019,publisher_pdf_requires_session,6
Claire Chen Speaks at WiC Networking Luncheon at A-SSCC [Society News],Ping-Hsuan Hsieh,,IEEE Solid-State Circuits Magazine,2019,ASSCC,A,Digital IC & Architecture,Presents news and information of interest to the SSCS society.,10.1109/mssc.2018.2882100,https://ieeexplore.ieee.org/ielx7/4563670/8634956/08634964.pdf,https://doi.org/10.1109/mssc.2018.2882100,2882100,89.1,venue_year_search:2019,publisher_pdf_requires_session,1
Committees,,,2019 IEEE Asian Solid-State Circuits Conference (A-SSCC),2019,ASSCC,A,General IC,,10.1109/a-sscc47793.2019.9056904,https://ieeexplore.ieee.org/stamp/stamp.jsp?arnumber=9056904,https://doi.org/10.1109/a-sscc47793.2019.9056904,9056904,89.1,crossref_venue_year:2019,publisher_pdf_requires_session,0
Configurable BCAM/TCAM Based on 6T SRAM Bit Cell and Enhanced Match Line Clamping,Jongeun Koo; Eunhwan Kim; Seunghyun Yoo; Taesu Kim; Sungju Ryu; Jae-Joon Kim,,2019 IEEE Asian Solid-State Circuits Conference (A-SSCC),2019,ASSCC,A,Memory & Compute-in-Memory,,10.1109/a-sscc47793.2019.9056974,https://ieeexplore.ieee.org/stamp/stamp.jsp?arnumber=9056974,https://doi.org/10.1109/a-sscc47793.2019.9056974,9056974,89.7,crossref_venue_year:2019,publisher_pdf_requires_session,17
Direct-Conversion Receiver Front-End for 180 GHz with 80 GHz Bandwidth in 130nm SiGe,Paul Starke; Andres Seidel; Corrado Carta; Frank Ellinger,,2019 IEEE Asian Solid-State Circuits Conference (A-SSCC),2019,ASSCC,A,RF/mmWave & Wireline,,10.1109/a-sscc47793.2019.9056980,https://ieeexplore.ieee.org/stamp/stamp.jsp?arnumber=9056980,https://doi.org/10.1109/a-sscc47793.2019.9056980,9056980,99.3,crossref_venue_year:2019,publisher_pdf_requires_session,6
Drop-In Energy-Performance Range Extension in Microcontrollers Beyond VDD Scaling,Saurabh Jain; Longyang Lin; Massimo Alioto,,2019 IEEE Asian Solid-State Circuits Conference (A-SSCC),2019,ASSCC,A,RF/mmWave & Wireline,,10.1109/a-sscc47793.2019.9056919,https://ieeexplore.ieee.org/stamp/stamp.jsp?arnumber=9056919,https://doi.org/10.1109/a-sscc47793.2019.9056919,9056919,89.2,crossref_venue_year:2019,publisher_pdf_requires_session,4
FPGA-Based Sparsity-Aware CNN Accelerator for Noise-Resilient Edge-Level Image Recognition,Seungsik Moon; Hyunhoon Lee; Younghoon Byun; Jongmin Park; Junseo Joe; Seokha Hwang; Sunggu Lee; Youngjoo Lee,,2019 IEEE Asian Solid-State Circuits Conference (A-SSCC),2019,ASSCC,A,Digital IC & Architecture,,10.1109/a-sscc47793.2019.9056957,https://ieeexplore.ieee.org/stamp/stamp.jsp?arnumber=9056957,https://doi.org/10.1109/a-sscc47793.2019.9056957,9056957,89.5,crossref_venue_year:2019,publisher_pdf_requires_session,11
Flexible Low Power CNN Accelerator for Edge Computing with Weight Tuning,Miaorong Wang; Anantha P. Chandrakasan,,2019 IEEE Asian Solid-State Circuits Conference (A-SSCC),2019,ASSCC,A,Digital IC & Architecture,,10.1109/a-sscc47793.2019.9056941,https://ieeexplore.ieee.org/stamp/stamp.jsp?arnumber=9056941,https://doi.org/10.1109/a-sscc47793.2019.9056941,9056941,89.3,crossref_venue_year:2019,publisher_pdf_requires_session,6
Foreword,,,2019 IEEE Asian Solid-State Circuits Conference (A-SSCC),2019,ASSCC,A,General IC,,10.1109/a-sscc47793.2019.9056923,https://ieeexplore.ieee.org/stamp/stamp.jsp?arnumber=9056923,https://doi.org/10.1109/a-sscc47793.2019.9056923,9056923,89.1,crossref_venue_year:2019,publisher_pdf_requires_session,0
"HyCUBE: A 0.9V 26.4 MOPS/mW, 290 pJ/op, Power Efficient Accelerator for IoT Applications",Bo Wang; Manupa Karunarathne; Aditi Kulkarni; Tulika Mitra; Li-Shiuan Peh,,2019 IEEE Asian Solid-State Circuits Conference (A-SSCC),2019,ASSCC,A,Digital IC & Architecture,,10.1109/a-sscc47793.2019.9056954,https://ieeexplore.ieee.org/stamp/stamp.jsp?arnumber=9056954,https://doi.org/10.1109/a-sscc47793.2019.9056954,9056954,90.3,crossref_venue_year:2019,publisher_pdf_requires_session,30
IEEE Asian Solid-State Circuits Conference A-SSCC 2019,,,IEEE Journal of Solid-State Circuits,2019,ASSCC,A,General IC,,10.1109/jssc.2019.2922075,https://ieeexplore.ieee.org/ielx7/4/8746734/08746744.pdf,http://doi.org/10.1109/jssc.2019.2922075,2922075,89.9,venue_year_search:2019,publisher_pdf_requires_session,20
Index,,,2019 IEEE Asian Solid-State Circuits Conference (A-SSCC),2019,ASSCC,A,General IC,,10.1109/a-sscc47793.2019.9056906,https://ieeexplore.ieee.org/stamp/stamp.jsp?arnumber=9056906,https://doi.org/10.1109/a-sscc47793.2019.9056906,9056906,89.1,crossref_venue_year:2019,publisher_pdf_requires_session,0
"Memory Centric Computing, The Foundation of the Next Smart Society",Kyo Won Jin,,2019 IEEE Asian Solid-State Circuits Conference (A-SSCC),2019,ASSCC,A,Digital IC & Architecture,,10.1109/a-sscc47793.2019.9056892,https://ieeexplore.ieee.org/stamp/stamp.jsp?arnumber=9056892,https://doi.org/10.1109/a-sscc47793.2019.9056892,9056892,89.1,crossref_venue_year:2019,publisher_pdf_requires_session,0
Millimeter-Wave System-on-Chip Applications from Space Explorations to Contactless Connectivity,Mau-Chung Frank Chang,,2019 IEEE Asian Solid-State Circuits Conference (A-SSCC),2019,ASSCC,A,RF/mmWave & Wireline,,10.1109/a-sscc47793.2019.9056961,https://ieeexplore.ieee.org/stamp/stamp.jsp?arnumber=9056961,https://doi.org/10.1109/a-sscc47793.2019.9056961,9056961,89.1,crossref_venue_year:2019,publisher_pdf_requires_session,0
Panel discussion: Are Analog and Mixed Mode Circuits the future solution of AI SoCs?,,,2019 IEEE Asian Solid-State Circuits Conference (A-SSCC),2019,ASSCC,A,Digital IC & Architecture,,10.1109/a-sscc47793.2019.9056934,https://ieeexplore.ieee.org/stamp/stamp.jsp?arnumber=9056934,https://doi.org/10.1109/a-sscc47793.2019.9056934,9056934,89.1,crossref_venue_year:2019,publisher_pdf_requires_session,0
Privacy-Aware Data-Lifetime Control NAND Flash System for Right to be Forgotten with In-3D Vertical Cell Processing,Shun Suzuki; Kyoji Mizoguchi; Hikaru Watanabe; Toshiki Nakamura; Yoshiaki Deguchi; Keita Mizushina; Ken Takeuchi,,2019 IEEE Asian Solid-State Circuits Conference (A-SSCC),2019,ASSCC,A,Memory & Compute-in-Memory,,10.1109/a-sscc47793.2019.9056971,https://ieeexplore.ieee.org/stamp/stamp.jsp?arnumber=9056971,https://doi.org/10.1109/a-sscc47793.2019.9056971,9056971,89.1,crossref_venue_year:2019,publisher_pdf_requires_session,2
Sub-ns Access Sub-mW/GHz 32 Kb SRAM with 0.45 V Cross-Point-5T Cell and Built-in Y_ Line,C.Y. He; K. H. Tang; T. S. Chen; K. Y. Chang; C. H. Lin; K. Sato; S. J. Jou; P. H. Chen; H. M. Chen; B. D. Rong; K. Itoh,,2019 IEEE Asian Solid-State Circuits Conference (A-SSCC),2019,ASSCC,A,Memory & Compute-in-Memory,,10.1109/a-sscc47793.2019.9056897,https://ieeexplore.ieee.org/stamp/stamp.jsp?arnumber=9056897,https://doi.org/10.1109/a-sscc47793.2019.9056897,9056897,89.1,crossref_venue_year:2019,publisher_pdf_requires_session,0
T/R-Switch Composed of 3 High-Voltage MOSFETs with 12.1 µW Consumption that can Perform Per-channel TX to RX Self-Loopback AC Tests for 3D Ultrasound Imaging with 3072-channel Transceiver,Shinya Kajiyama; Yutaka Igarashi; Toru Yazaki; Yusaku Katsube; Takuma Nishimoto; Tatsuo Nakagawa; Yohei Nakamura; Yoshihiro Hayashi; Taizo Yamawaki,,2019 IEEE Asian Solid-State Circuits Conference (A-SSCC),2019,ASSCC,A,RF/mmWave & Wireline,,10.1109/a-sscc47793.2019.9056949,https://ieeexplore.ieee.org/stamp/stamp.jsp?arnumber=9056949,https://doi.org/10.1109/a-sscc47793.2019.9056949,9056949,99.1,crossref_venue_year:2019,publisher_pdf_requires_session,2
Table of Content,,,2019 IEEE Asian Solid-State Circuits Conference (A-SSCC),2019,ASSCC,A,General IC,,10.1109/a-sscc47793.2019.9056958,https://ieeexplore.ieee.org/stamp/stamp.jsp?arnumber=9056958,https://doi.org/10.1109/a-sscc47793.2019.9056958,9056958,89.1,crossref_venue_year:2019,publisher_pdf_requires_session,0
Time-Based Digital LDO Regualtor with Fractionally Controlled Power Transistor Strength and Fast Transient Response,Jin-Gyu Kang; Min-Gyu Jeong; Jeongpyo Park; Changsik Yoo,,2019 IEEE Asian Solid-State Circuits Conference (A-SSCC),2019,ASSCC,A,Power Management,,10.1109/a-sscc47793.2019.9056901,https://ieeexplore.ieee.org/stamp/stamp.jsp?arnumber=9056901,https://doi.org/10.1109/a-sscc47793.2019.9056901,9056901,89.3,crossref_venue_year:2019,publisher_pdf_requires_session,6
Welcome Message,,,2019 IEEE Asian Solid-State Circuits Conference (A-SSCC),2019,ASSCC,A,General IC,,10.1109/a-sscc47793.2019.9056936,https://ieeexplore.ieee.org/stamp/stamp.jsp?arnumber=9056936,https://doi.org/10.1109/a-sscc47793.2019.9056936,9056936,89.1,crossref_venue_year:2019,publisher_pdf_requires_session,0
What are the driving forces of DRAM?,YiMing Zhu,,2019 IEEE Asian Solid-State Circuits Conference (A-SSCC),2019,ASSCC,A,Memory & Compute-in-Memory,,10.1109/a-sscc47793.2019.9056935,https://ieeexplore.ieee.org/stamp/stamp.jsp?arnumber=9056935,https://doi.org/10.1109/a-sscc47793.2019.9056935,9056935,89.1,crossref_venue_year:2019,publisher_pdf_requires_session,1
0.5V 4.8 pJ/SOP 0.93\mu \mathrm{W}$ Leakage/core Neuromorphic Processor with Asynchronous NoC and Reconfigurable LIF Neuron,V. P. Nambiar; J. Pu; Y. K. Lee; A. Mani; T. Luo; L. Yang; E. K. Koh; M. M. Wong; F. Li; W. L. Goh; A. T. Do,,2020 IEEE Asian Solid-State Circuits Conference (A-SSCC),2020,ASSCC,A,Digital IC & Architecture,,10.1109/a-sscc48613.2020.9336142,https://ieeexplore.ieee.org/stamp/stamp.jsp?arnumber=9336142,https://doi.org/10.1109/a-sscc48613.2020.9336142,9336142,90,crossref_venue_year:2020,publisher_pdf_requires_session,16
287-GHz CMOS Transceiver Pixel Array in a QFN Package for Active Imaging,Pranith R. Byreddy; Yukun Zhu; Harshpreet S. Bakshi; Kenneth K. O.; Wooyeol Choi,,2020 IEEE Asian Solid-State Circuits Conference (A-SSCC),2020,ASSCC,A,RF/mmWave & Wireline,,10.1109/a-sscc48613.2020.9336111,https://ieeexplore.ieee.org/stamp/stamp.jsp?arnumber=9336111,https://doi.org/10.1109/a-sscc48613.2020.9336111,9336111,89.8,crossref_venue_year:2020,publisher_pdf_requires_session,11
A $186\mu \mathrm{W}$ Glucose Monitoring SoC using Near-Infrared Photoplethysmography,Aminah Hina; Wala Saadeh,,2020 IEEE Asian Solid-State Circuits Conference (A-SSCC),2020,ASSCC,A,Digital IC & Architecture,,10.1109/a-sscc48613.2020.9336124,https://ieeexplore.ieee.org/stamp/stamp.jsp?arnumber=9336124,https://doi.org/10.1109/a-sscc48613.2020.9336124,9336124,89.7,crossref_venue_year:2020,publisher_pdf_requires_session,7
A 0.4-1.7GHz Wide Range Fractional-N PLL Using a Transition-Detection DAC for Jitter Reduction,Jaekwang Yun; Sangyoon Lee; Yong-Un Jeong; Shin-Hyun Jeong; Suhwan Kim,,2020 IEEE Asian Solid-State Circuits Conference (A-SSCC),2020,ASSCC,A,Clocking & Frequency Generation,,10.1109/a-sscc48613.2020.9336144,https://ieeexplore.ieee.org/stamp/stamp.jsp?arnumber=9336144,https://doi.org/10.1109/a-sscc48613.2020.9336144,9336144,99.5,crossref_venue_year:2020,publisher_pdf_requires_session,3
"A 0.5-to-1.2V, 310nA Quiescent Current, 3fs-FoM Time-Domain Output-Capacitorless LDO with Propagation-Delay-Triggered Edge Detector",Jianming Zhao; Yuan Gao,,2020 IEEE Asian Solid-State Circuits Conference (A-SSCC),2020,ASSCC,A,Power Management,,10.1109/a-sscc48613.2020.9336121,https://ieeexplore.ieee.org/stamp/stamp.jsp?arnumber=9336121,https://doi.org/10.1109/a-sscc48613.2020.9336121,9336121,89.6,crossref_venue_year:2020,publisher_pdf_requires_session,5
A 10-b 900-MS/s Single-Channel Pipelined-SAR ADC Using Current-Mode Reference Scaling,Kang-Il Cho; Ho-Jin Kim; Jun-Ho Boo; Yong-Sik Kwak; Jun-Sang Park; Seung-Hoon Lee; Gil-Cho Ahn,,2020 IEEE Asian Solid-State Circuits Conference (A-SSCC),2020,ASSCC,A,Analog & Mixed-Signal,,10.1109/a-sscc48613.2020.9336103,https://ieeexplore.ieee.org/stamp/stamp.jsp?arnumber=9336103,https://doi.org/10.1109/a-sscc48613.2020.9336103,9336103,109.4,crossref_venue_year:2020,publisher_pdf_requires_session,1
A 112-765 GOPS/W FPGA-based CNN Accelerator using Importance Map Guided Adaptive Activation Sparsification for Pix2pix Applications,Wenyu Sun; Chen Tang; Zhuqing Yuan; Zhe Yuan; Huazhong Yang; Yongpan Liu,,2020 IEEE Asian Solid-State Circuits Conference (A-SSCC),2020,ASSCC,A,Digital IC & Architecture,,10.1109/a-sscc48613.2020.9336115,https://ieeexplore.ieee.org/stamp/stamp.jsp?arnumber=9336115,https://doi.org/10.1109/a-sscc48613.2020.9336115,9336115,89.7,crossref_venue_year:2020,publisher_pdf_requires_session,7
A 12.1 TOPS/W Mixed-precision Quantized Deep Convolutional Neural Network Accelerator for Low Power on Edge / Endpoint Device,Takanori Isono; Makoto Yamakura; Satoshi Shimaya; Isao Kawamoto; Nobuhiro Tsuboi; Masaaki Mineo; Wataru Nakajima; Kenichi Ishida; Shin Sasaki; Toshio Higuchi; Masahiro Hoshaku; Daisuke Murakami; Toshifumi Iwasaki; Hiroshi Hirai,,2020 IEEE Asian Solid-State Circuits Conference (A-SSCC),2020,ASSCC,A,Digital IC & Architecture,,10.1109/a-sscc48613.2020.9336137,https://ieeexplore.ieee.org/stamp/stamp.jsp?arnumber=9336137,https://doi.org/10.1109/a-sscc48613.2020.9336137,9336137,89.6,crossref_venue_year:2020,publisher_pdf_requires_session,4
"A 16/64 QAM Baseband SoC for mm-Wave Transceiver with Self-Healing for FD/FI IQ Mismatch, LO Leakage and CFO/SCO/PNC",Hung-Chih Liu; Hsun-Wei Chan; Henry Lopez; Kang-Lun Chiu; Chih-Wei Jen; Ngoc-Giang Doan; Zheng-Chun Huang; Hsin-Ting Chang; Nien-Hsiang Chang; Pei-Yun Tsai; Yen-Cheng Kuan; Shyh-Jye Jou,,2020 IEEE Asian Solid-State Circuits Conference (A-SSCC),2020,ASSCC,A,RF/mmWave & Wireline,,10.1109/a-sscc48613.2020.9336151,https://ieeexplore.ieee.org/stamp/stamp.jsp?arnumber=9336151,https://doi.org/10.1109/a-sscc48613.2020.9336151,9336151,99.6,crossref_venue_year:2020,publisher_pdf_requires_session,4
A 16b 1.62MS/s Calibration-free SAR ADC with 86.6dB SNDR utilizing DAC Mismatch Cancellation Based on Symmetry,Shota Konno; Yuichi Miyahara; Kazuki Sobue; Koichi Hamashita,,2020 IEEE Asian Solid-State Circuits Conference (A-SSCC),2020,ASSCC,A,Analog & Mixed-Signal,,10.1109/a-sscc48613.2020.9336130,https://ieeexplore.ieee.org/stamp/stamp.jsp?arnumber=9336130,https://doi.org/10.1109/a-sscc48613.2020.9336130,9336130,109.9,crossref_venue_year:2020,publisher_pdf_requires_session,12
A 17.7-pJ/Cycle ECG Processor for Arrhythmia Detection with High Immunity to Power Line Interference and Baseline Drift,Yue Yin; Syed Muhammad Abubakar; Songyao Tan; Hanjun Jiang; Zhihua Wang; Seng-Pan U; Wen Jia,,2020 IEEE Asian Solid-State Circuits Conference (A-SSCC),2020,ASSCC,A,RF/mmWave & Wireline,,10.1109/a-sscc48613.2020.9336104,https://ieeexplore.ieee.org/stamp/stamp.jsp?arnumber=9336104,https://doi.org/10.1109/a-sscc48613.2020.9336104,9336104,89.8,crossref_venue_year:2020,publisher_pdf_requires_session,10
A 2-Electrode ECG Amplifier with 0.5% Nominal Gain Shift and 0.13% THD in a 530mV pp Input Common-Mode Range,Jiawei Xu; Zhiliang Hong,,2020 IEEE Asian Solid-State Circuits Conference (A-SSCC),2020,ASSCC,A,Analog & Mixed-Signal,,10.1109/a-sscc48613.2020.9336150,https://ieeexplore.ieee.org/stamp/stamp.jsp?arnumber=9336150,https://doi.org/10.1109/a-sscc48613.2020.9336150,9336150,90,crossref_venue_year:2020,publisher_pdf_requires_session,15
A 2.2mW 12-bit 200MS/s 28nm CMOS Pipelined SAR ADC with Dynamic Register-Based High-Speed SAR Logic,Jun-Sang Park; Je-Min Jeon; Jun-Ho Boo; Jae-Hyuk Lee; Kang-Il Cho; Ho-Jin Kim; Gil-Cho Ahn; Seung-Hoon Lee,,2020 IEEE Asian Solid-State Circuits Conference (A-SSCC),2020,ASSCC,A,Analog & Mixed-Signal,,10.1109/a-sscc48613.2020.9336146,https://ieeexplore.ieee.org/stamp/stamp.jsp?arnumber=9336146,https://doi.org/10.1109/a-sscc48613.2020.9336146,9336146,99.6,crossref_venue_year:2020,publisher_pdf_requires_session,4
"A 2.68mW/Gbps, 1.62-8.1Gb/s Receiver for Embedded DisplayPort Version1.4b to Support 14dB Channel Loss",Gunjan Mandal; Sunil Rajan; Sanjeeb Kumar Ghosh; Saikat Hazra; Raghavendra Molthati; Parin Rajnikant Bhuta; Santosh Kumar Reddy; Vishnu Kalyanamahadevi Gopalan Jawarlal; Sumanth Chakkirala; Avneesh Singh Verma; Umamaheswara Reddy Katta; Venugopal Sadana; Dayakar Bethi; Abul Hassan Savanur; Praveen S Bharadwaj; Krupal Jitendra Mehta; Kuntal Pandya,,2020 IEEE Asian Solid-State Circuits Conference (A-SSCC),2020,ASSCC,A,RF/mmWave & Wireline,,10.1109/a-sscc48613.2020.9336149,https://ieeexplore.ieee.org/stamp/stamp.jsp?arnumber=9336149,https://doi.org/10.1109/a-sscc48613.2020.9336149,9336149,89.4,crossref_venue_year:2020,publisher_pdf_requires_session,1
A 5 dBm 30.6% Efficiency 915 MHz Transmitter with $210\ \mu \mathrm{W}$ ULP PLL Employing Frequency Tripler and Digitally Controlled Duty/Phase Calibration Buffer,Kyung-Sik Choi; Keun-Mok Kim; Jinho Ko; Sang-Gug Lee,,2020 IEEE Asian Solid-State Circuits Conference (A-SSCC),2020,ASSCC,A,RF/mmWave & Wireline,,10.1109/a-sscc48613.2020.9336141,https://ieeexplore.ieee.org/stamp/stamp.jsp?arnumber=9336141,https://doi.org/10.1109/a-sscc48613.2020.9336141,9336141,89.5,crossref_venue_year:2020,publisher_pdf_requires_session,2
A 50 Gb/s PAM-4 Transmitter with Feedforward Equalizer and Background Phase Error Calibration,Yu-Ting Lin; Wei-Zen Chen,,2020 IEEE Asian Solid-State Circuits Conference (A-SSCC),2020,ASSCC,A,RF/mmWave & Wireline,,10.1109/a-sscc48613.2020.9336134,https://ieeexplore.ieee.org/stamp/stamp.jsp?arnumber=9336134,https://doi.org/10.1109/a-sscc48613.2020.9336134,9336134,109.7,crossref_venue_year:2020,publisher_pdf_requires_session,8
A 6.78-MHz Single-Stage Regulating Rectifier with Hysteretic Control and Current-Wave Modulation,Jie Lin; Chenchang Zhan; Yan Lu,,2020 IEEE Asian Solid-State Circuits Conference (A-SSCC),2020,ASSCC,A,General IC,,10.1109/a-sscc48613.2020.9336129,https://ieeexplore.ieee.org/stamp/stamp.jsp?arnumber=9336129,https://doi.org/10.1109/a-sscc48613.2020.9336129,9336129,89.6,crossref_venue_year:2020,publisher_pdf_requires_session,4
A 8-channel Rectifier-Free SECE Circuit with 15nA/ch Quescient Current and 580% Efficiency Improvement for Ambient Vibration Energy Harvesting with Broadband MEMS PET Array,Jianming Zhao; Yuan Gao; Beibei Han; Minh Sang Nguyen; Zhipeng Ding; Hyun Kee Chang,,2020 IEEE Asian Solid-State Circuits Conference (A-SSCC),2020,ASSCC,A,Power Management,,10.1109/a-sscc48613.2020.9336133,https://ieeexplore.ieee.org/stamp/stamp.jsp?arnumber=9336133,https://doi.org/10.1109/a-sscc48613.2020.9336133,9336133,89.4,crossref_venue_year:2020,publisher_pdf_requires_session,0
"A 950-pW, 39-pJ/Conversion Leakage-Based Temperature-to-Digital Converter With 43mk Resolution",Cheng-Ze Shao; Yu-Te Liao,,2020 IEEE Asian Solid-State Circuits Conference (A-SSCC),2020,ASSCC,A,General IC,,10.1109/a-sscc48613.2020.9336106,https://ieeexplore.ieee.org/stamp/stamp.jsp?arnumber=9336106,https://doi.org/10.1109/a-sscc48613.2020.9336106,9336106,89.6,crossref_venue_year:2020,publisher_pdf_requires_session,4
A Dual-Mode Ground-Referenced Signaling Transceiver with a 3-Tap Feed-Forward Equalizer for Memory Interfaces,Jun-Yeol Lee; Hye-Ran Kim; Sanghyeon Park; Jung-Hoon Chun,,2020 IEEE Asian Solid-State Circuits Conference (A-SSCC),2020,ASSCC,A,RF/mmWave & Wireline,,10.1109/a-sscc48613.2020.9336112,https://ieeexplore.ieee.org/stamp/stamp.jsp?arnumber=9336112,https://doi.org/10.1109/a-sscc48613.2020.9336112,9336112,109.6,crossref_venue_year:2020,publisher_pdf_requires_session,5
A High-Precision Analog Front End Integrated in a 32bit Microcontroller for Industrial Sensing Applications,Koji Yoichi; Sugako Otani; Kazutoshi Tsuda; Naoya Tokimoto; Hideki Kamegawa; Yoshihisa Satou; Shioto Tanaka; Hideki Otsu; Mitsuru Hiraki; Masao Ito; Mitsuya Fukazawa; Hiroyuki Kondo,,2020 IEEE Asian Solid-State Circuits Conference (A-SSCC),2020,ASSCC,A,General IC,,10.1109/a-sscc48613.2020.9336101,https://ieeexplore.ieee.org/stamp/stamp.jsp?arnumber=9336101,https://doi.org/10.1109/a-sscc48613.2020.9336101,9336101,89.5,crossref_venue_year:2020,publisher_pdf_requires_session,3
A Jitter-Tolerant Referenceless Digital-CDR for Cellular Transceivers,Jaekwon Kim; Youngjun Ko; Jahoon Jin; Jaehyuk Choi; Jung-Hoon Chun,,2020 IEEE Asian Solid-State Circuits Conference (A-SSCC),2020,ASSCC,A,RF/mmWave & Wireline,,10.1109/a-sscc48613.2020.9336143,https://ieeexplore.ieee.org/stamp/stamp.jsp?arnumber=9336143,https://doi.org/10.1109/a-sscc48613.2020.9336143,9336143,99.6,crossref_venue_year:2020,publisher_pdf_requires_session,5
A Monolithically Integrated Optical Bandpass Receiver in 0.25μm SiGe BiCMOS Technology for Microwave-Photonic Applications,Giannino Dziallas; Adel Fatemi; Falk Korndorfer; Anna Peczek; Dietmar Kissinger; Lars Zimmermann; Andrea Malignaggi; Gerhard Kahmen,,2020 IEEE Asian Solid-State Circuits Conference (A-SSCC),2020,ASSCC,A,RF/mmWave & Wireline,,10.1109/a-sscc48613.2020.9336119,https://ieeexplore.ieee.org/stamp/stamp.jsp?arnumber=9336119,https://doi.org/10.1109/a-sscc48613.2020.9336119,9336119,89.5,crossref_venue_year:2020,publisher_pdf_requires_session,3
A Power Efficient ECG Front-End with Input-Adaptive Gain Reaching 67.6-dB Dynamic Range,Liu Liheng; Yanlong Zhang; Li Dong; Youze Xin; Shengwei Gao; Li Geng,,2020 IEEE Asian Solid-State Circuits Conference (A-SSCC),2020,ASSCC,A,RF/mmWave & Wireline,,10.1109/a-sscc48613.2020.9336108,https://ieeexplore.ieee.org/stamp/stamp.jsp?arnumber=9336108,https://doi.org/10.1109/a-sscc48613.2020.9336108,9336108,89.6,crossref_venue_year:2020,publisher_pdf_requires_session,5
A Power-Efficient 13-Tap FIR filter and an IIR Filter Embedded in a 10-bit SAR ADC,Xin Xin; Linxiao Shen; Xiyuan Tang; Yi Shen; Jueping Cai; Nan Sun,,2020 IEEE Asian Solid-State Circuits Conference (A-SSCC),2020,ASSCC,A,Analog & Mixed-Signal,,10.1109/a-sscc48613.2020.9336109,https://ieeexplore.ieee.org/stamp/stamp.jsp?arnumber=9336109,https://doi.org/10.1109/a-sscc48613.2020.9336109,9336109,109.5,crossref_venue_year:2020,publisher_pdf_requires_session,2
A Power-Efficient Current Readout Circuit with VCO-Based 2 nd -Order CT $\Delta\Sigma$ ADC for Electrochemistry Acquisition,Hao-Yun Lee; Peng-Wei Huang; Ding-Siang Ciou; Zhan-Xian Liao; Shuenn-Yuh Lee,,2020 IEEE Asian Solid-State Circuits Conference (A-SSCC),2020,ASSCC,A,Analog & Mixed-Signal,,10.1109/a-sscc48613.2020.9336110,https://ieeexplore.ieee.org/stamp/stamp.jsp?arnumber=9336110,https://doi.org/10.1109/a-sscc48613.2020.9336110,9336110,89.6,crossref_venue_year:2020,publisher_pdf_requires_session,6
A Time-Domain Computing-in-Memory based Processor using Predictable Decomposed Convolution for Arbitrary Quantized DNNs,Jianxun Yang; Yuyao Kong; Zhao Zhang; Zhuangzhi Liu; Jing Zhou; Yiqi Wang; Yonggang Liu; Chenfu Guo; Te Hu; Congcong Li; Leibo Liu; Jin Zhang; Shaojun Wei; Jun Yang; Shouyi Yin,,2020 IEEE Asian Solid-State Circuits Conference (A-SSCC),2020,ASSCC,A,Memory & Compute-in-Memory,,10.1109/a-sscc48613.2020.9336145,https://ieeexplore.ieee.org/stamp/stamp.jsp?arnumber=9336145,https://doi.org/10.1109/a-sscc48613.2020.9336145,9336145,109.6,crossref_venue_year:2020,publisher_pdf_requires_session,4
A$\mu$Processor Layer for mm-Scale Die-Stacked Sensing Platforms Featuring Ultra-Low Power Sleep Mode at 125°C,Jeongsup Lee; Yejoong Kim; Minchang Cho; Makoto Yasuda; Satoru Miyoshi; Masaru Kawaminami; David Blaauw; Dennis Sylvester,,2020 IEEE Asian Solid-State Circuits Conference (A-SSCC),2020,ASSCC,A,Digital IC & Architecture,,10.1109/a-sscc48613.2020.9336116,https://ieeexplore.ieee.org/stamp/stamp.jsp?arnumber=9336116,https://doi.org/10.1109/a-sscc48613.2020.9336116,9336116,89.4,crossref_venue_year:2020,publisher_pdf_requires_session,1
A-SSCC 2020 Program-at-a-glance,,,ASSCC,2020,ASSCC,A,General IC,,10.1109/a-sscc48613.2020.9336114,https://ieeexplore.ieee.org/ielx7/9336024/9336095/09336114.pdf,https://doi.org/10.1109/a-sscc48613.2020.9336114,9336114,79.4,venue_year_search:2020,publisher_pdf_requires_session,0
"Always-On, Sub-300-nW, Event-Driven Spiking Neural Network based on Spike-Driven Clock-Generation and Clock- and Power-Gating for an Ultra-Low-Power Intelligent Device",Dewei Wang; Pavan Kumar Chundi; Sung Justin Kim; Minhao Yang; Joao Pedro Cerqueira; Joonsung Kang; Seungchul Jung; Sangjoon Kim; Mingoo Seok,,2020 IEEE Asian Solid-State Circuits Conference (A-SSCC),2020,ASSCC,A,"Devices, Process & 3D Integration",,10.1109/a-sscc48613.2020.9336139,https://ieeexplore.ieee.org/stamp/stamp.jsp?arnumber=9336139,https://doi.org/10.1109/a-sscc48613.2020.9336139,9336139,90.9,crossref_venue_year:2020,publisher_pdf_requires_session,38
An 8-mW 66-GHz Active Circulator with 40dB TX-RX Isolation in 65nm CMOS for Full-Duplex Radios,Chendi Yu; Howard C. Luong,,2020 IEEE Asian Solid-State Circuits Conference (A-SSCC),2020,ASSCC,A,General IC,,10.1109/a-sscc48613.2020.9336096,https://ieeexplore.ieee.org/stamp/stamp.jsp?arnumber=9336096,https://doi.org/10.1109/a-sscc48613.2020.9336096,9336096,99.4,crossref_venue_year:2020,publisher_pdf_requires_session,1
An 8.3% Efficiency 96–134 GHz CMOS Frequency Doubler Using Distributed Amplifier and Nonlinear Transmission Line,Shilei Hao; Yi-Wu Tang; Xuan Ding; Li Du; Yuan Du; Adrian Tang; Qun Jane Gu; Mau-Chung F. Chang,,2020 IEEE Asian Solid-State Circuits Conference (A-SSCC),2020,ASSCC,A,Analog & Mixed-Signal,,10.1109/a-sscc48613.2020.9336113,https://ieeexplore.ieee.org/stamp/stamp.jsp?arnumber=9336113,https://doi.org/10.1109/a-sscc48613.2020.9336113,9336113,89.9,crossref_venue_year:2020,publisher_pdf_requires_session,13
An Energy-Efficient GAN Accelerator with On-chip Training for Domain Specific Optimization,Soyeon Kim; Sanghoon Kang; Donghyeon Han; Sangyeob Kim; Sangjin Kim; Hoi-jun Yoo,,2020 IEEE Asian Solid-State Circuits Conference (A-SSCC),2020,ASSCC,A,Digital IC & Architecture,,10.1109/a-sscc48613.2020.9336128,https://ieeexplore.ieee.org/stamp/stamp.jsp?arnumber=9336128,https://doi.org/10.1109/a-sscc48613.2020.9336128,9336128,89.6,crossref_venue_year:2020,publisher_pdf_requires_session,5
An Energy-efficient Multi-core Restricted Boltzmann Machine Processor with On-chip Bio-plausible Learning and Reconfigurable Sparsity,Jiajun Wu; Xuan Huang; Le Yang; Liang Wang; Jipeng Wang; Zuozhu Liu; Kwen-Siong Chong; Shaowei Lin; Chao Wang,,2020 IEEE Asian Solid-State Circuits Conference (A-SSCC),2020,ASSCC,A,Digital IC & Architecture,,10.1109/a-sscc48613.2020.9336135,https://ieeexplore.ieee.org/stamp/stamp.jsp?arnumber=9336135,https://doi.org/10.1109/a-sscc48613.2020.9336135,9336135,89.6,crossref_venue_year:2020,publisher_pdf_requires_session,5
Co-optimization targeting future interconnection,Wei Tsao; Da Sun; Chunlei Fan; Kuohsin Chen; Yingte Wang,,2020 IEEE Asian Solid-State Circuits Conference (A-SSCC),2020,ASSCC,A,General IC,,10.1109/a-sscc48613.2020.9336117,https://ieeexplore.ieee.org/stamp/stamp.jsp?arnumber=9336117,https://doi.org/10.1109/a-sscc48613.2020.9336117,9336117,89.4,crossref_venue_year:2020,publisher_pdf_requires_session,0
Committee,,,2020 IEEE Asian Solid-State Circuits Conference (A-SSCC),2020,ASSCC,A,General IC,,10.1109/a-sscc48613.2020.9336102,https://ieeexplore.ieee.org/stamp/stamp.jsp?arnumber=9336102,https://doi.org/10.1109/a-sscc48613.2020.9336102,9336102,89.4,crossref_venue_year:2020,publisher_pdf_requires_session,0
CompAcc: Efficient Hardware Realization for Processing Compressed Neural Networks Using Accumulator Arrays,Zexi Ji; Wanyeong Jung; Jongchan Woo; Khushal Sethi; Shih-Lien Lu; Anantha P. Chandrakasan,,2020 IEEE Asian Solid-State Circuits Conference (A-SSCC),2020,ASSCC,A,General IC,,10.1109/a-sscc48613.2020.9336148,https://ieeexplore.ieee.org/stamp/stamp.jsp?arnumber=9336148,https://doi.org/10.1109/a-sscc48613.2020.9336148,9336148,89.5,crossref_venue_year:2020,publisher_pdf_requires_session,3
Foreword,,,2020 IEEE Asian Solid-State Circuits Conference (A-SSCC),2020,ASSCC,A,General IC,,10.1109/a-sscc48613.2020.9336107,https://ieeexplore.ieee.org/stamp/stamp.jsp?arnumber=9336107,https://doi.org/10.1109/a-sscc48613.2020.9336107,9336107,89.4,crossref_venue_year:2020,publisher_pdf_requires_session,0
Highlights of A-SSCC 2019: Three Days on Silicon Systems for Next Smart Society [Conference Reports],Tadahiro Kuroda,,IEEE Solid-State Circuits Magazine,2020,ASSCC,A,Digital IC & Architecture,Presents information on the A-SSCC 2019 Conference.,10.1109/mssc.2020.2987240,https://ieeexplore.ieee.org/ielx7/4563670/9123611/09123669.pdf,https://doi.org/10.1109/mssc.2020.2987240,2987240,89.4,venue_year_search:2020,publisher_pdf_requires_session,0
Improved Design and In Vivo Animal Tests of Bone-Guided Cochlear Implant Microsystem with Monopolar Biphasic Multiple Stimulation and Neural Action Potential Acquisition,Sung-Hao Wang; Yu-Kai Huang; Ching-Yuan Chen; Chia-Fone Lee; Chia-Hsiang Yang; Chung-Chih Hung; Chien-Hao Liu; Ming-Dou Ker; Chung-Yu Wu,,2020 IEEE Asian Solid-State Circuits Conference (A-SSCC),2020,ASSCC,A,"Biomedical, Sensor & Imaging IC",,10.1109/a-sscc48613.2020.9336120,https://ieeexplore.ieee.org/stamp/stamp.jsp?arnumber=9336120,https://doi.org/10.1109/a-sscc48613.2020.9336120,9336120,89.5,crossref_venue_year:2020,publisher_pdf_requires_session,3
Input-Adaptive and Regulated Multi-Output Power Management Unit for Wireless Power Reception and Distribution in Multi-Unit Implantable Devices,Unbong Lee; Doojin Jang; Wanyeong Jung; Minkyu Je,,2020 IEEE Asian Solid-State Circuits Conference (A-SSCC),2020,ASSCC,A,Power Management,,10.1109/a-sscc48613.2020.9336098,https://ieeexplore.ieee.org/stamp/stamp.jsp?arnumber=9336098,https://doi.org/10.1109/a-sscc48613.2020.9336098,9336098,89.5,crossref_venue_year:2020,publisher_pdf_requires_session,3
Intelligent Chips and Technologies for AIoT Era,Yu-Chin Hsu; Robert Chen-Hao Chang,,2020 IEEE Asian Solid-State Circuits Conference (A-SSCC),2020,ASSCC,A,General IC,,10.1109/a-sscc48613.2020.9336122,https://ieeexplore.ieee.org/stamp/stamp.jsp?arnumber=9336122,https://doi.org/10.1109/a-sscc48613.2020.9336122,9336122,99.6,crossref_venue_year:2020,publisher_pdf_requires_session,6
Region 10 Chapter Chairs Meeting at A-SSCC 2019 [Society News],Stefan Rusu,,IEEE Solid-State Circuits Magazine,2020,ASSCC,A,Digital IC & Architecture,Reports on SSCS society meetings and events.,10.1109/mssc.2020.2987249,https://ieeexplore.ieee.org/ielx7/4563670/9123611/09123638.pdf,https://doi.org/10.1109/mssc.2020.2987249,2987249,89.4,venue_year_search:2020,publisher_pdf_requires_session,0
Supercomputer Fugaku: Co-designed with application developers/researchers,Toshiyuki Shimizu,,2020 IEEE Asian Solid-State Circuits Conference (A-SSCC),2020,ASSCC,A,General IC,,10.1109/a-sscc48613.2020.9336127,https://ieeexplore.ieee.org/stamp/stamp.jsp?arnumber=9336127,https://doi.org/10.1109/a-sscc48613.2020.9336127,9336127,90,crossref_venue_year:2020,publisher_pdf_requires_session,14
Voice Activity Detection with >83% Accuracy under SNR down to −3dB at $1.19\mu \mathrm{W}$ and 0.07mm 2 in 40nm,J. H. Teo; K. Ali; M. Alioto,,2020 IEEE Asian Solid-State Circuits Conference (A-SSCC),2020,ASSCC,A,General IC,,10.1109/a-sscc48613.2020.9336132,https://ieeexplore.ieee.org/stamp/stamp.jsp?arnumber=9336132,https://doi.org/10.1109/a-sscc48613.2020.9336132,9336132,89.4,crossref_venue_year:2020,publisher_pdf_requires_session,1
Welcome Message,,,2020 IEEE Asian Solid-State Circuits Conference (A-SSCC),2020,ASSCC,A,General IC,,10.1109/a-sscc48613.2020.9336100,https://ieeexplore.ieee.org/stamp/stamp.jsp?arnumber=9336100,https://doi.org/10.1109/a-sscc48613.2020.9336100,9336100,89.4,crossref_venue_year:2020,publisher_pdf_requires_session,0
WiC Get Together at A-SSCC 2019 [Society News],Zhang Milin; Julia Zhu,,IEEE Solid-State Circuits Magazine,2020,ASSCC,A,Digital IC & Architecture,Presents information on the 2019 SSCC Conference.,10.1109/mssc.2020.2987252,https://ieeexplore.ieee.org/ielx7/4563670/9123611/09123668.pdf,https://doi.org/10.1109/mssc.2020.2987252,2987252,89.4,venue_year_search:2020,publisher_pdf_requires_session,0
Wireless Charging EEG Monitoring SoC with AI Algorithm-driven Electrical and Optogenetic Stimulation for Epilepsy Control,Zhan-Xian Liao; Yao-Tse Chang; Chieh Tsou; Po-Hao Cheng; Hao-Yun Lee; Peng-Wei Huang; Shuenn-Yuh Lee; Chou-Ching Lin; Gia-Shing Shieh,,2020 IEEE Asian Solid-State Circuits Conference (A-SSCC),2020,ASSCC,A,Digital IC & Architecture,,10.1109/a-sscc48613.2020.9336125,https://ieeexplore.ieee.org/stamp/stamp.jsp?arnumber=9336125,https://doi.org/10.1109/a-sscc48613.2020.9336125,9336125,89.5,crossref_venue_year:2020,publisher_pdf_requires_session,2
0.6 V 8.1/0.2µW Ultra-Low-Power Logarithmic Power Detectors Employing Subthreshold MOS Transistors,Keun-Mok Kim; Hyun-Gi Seok; Jeong-II Seo; Kyung-Sik Choi; Sang-Gug Lee,,2021 IEEE Asian Solid-State Circuits Conference (A-SSCC),2021,ASSCC,A,General IC,,10.1109/a-sscc53895.2021.9634830,https://ieeexplore.ieee.org/stamp/stamp.jsp?arnumber=9634830,https://doi.org/10.1109/a-sscc53895.2021.9634830,9634830,99.9,crossref_venue_year:2021,publisher_pdf_requires_session,4
1.55mW 2GHz ERBW 7b 800MS/s 3-stage Pipelined SAR ADC in 28nm CMOS using a Kickback-Cancelling 7T-Dynamic Residue Amplifier with only 16fF Input Capacitance,Hyeonsik Kim; Seonkyung Kim; Jintae Kim,,2021 IEEE Asian Solid-State Circuits Conference (A-SSCC),2021,ASSCC,A,Analog & Mixed-Signal,,10.1109/a-sscc53895.2021.9634748,https://ieeexplore.ieee.org/stamp/stamp.jsp?arnumber=9634748,https://doi.org/10.1109/a-sscc53895.2021.9634748,9634748,109.8,crossref_venue_year:2021,publisher_pdf_requires_session,1
"245/243GHz, 9.2/10.5dBm Saturated Output Power, 4.6/2.8% PAE, and 28/26dB Gain Power Amplifiers in 65nm CMOS Adopting 2-and 4-way Power Combining",Byeonghun Yun; Dae-Woong Park; Kyung-Sik Choi; Ho-Jin Song; Sang-Gug Lee,,2021 IEEE Asian Solid-State Circuits Conference (A-SSCC),2021,ASSCC,A,Analog & Mixed-Signal,,10.1109/a-sscc53895.2021.9634180,https://ieeexplore.ieee.org/stamp/stamp.jsp?arnumber=9634180,https://doi.org/10.1109/a-sscc53895.2021.9634180,9634180,90,crossref_venue_year:2021,publisher_pdf_requires_session,7
A 0.033-mm 2 21.5-aF Resolution Continuous-Time Delta-Sigma Capacitance-to-Digital Converter with Parasitic Capacitance Immunity up to 480pF,Hyeyeon Lee; Changuk Lee; Jae-Youl Lee; Yoon-Kyung Choi; Youngcheol Chae,,2021 IEEE Asian Solid-State Circuits Conference (A-SSCC),2021,ASSCC,A,Analog & Mixed-Signal,,10.1109/a-sscc53895.2021.9634768,https://ieeexplore.ieee.org/stamp/stamp.jsp?arnumber=9634768,https://doi.org/10.1109/a-sscc53895.2021.9634768,9634768,99.8,crossref_venue_year:2021,publisher_pdf_requires_session,1
A 0.46pJ/bit Ultralow-Power Entropy-Preselection-Based Strong PUF with Worst-Case BER<6.7×10 -6,Jiahao Liu; Yan Zhu; Chi-Hang Chan; Rui Paulo Martins,,2021 IEEE Asian Solid-State Circuits Conference (A-SSCC),2021,ASSCC,A,Security & Reliability,,10.1109/a-sscc53895.2021.9634795,https://ieeexplore.ieee.org/stamp/stamp.jsp?arnumber=9634795,https://doi.org/10.1109/a-sscc53895.2021.9634795,9634795,89.8,crossref_venue_year:2021,publisher_pdf_requires_session,1
A 0.79–1.16-GHz Synthesizable Fractional-N PLL Using DTC-Based Multi-Stage Injection with Dithering-Assisted Local Skew Calibration Achieving −232.8-dB FoM ref,Zule Xu,,2021 IEEE Asian Solid-State Circuits Conference (A-SSCC),2021,ASSCC,A,Clocking & Frequency Generation,,10.1109/a-sscc53895.2021.9634799,https://ieeexplore.ieee.org/stamp/stamp.jsp?arnumber=9634799,https://doi.org/10.1109/a-sscc53895.2021.9634799,9634799,90,crossref_venue_year:2021,publisher_pdf_requires_session,5
A 0.9V 0.022mm 2 103dB DR Switched-Capacitor Audio Delta-Sigma Modulator Using Input-Referred kT/C Noise Reduction Technique,Yong-Sik Kwak; Ho-Jin Kim; Kang-II Cho; Jun-Ho Boo; Gil-Cho Ahn,,2021 IEEE Asian Solid-State Circuits Conference (A-SSCC),2021,ASSCC,A,Analog & Mixed-Signal,,10.1109/a-sscc53895.2021.9634767,https://ieeexplore.ieee.org/stamp/stamp.jsp?arnumber=9634767,https://doi.org/10.1109/a-sscc53895.2021.9634767,9634767,89.8,crossref_venue_year:2021,publisher_pdf_requires_session,2
A 1.18mW Double Ratchet Cryptographic Processor with Backward Secrecy for IoT Devices,Sheng-Jung Yu; Yu-Chi Lee; Chia-Hsiang Yang,,2021 IEEE Asian Solid-State Circuits Conference (A-SSCC),2021,ASSCC,A,Digital IC & Architecture,,10.1109/a-sscc53895.2021.9634765,https://ieeexplore.ieee.org/stamp/stamp.jsp?arnumber=9634765,https://doi.org/10.1109/a-sscc53895.2021.9634765,9634765,99.8,crossref_venue_year:2021,publisher_pdf_requires_session,1
A 1.3-Mbit Annealing System Composed of Fully-Synchronized 9-board x 9-chip x 16-kbit Annealing Processor Chips for Large-Scale Combinatorial Optimization Problems,Kasho Yamamoto; Takashi Takemoto; Chihiro Yoshimura; Mayumi Mashimo; Masanao Yamaoka,,2021 IEEE Asian Solid-State Circuits Conference (A-SSCC),2021,ASSCC,A,Digital IC & Architecture,,10.1109/a-sscc53895.2021.9634769,https://ieeexplore.ieee.org/stamp/stamp.jsp?arnumber=9634769,https://doi.org/10.1109/a-sscc53895.2021.9634769,9634769,90.3,crossref_venue_year:2021,publisher_pdf_requires_session,13
A 1.68-23.2 Gb/s Reference-Less Half-Rate Receiver with an ISI-Tolerant Unlimited Range Frequency Detector,Yu-Ping Huang; Yi-Wei Chang; Wei-Zen Chen,,2021 IEEE Asian Solid-State Circuits Conference (A-SSCC),2021,ASSCC,A,Analog & Mixed-Signal,,10.1109/a-sscc53895.2021.9634752,https://ieeexplore.ieee.org/stamp/stamp.jsp?arnumber=9634752,https://doi.org/10.1109/a-sscc53895.2021.9634752,9634752,89.8,crossref_venue_year:2021,publisher_pdf_requires_session,1
A 1.92GHz-3.84GHz 0.74ps-1.09ps-Jitter Inductor-less Injection-Locked Frequency Synthesizer with Automatic Frequency Selection and Timing Alignment,Khoi T. Phan; Yue Chao; Howard C. Luong,,2021 IEEE Asian Solid-State Circuits Conference (A-SSCC),2021,ASSCC,A,Clocking & Frequency Generation,,10.1109/a-sscc53895.2021.9634811,https://ieeexplore.ieee.org/stamp/stamp.jsp?arnumber=9634811,https://doi.org/10.1109/a-sscc53895.2021.9634811,9634811,99.8,crossref_venue_year:2021,publisher_pdf_requires_session,1
A 10 GHz Dual-Loop PLL with Active Noise Cancellation Achieving 12dB Spur and 29% Noise Reduction,Yu-Sian Lu; Cheng-Lung Lee; Wei-Zen Chen,,2021 IEEE Asian Solid-State Circuits Conference (A-SSCC),2021,ASSCC,A,Clocking & Frequency Generation,,10.1109/a-sscc53895.2021.9634835,https://ieeexplore.ieee.org/stamp/stamp.jsp?arnumber=9634835,https://doi.org/10.1109/a-sscc53895.2021.9634835,9634835,89.8,crossref_venue_year:2021,publisher_pdf_requires_session,2
A 12-ENOB Second-Order Noise Shaping SAR ADC with PVT-insensitive Voltage-Time-Voltage Converter,Chih-Cheng Chen; Chih-Cheng Hsieh,,2021 IEEE Asian Solid-State Circuits Conference (A-SSCC),2021,ASSCC,A,Analog & Mixed-Signal,,10.1109/a-sscc53895.2021.9634791,https://ieeexplore.ieee.org/stamp/stamp.jsp?arnumber=9634791,https://doi.org/10.1109/a-sscc53895.2021.9634791,9634791,100,crossref_venue_year:2021,publisher_pdf_requires_session,5
A 1280 x 720 Micro-LED Display Driver with 10-Bit Current-Mode Pulse Width Modulation,Pei-Yi Lai Lee; Ya-Wen Yang; Sih-Han Li; Jian-Jhih Sun; Tzu Yi Hung; Chih-Wen Lu; Yen-Hsiang Fang; Wei-Hung Kuo; Li-Chun Huang; Guo-Dung John Su; Poki Chen,,2021 IEEE Asian Solid-State Circuits Conference (A-SSCC),2021,ASSCC,A,General IC,,10.1109/a-sscc53895.2021.9634720,https://ieeexplore.ieee.org/stamp/stamp.jsp?arnumber=9634720,https://doi.org/10.1109/a-sscc53895.2021.9634720,9634720,89.9,crossref_venue_year:2021,publisher_pdf_requires_session,4
A 139 fps pixel-level pipelined binocular stereo vision accelerator with region-optimized semi-global matching,Pingcheng Dong; Zhuoao Li; Zhuoyu Chen; Ruoheng Yao; Huanshihong Deng; Wenyue Zhang; Yangyi Zhang; Lei Chen; Chao Wang; Fengwei An,,2021 IEEE Asian Solid-State Circuits Conference (A-SSCC),2021,ASSCC,A,Digital IC & Architecture,,10.1109/a-sscc53895.2021.9634805,https://ieeexplore.ieee.org/stamp/stamp.jsp?arnumber=9634805,https://doi.org/10.1109/a-sscc53895.2021.9634805,9634805,89.9,crossref_venue_year:2021,publisher_pdf_requires_session,4
"A 1448-Mpixel/s, 84-pJ/Pixel Display Stream Compression Encoder in 28 nm for 4K Video Resolution",S. Wu; K. De Silva; S. Gutgutia; B. Baas; M. Alioto,,2021 IEEE Asian Solid-State Circuits Conference (A-SSCC),2021,ASSCC,A,General IC,,10.1109/a-sscc53895.2021.9634771,https://ieeexplore.ieee.org/stamp/stamp.jsp?arnumber=9634771,https://doi.org/10.1109/a-sscc53895.2021.9634771,9634771,89.9,crossref_venue_year:2021,publisher_pdf_requires_session,3
A 15.2-to-18.2GHz Balanced Dual-Core Inverse-Class-F VCO with Q-Enhanced 2 nd -Harmonic Resonance Achieving 187-to-188.1dBc/Hz FoM in 28nm CMOS,Xi Meng; Junqi Guo; Haoran Li; Jun Yin; Pui-In Mak; Rui P. Martins,,2021 IEEE Asian Solid-State Circuits Conference (A-SSCC),2021,ASSCC,A,Clocking & Frequency Generation,,10.1109/a-sscc53895.2021.9634740,https://ieeexplore.ieee.org/stamp/stamp.jsp?arnumber=9634740,https://doi.org/10.1109/a-sscc53895.2021.9634740,9634740,90.2,crossref_venue_year:2021,publisher_pdf_requires_session,11
A 150-to-1050 GHz Terahertz Detector in 65 nm CMOS,Zhao-yang Liu; Feng Qi; Ye-long Wang; Peng-xiang Liu; Wei-fan Li,,2021 IEEE Asian Solid-State Circuits Conference (A-SSCC),2021,ASSCC,A,General IC,,10.1109/a-sscc53895.2021.9634828,https://ieeexplore.ieee.org/stamp/stamp.jsp?arnumber=9634828,https://doi.org/10.1109/a-sscc53895.2021.9634828,9634828,100,crossref_venue_year:2021,publisher_pdf_requires_session,6
A 1596GB/s 48Gb Embedded DRAM 384-Core SoC with Hybrid Bonding Integration,Xiping Jiang; Fengguo Zuo; Song Wang; Xiaofeng Zhou; Bing Yu; Yubing Wang; Qi Liu; Ming Liu; Yi Kang; Qiwei Ren,,2021 IEEE Asian Solid-State Circuits Conference (A-SSCC),2021,ASSCC,A,Digital IC & Architecture,,10.1109/a-sscc53895.2021.9634704,https://ieeexplore.ieee.org/stamp/stamp.jsp?arnumber=9634704,https://doi.org/10.1109/a-sscc53895.2021.9634704,9634704,90.1,crossref_venue_year:2021,publisher_pdf_requires_session,8
A 16Kb Transpose 6T SRAM In-Memory-Computing Macro based on Robust Charge-Domain Computing,Jiahao Song; Yuan Wang; Xiyuan Tang; Runsheng Wang; Ru Huang,,2021 IEEE Asian Solid-State Circuits Conference (A-SSCC),2021,ASSCC,A,Memory & Compute-in-Memory,,10.1109/a-sscc53895.2021.9634747,https://ieeexplore.ieee.org/stamp/stamp.jsp?arnumber=9634747,https://doi.org/10.1109/a-sscc53895.2021.9634747,9634747,110.4,crossref_venue_year:2021,publisher_pdf_requires_session,15
A 196.2 dBc/Hz FOM T 16.8-to-21.6 GHz Class-F 23 VCO with Transformer-Based Optimal Q-factor Tank in 65-nm CMOS,Feifan Hong; Tianao Ding; Dixian Zhao,,2021 IEEE Asian Solid-State Circuits Conference (A-SSCC),2021,ASSCC,A,Clocking & Frequency Generation,,10.1109/a-sscc53895.2021.9634703,https://ieeexplore.ieee.org/stamp/stamp.jsp?arnumber=9634703,https://doi.org/10.1109/a-sscc53895.2021.9634703,9634703,90.2,crossref_venue_year:2021,publisher_pdf_requires_session,12
A 2.7-Gb/s Multiplexed-DLL-Based CDR Circuit for ±10% Clock-Embedded Spread-Spectrum Modulation Depth,Yen-Kuei Lu; Miao-Shan Li; Ching-Yuan Yang; Chin-Lung Lin,,2021 IEEE Asian Solid-State Circuits Conference (A-SSCC),2021,ASSCC,A,RF/mmWave & Wireline,,10.1109/a-sscc53895.2021.9634705,https://ieeexplore.ieee.org/stamp/stamp.jsp?arnumber=9634705,https://doi.org/10.1109/a-sscc53895.2021.9634705,9634705,89.8,crossref_venue_year:2021,publisher_pdf_requires_session,1
A 2.7W AC-coupled hybrid supply modulator achieving 200MHz envelope-tracking bandwidth for 5G new radio power amplifier,Peng Xu; Xueli Zhang; Peng Cao; Tingting Wei; Zhiguo Tong; Jiawei Xu; Zhiliang Hong,,2021 IEEE Asian Solid-State Circuits Conference (A-SSCC),2021,ASSCC,A,Analog & Mixed-Signal,,10.1109/a-sscc53895.2021.9634804,https://ieeexplore.ieee.org/stamp/stamp.jsp?arnumber=9634804,https://doi.org/10.1109/a-sscc53895.2021.9634804,9634804,90,crossref_venue_year:2021,publisher_pdf_requires_session,6
A 2.85mm 2 RF Transceiver in 40nm CMOS for IoT Micro-Hub Applications,Zexue Liu; Yi Tan; Chen Xu; Heyi Li; Haoyun Jiang; Xinyu Bao; Dong Wang; Junhua Liu; Huailin Liao,,2021 IEEE Asian Solid-State Circuits Conference (A-SSCC),2021,ASSCC,A,RF/mmWave & Wireline,,10.1109/a-sscc53895.2021.9634837,https://ieeexplore.ieee.org/stamp/stamp.jsp?arnumber=9634837,https://doi.org/10.1109/a-sscc53895.2021.9634837,9634837,99.8,crossref_venue_year:2021,publisher_pdf_requires_session,2
A 21Gb/s Duobinary Transceiver for GDDR interfaces with an Adaptive Equalizer,Jae-Woo Park; Dongsuk Kang; Injae Park; Minsu Park; Xuefan Jin; Kyu-Dong Hwang; Dae-Han Kwon; Jung-Hoon Chun,,2021 IEEE Asian Solid-State Circuits Conference (A-SSCC),2021,ASSCC,A,RF/mmWave & Wireline,,10.1109/a-sscc53895.2021.9634179,https://ieeexplore.ieee.org/stamp/stamp.jsp?arnumber=9634179,https://doi.org/10.1109/a-sscc53895.2021.9634179,9634179,109.9,crossref_venue_year:2021,publisher_pdf_requires_session,3
A 24-30GHz 4-Element Phased Array Transceiver with Low Insertion Loss Compact T/R Switch and Bidirectional Phase Shifter in 65 nm CMOS Technology,Xiangrong Huang; Haikun Jia; Shengnan Dong; Wei Deng; Zhihua Wang; Baoyong Chi,,2021 IEEE Asian Solid-State Circuits Conference (A-SSCC),2021,ASSCC,A,RF/mmWave & Wireline,,10.1109/a-sscc53895.2021.9634813,https://ieeexplore.ieee.org/stamp/stamp.jsp?arnumber=9634813,https://doi.org/10.1109/a-sscc53895.2021.9634813,9634813,100,crossref_venue_year:2021,publisher_pdf_requires_session,6
A 24-to-32GHz series-Doherty PA with two-step impedance inverting power combiner achieving 20.4dBm P sat and 38%/34% PAE at P sat /6dB PBO for 5G applications,Masoud Pashaeifar; Anil K. Kumaran; Mohammadreza Beikmirza; Leo C.N. de Vreede; Morteza S. Alavi,,2021 IEEE Asian Solid-State Circuits Conference (A-SSCC),2021,ASSCC,A,"EDA, CAD & Verification",,10.1109/a-sscc53895.2021.9634772,https://ieeexplore.ieee.org/stamp/stamp.jsp?arnumber=9634772,https://doi.org/10.1109/a-sscc53895.2021.9634772,9634772,90.1,crossref_venue_year:2021,publisher_pdf_requires_session,8
A 24Gb/s/pin PAM-4 Built Out Tester chip enabling PAM-4 chips test with NRZ interface ATE,Hyungmin Jin; Jindo Byun; Hyunyoon Cho; Hojun Yoon; Jin-Hee Park; Kyoungsoo Kim; Youngdon Choi; Jung-Hwan Choi; Hyungjong Ko; Sang-Hyun Lee,,2021 IEEE Asian Solid-State Circuits Conference (A-SSCC),2021,ASSCC,A,RF/mmWave & Wireline,,10.1109/a-sscc53895.2021.9634750,https://ieeexplore.ieee.org/stamp/stamp.jsp?arnumber=9634750,https://doi.org/10.1109/a-sscc53895.2021.9634750,9634750,100.1,crossref_venue_year:2021,publisher_pdf_requires_session,8
A 28.2 μC Neuromorphic Sensing System Featuring SNN-based Near-sensor Computation and Event-Driven Body-Channel Communication for Insertable Cardiac Monitoring,Yuming He; Federico Corradi; Chengyao Shi; Ming Ding; Martijn Timmermans; Jan Stuijt; Pieter Harpe; Ilja Ocket; Yao-Hong Liu,,2021 IEEE Asian Solid-State Circuits Conference (A-SSCC),2021,ASSCC,A,General IC,,10.1109/a-sscc53895.2021.9634787,https://ieeexplore.ieee.org/stamp/stamp.jsp?arnumber=9634787,https://doi.org/10.1109/a-sscc53895.2021.9634787,9634787,90.2,crossref_venue_year:2021,publisher_pdf_requires_session,10
A 28.8mW Accelerator IC for Dark Channel Prior Based Blind Image Deblurring,Po-Shao Chen; Yen-Lung Chen; Yu-Chi Lee; Zih-Sing Fu; Chia-Hsiang Yang,,2021 IEEE Asian Solid-State Circuits Conference (A-SSCC),2021,ASSCC,A,Digital IC & Architecture,,10.1109/a-sscc53895.2021.9634738,https://ieeexplore.ieee.org/stamp/stamp.jsp?arnumber=9634738,https://doi.org/10.1109/a-sscc53895.2021.9634738,9634738,89.8,crossref_venue_year:2021,publisher_pdf_requires_session,1
A 3-to-78GHz Differential Distributed Amplifier with Ultra- Balanced Active Balun and Gain Boosting Techniques in 65-nm CMOS Process,Jincheng Zhang; Tianxiang Wu; Yong Chen; Junyan Ren; Shunli Ma,,2021 IEEE Asian Solid-State Circuits Conference (A-SSCC),2021,ASSCC,A,Analog & Mixed-Signal,,10.1109/a-sscc53895.2021.9634822,https://ieeexplore.ieee.org/stamp/stamp.jsp?arnumber=9634822,https://doi.org/10.1109/a-sscc53895.2021.9634822,9634822,90.1,crossref_venue_year:2021,publisher_pdf_requires_session,9
A 3.1-μW BJT-Based CMOS Temperature-to-Frequency Converter with Untrimmed Inaccuracy of ±1°C (3σ) from -40°C to 140°C,Jee-Ho Park; Jung-Hye Hwang; Changyong Shin; Seong-Jin Kim,,2021 IEEE Asian Solid-State Circuits Conference (A-SSCC),2021,ASSCC,A,General IC,,10.1109/a-sscc53895.2021.9634717,https://ieeexplore.ieee.org/stamp/stamp.jsp?arnumber=9634717,https://doi.org/10.1109/a-sscc53895.2021.9634717,9634717,100,crossref_venue_year:2021,publisher_pdf_requires_session,5
A 3.2 GHz 178fs rms Jitter Injection Locked Clock Multiplier Using Sub-Sampling FTL and DLL for In-Band Noise Improvement,Dong-Hyun Yoon; Dong-Kyu Jung; Kiho Seong; Tae-Hyeok Eom; Jae-Soub Han; Ju Eon Kim; Tony Tae-Hyoung Kim; Kwang-Hyun Baek,,2021 IEEE Asian Solid-State Circuits Conference (A-SSCC),2021,ASSCC,A,Clocking & Frequency Generation,,10.1109/a-sscc53895.2021.9634762,https://ieeexplore.ieee.org/stamp/stamp.jsp?arnumber=9634762,https://doi.org/10.1109/a-sscc53895.2021.9634762,9634762,99.8,crossref_venue_year:2021,publisher_pdf_requires_session,2
A 3.7-to-4.1GHz Narrowband Digital Bang-Bang PLL with a Multitaps LMS Algorithm to Automatically Control the Bandwidth Achieving 183fs Integrated Jitter,Mario Mercandelli; Luca Bertulessi; Carlo Samori; Salvatore Levantino,,2021 IEEE Asian Solid-State Circuits Conference (A-SSCC),2021,ASSCC,A,Clocking & Frequency Generation,,10.1109/a-sscc53895.2021.9634706,https://ieeexplore.ieee.org/stamp/stamp.jsp?arnumber=9634706,https://doi.org/10.1109/a-sscc53895.2021.9634706,9634706,99.8,crossref_venue_year:2021,publisher_pdf_requires_session,1
A 33.5-37.5 GHz 4-Element Phased-Array Transceiver Front-End with High-Accuracy Low-Variation 6-bit Resolution 360° Phase Shift and 0~31.5 dB Gain Control in 65 nm CMOS,Pingda Guan; Haikun Jia; Wei Deng; Zhihua Wang; Baoyong Chi,,2021 IEEE Asian Solid-State Circuits Conference (A-SSCC),2021,ASSCC,A,RF/mmWave & Wireline,,10.1109/a-sscc53895.2021.9634826,https://ieeexplore.ieee.org/stamp/stamp.jsp?arnumber=9634826,https://doi.org/10.1109/a-sscc53895.2021.9634826,9634826,99.9,crossref_venue_year:2021,publisher_pdf_requires_session,4
"A 389TOPS/W, 1262fps at 1Meps Region Proposal Integrated Circuit for Neuromorphic Vision Sensors in 65nm CMOS",Sumon Kumar Bose; Arindam Basu,,2021 IEEE Asian Solid-State Circuits Conference (A-SSCC),2021,ASSCC,A,General IC,,10.1109/a-sscc53895.2021.9634734,https://ieeexplore.ieee.org/stamp/stamp.jsp?arnumber=9634734,https://doi.org/10.1109/a-sscc53895.2021.9634734,9634734,109.9,crossref_venue_year:2021,publisher_pdf_requires_session,4
A 4.2mW 4K 6-8GHz CMOS LNA for Superconducting Qubit Readout,Alican Caglar; Steven Van Winckel; Steven Brebels; Piet Wambacq; Jan Craninckx,,2021 IEEE Asian Solid-State Circuits Conference (A-SSCC),2021,ASSCC,A,General IC,,10.1109/a-sscc53895.2021.9634832,https://ieeexplore.ieee.org/stamp/stamp.jsp?arnumber=9634832,https://doi.org/10.1109/a-sscc53895.2021.9634832,9634832,100,crossref_venue_year:2021,publisher_pdf_requires_session,6
"A 4.39ps, 1.5GS/s Time–to-Digital Converter with 4× Phase Interpolation Technique and a 2-D Quantization Array",Yongkuo Ma; Peiyuan Wan; Hongda Zhang; Zhi Wan; Xiaoyu Zhang; Xu Liu; Zhijie Chen,,2021 IEEE Asian Solid-State Circuits Conference (A-SSCC),2021,ASSCC,A,General IC,,10.1109/a-sscc53895.2021.9634753,https://ieeexplore.ieee.org/stamp/stamp.jsp?arnumber=9634753,https://doi.org/10.1109/a-sscc53895.2021.9634753,9634753,89.8,crossref_venue_year:2021,publisher_pdf_requires_session,2
A 4.57 μW@120fps Vision System of Sensing with Computing for BNN-Based Perception Applications,Han Xu; Zheyu Liu; Ziwei Li; Erxiang Ren; Maimaiti Nazhamati; Fei Qiao; Li Luo; Qi Wei; Xinjun Liu; Huazhong Yang,,2021 IEEE Asian Solid-State Circuits Conference (A-SSCC),2021,ASSCC,A,General IC,,10.1109/a-sscc53895.2021.9634759,https://ieeexplore.ieee.org/stamp/stamp.jsp?arnumber=9634759,https://doi.org/10.1109/a-sscc53895.2021.9634759,9634759,90,crossref_venue_year:2021,publisher_pdf_requires_session,7
A 40nm Embedded SG-MONOS Flash Macro for High-end MCU Achieving 200MHz Random Read Operation and 7.91Mb/mm2 Density with Charge Assisted Offset Cancellation Sense Amplifier,Masaya Nakano; Yoshinobu Kaneda; Koichi Takeda; Takahiro Shimoi; Yasunobu Aoki; Satoru Nakanishi; Yosuke Tashiro; Yasuhiko Taito; Ken Matsubara; Munekatsu Nakagawa; Tomoya Ogawa; Takashi Kurafuji; Hidenori Mitani; Takashi Ito; Takashi Kono,,2021 IEEE Asian Solid-State Circuits Conference (A-SSCC),2021,ASSCC,A,Analog & Mixed-Signal,,10.1109/a-sscc53895.2021.9634782,https://ieeexplore.ieee.org/stamp/stamp.jsp?arnumber=9634782,https://doi.org/10.1109/a-sscc53895.2021.9634782,9634782,89.8,crossref_venue_year:2021,publisher_pdf_requires_session,1
A 45.4x∼221.2x latency Improvement of SRP-5 Cryptographic Engine for Smart Grid Network,Ya-Yun Hou; Shao-Peng Lai; Hung-Kun Chang; Yun-Wen Lu; Hsie-Chia Chang,,2021 IEEE Asian Solid-State Circuits Conference (A-SSCC),2021,ASSCC,A,Digital IC & Architecture,,10.1109/a-sscc53895.2021.9634833,https://ieeexplore.ieee.org/stamp/stamp.jsp?arnumber=9634833,https://doi.org/10.1109/a-sscc53895.2021.9634833,9634833,89.8,crossref_venue_year:2021,publisher_pdf_requires_session,0
A 48 Gb/s PAM4 receiver with Baud-rate phase-detector for multi-level signal modulation in 40 nm CMOS,Kwangho Lee; Woosong Jung; Haram Ju; Jinhyung Lee; Deog-Kyoon Jeong,,2021 IEEE Asian Solid-State Circuits Conference (A-SSCC),2021,ASSCC,A,RF/mmWave & Wireline,,10.1109/a-sscc53895.2021.9634775,https://ieeexplore.ieee.org/stamp/stamp.jsp?arnumber=9634775,https://doi.org/10.1109/a-sscc53895.2021.9634775,9634775,89.9,crossref_venue_year:2021,publisher_pdf_requires_session,4
A 48 TOPS and 20943 TOPS/W 512kb Computation-in-SRAM Macro for Highly Reconfigurable Ternary CNN Acceleration,Chih-Sheng Lin; Fu-Cheng Tsai; Jian-Wei Su; Sih-Han Li; Tian-Sheuan Chang; Shyh-Shyuan Sheu; Wei-Chung Lo; Shih-Chieh Chang; Chih-I Wu; Tuo-Hung Hou,,2021 IEEE Asian Solid-State Circuits Conference (A-SSCC),2021,ASSCC,A,Memory & Compute-in-Memory,,10.1109/a-sscc53895.2021.9634797,https://ieeexplore.ieee.org/stamp/stamp.jsp?arnumber=9634797,https://doi.org/10.1109/a-sscc53895.2021.9634797,9634797,90.1,crossref_venue_year:2021,publisher_pdf_requires_session,8
A 4th-order CT I-DSM with Digital Noise Coupling and Input Pre-conversion Method for Initialization,Ye-Dam Kim; Jae-Hyun Chung; Kent Edrian Lozada; Dong-Jin Chang; Seung-Tak Ryu,,2021 IEEE Asian Solid-State Circuits Conference (A-SSCC),2021,ASSCC,A,General IC,,10.1109/a-sscc53895.2021.9634711,https://ieeexplore.ieee.org/stamp/stamp.jsp?arnumber=9634711,https://doi.org/10.1109/a-sscc53895.2021.9634711,9634711,90.5,crossref_venue_year:2021,publisher_pdf_requires_session,19
A 5-GHz 0.15-mm 2 Collision Avoidable RFID Employing Complementary Pass-transistor Adiabatic Logic with an Inductively Connected External Antenna,Saito Shibata; Reiji Miura; Yoshiki Sawabe; Kota Shiba; Atsutake Kosuge; Mototsugu Hamada; Tadahiro Kuroda,,2021 IEEE Asian Solid-State Circuits Conference (A-SSCC),2021,ASSCC,A,RF/mmWave & Wireline,,10.1109/a-sscc53895.2021.9634815,https://ieeexplore.ieee.org/stamp/stamp.jsp?arnumber=9634815,https://doi.org/10.1109/a-sscc53895.2021.9634815,9634815,89.8,crossref_venue_year:2021,publisher_pdf_requires_session,1
A 5.7GHz RF Wireless Power Transfer Receiver Using 84.5% Efficiency 12V SIDO Buck-Boost DC-DC Converter with Internal Power Supply Mode,Tomohiro Higuchi; Dai Suzuki; Ryo Ishida; Yasuaki Isshiki; Kazuki Arai; Kohei Onizuka; Kousuke Miyaji,,2021 IEEE Asian Solid-State Circuits Conference (A-SSCC),2021,ASSCC,A,Power Management,,10.1109/a-sscc53895.2021.9634794,https://ieeexplore.ieee.org/stamp/stamp.jsp?arnumber=9634794,https://doi.org/10.1109/a-sscc53895.2021.9634794,9634794,109.9,crossref_venue_year:2021,publisher_pdf_requires_session,4
A 50.4 GOPs/W FPGA-Based MobileNetV2 Accelerator using the Double-Layer MAC and DSP Efficiency Enhancement,Jixuan Li; Jiabao Chen; Ka-Fai Un; Wei-Han Yu; Pui-In Mak; Rui P. Martins,,2021 IEEE Asian Solid-State Circuits Conference (A-SSCC),2021,ASSCC,A,Digital IC & Architecture,,10.1109/a-sscc53895.2021.9634838,https://ieeexplore.ieee.org/stamp/stamp.jsp?arnumber=9634838,https://doi.org/10.1109/a-sscc53895.2021.9634838,9634838,90.4,crossref_venue_year:2021,publisher_pdf_requires_session,15
A 56-Gb/s PAM-4 Optical Transceiver with Nonlinear FFE for VCSEL Driver in 40nm CMOS,Pen-Jui Peng; Hsiang-En Huang; Wei-Chien Huang; Po-Lin Lee; Ming-Wei Lin; Ying-Zong Juang; Sheng-Hsiang Tseng,,2021 IEEE Asian Solid-State Circuits Conference (A-SSCC),2021,ASSCC,A,RF/mmWave & Wireline,,10.1109/a-sscc53895.2021.9634783,https://ieeexplore.ieee.org/stamp/stamp.jsp?arnumber=9634783,https://doi.org/10.1109/a-sscc53895.2021.9634783,9634783,100.1,crossref_venue_year:2021,publisher_pdf_requires_session,8
A 64 Gb/s 2.09 pJ/b PAM-4 VCSEL Transmitter with Bandwidth Extension Techniques in 40 nm CMOS,Hyungrok Do; Jung-Woo Sull; Seunghyun Lee; Kwangho Lee; Deog-Kyoon Jeong,,2021 IEEE Asian Solid-State Circuits Conference (A-SSCC),2021,ASSCC,A,RF/mmWave & Wireline,,10.1109/a-sscc53895.2021.9634801,https://ieeexplore.ieee.org/stamp/stamp.jsp?arnumber=9634801,https://doi.org/10.1109/a-sscc53895.2021.9634801,9634801,100.3,crossref_venue_year:2021,publisher_pdf_requires_session,13
A 640×512 30μm Pixel Pitch 1.8mK-NETD 90.1dB-SNR Digital Read-out Integrated Circuit with Fully On-chip Image Algorithm Pixel-Level Calibration,Yan Zeng; Shiheng Yang; Yueduo Liu; Zehao Li; Wengang Huang; Xiaozong Huang; Xiong Zhou; Jiaxin Liu; Qiang Li,,2021 IEEE Asian Solid-State Circuits Conference (A-SSCC),2021,ASSCC,A,General IC,,10.1109/a-sscc53895.2021.9634744,https://ieeexplore.ieee.org/stamp/stamp.jsp?arnumber=9634744,https://doi.org/10.1109/a-sscc53895.2021.9634744,9634744,119.9,crossref_venue_year:2021,publisher_pdf_requires_session,4
A 7.9-14.3GHz -243.3dB FoM T Sub-Sampling PLL with Transformer-Based Dual-Mode VCO in 40nm CMOS,Yizhuo Wang; Tenghao Zou; Bowen Chen; Shujiang Ji; Chao Zhang; Na Yan,,2021 IEEE Asian Solid-State Circuits Conference (A-SSCC),2021,ASSCC,A,Clocking & Frequency Generation,,10.1109/a-sscc53895.2021.9634839,https://ieeexplore.ieee.org/stamp/stamp.jsp?arnumber=9634839,https://doi.org/10.1109/a-sscc53895.2021.9634839,9634839,99.8,crossref_venue_year:2021,publisher_pdf_requires_session,0
A 70mW Indirect Time-of-Flight Image Sensor with Depth Dynamic Range Enhancement and Fixed Depth Noise Compensation,Canxing Piao; Yeonsoo Ahn; Donguk Kim; Jihoon Park; Jubin Kang; Minseok Shin; Kangbong Seo; Seong-Jin Kim; Jung-Hoon Chun; Jaehyuk Choi,,2021 IEEE Asian Solid-State Circuits Conference (A-SSCC),2021,ASSCC,A,"Biomedical, Sensor & Imaging IC",,10.1109/a-sscc53895.2021.9634817,https://ieeexplore.ieee.org/stamp/stamp.jsp?arnumber=9634817,https://doi.org/10.1109/a-sscc53895.2021.9634817,9634817,89.9,crossref_venue_year:2021,publisher_pdf_requires_session,3
A 76-Gbit/s 265-GHz CMOS Receiver,Shinsuke Hara; Ruibing Dong; Sangyeop Lee; Kyoya Takano; Naoya Toshida; Satoru Tanoi; Tatsuo Hagino; Mohamed H. Mubarak; Norihiko Sekine; Issei Watanabe; Akifumi Kasamatsu; Kunio Sakakibara; Shunichi Kubo; Satoshi Miura; Yohtaro Umeda; Takeshi Yoshida; Shuhei Amakawa; Minoru Fujishima,,2021 IEEE Asian Solid-State Circuits Conference (A-SSCC),2021,ASSCC,A,RF/mmWave & Wireline,,10.1109/a-sscc53895.2021.9634780,https://ieeexplore.ieee.org/stamp/stamp.jsp?arnumber=9634780,https://doi.org/10.1109/a-sscc53895.2021.9634780,9634780,90.2,crossref_venue_year:2021,publisher_pdf_requires_session,11
A 77 MHz Relaxation Oscillator in 5nm FinFET with 3ns TIE over 10K cycles and ±0.3% Thermal Stability using Frequency-Error Feedback Loop,Nandish Mehta; Stephen Tell; Walker Turner; Lamar Tatro; Giant Goh; C. Thomas Gray,,2021 IEEE Asian Solid-State Circuits Conference (A-SSCC),2021,ASSCC,A,Clocking & Frequency Generation,,10.1109/a-sscc53895.2021.9634712,https://ieeexplore.ieee.org/stamp/stamp.jsp?arnumber=9634712,https://doi.org/10.1109/a-sscc53895.2021.9634712,9634712,89.9,crossref_venue_year:2021,publisher_pdf_requires_session,4
"A 7Gbps (160, 80) Non-Binary LDPC Decoder with Dual-Message EMS Algorithm in 22nm FinFET Technology",Jeongwon Choe; Youngjoo Lee,,2021 IEEE Asian Solid-State Circuits Conference (A-SSCC),2021,ASSCC,A,"Devices, Process & 3D Integration",,10.1109/a-sscc53895.2021.9634818,https://ieeexplore.ieee.org/stamp/stamp.jsp?arnumber=9634818,https://doi.org/10.1109/a-sscc53895.2021.9634818,9634818,89.8,crossref_venue_year:2021,publisher_pdf_requires_session,1
"A 7m-range, 4.3mW/Ch. Ultrasound ASIC with Universal Energy Recycling TX for All-Weather Metamorphic Robotic 3D Vision System",Han Wu; Miaolin Zhang; Jiaqi Guo; Zhichun Shao; Kian Ann Ng; Jiamin Li; Lian Zhang; Yilong Dong; Liuhao Wu; Chne-Wuen Tsai; Benjamin Ho Yin Lee; Liwei Lin; Jerald Yoo,,2021 IEEE Asian Solid-State Circuits Conference (A-SSCC),2021,ASSCC,A,"Biomedical, Sensor & Imaging IC",,10.1109/a-sscc53895.2021.9634764,https://ieeexplore.ieee.org/stamp/stamp.jsp?arnumber=9634764,https://doi.org/10.1109/a-sscc53895.2021.9634764,9634764,89.9,crossref_venue_year:2021,publisher_pdf_requires_session,4
A 87.2%-Efficiency 27.12MHz Current-Mode Wireless Power Receiver with Ramp-Assisted Energy Delivery Controller for Implantable Devices,Ziyang Luo; Hoi Lee,,2021 IEEE Asian Solid-State Circuits Conference (A-SSCC),2021,ASSCC,A,RF/mmWave & Wireline,,10.1109/a-sscc53895.2021.9634807,https://ieeexplore.ieee.org/stamp/stamp.jsp?arnumber=9634807,https://doi.org/10.1109/a-sscc53895.2021.9634807,9634807,90,crossref_venue_year:2021,publisher_pdf_requires_session,5
A 95% Peak Efficiency Modified KY (Boost) Converter for IoT with Continuous Flying Capacitor Charging in DCM,Wen-Liang Zeng; Caolei Pan; Chi-Seng Lam; Sai-Weng Sin; Chenchang Zhan; Rui P. Martins,,2021 IEEE Asian Solid-State Circuits Conference (A-SSCC),2021,ASSCC,A,Power Management,,10.1109/a-sscc53895.2021.9634724,https://ieeexplore.ieee.org/stamp/stamp.jsp?arnumber=9634724,https://doi.org/10.1109/a-sscc53895.2021.9634724,9634724,89.8,crossref_venue_year:2021,publisher_pdf_requires_session,1
A 99.5dB-DR 5kHz-BW Closed-Loop Neural-Recording IC based on Continuous-Time Dynamic-Zoom ΔΣ ADC with Automatic AFE-Gain Control,Yoontae Jung; Soon-Jae Kweon; Hyuntak Jeon; Taeju Lee; Injun Choi; Kyeongwon Jeong; Mi Kyung Kim; Hyunjoo Jenny Lee; Sohmyung Ha; Minkyu Je,,2021 IEEE Asian Solid-State Circuits Conference (A-SSCC),2021,ASSCC,A,Analog & Mixed-Signal,,10.1109/a-sscc53895.2021.9634824,https://ieeexplore.ieee.org/stamp/stamp.jsp?arnumber=9634824,https://doi.org/10.1109/a-sscc53895.2021.9634824,9634824,99.9,crossref_venue_year:2021,publisher_pdf_requires_session,3
"A Computationally Efficient, Hardware Re-configurable Architecture for QRS Detection and ECG authentication",Weihong Yan; Yuxin Ji; Ce Ma; Lining Hu; Yang Zhao; Yongfu Li; Guoxing Wang; Yong Lian,,2021 IEEE Asian Solid-State Circuits Conference (A-SSCC),2021,ASSCC,A,General IC,,10.1109/a-sscc53895.2021.9634823,https://ieeexplore.ieee.org/stamp/stamp.jsp?arnumber=9634823,https://doi.org/10.1109/a-sscc53895.2021.9634823,9634823,90,crossref_venue_year:2021,publisher_pdf_requires_session,7
A Cross-Correlation-Based Time-of-Flight Design for Chaos Lidar Systems,Yi-Cheng Lin; Ping-Hsuan Hsieh; Jian-Lun Hong; Yu-Hsiang Lai; Jun-Da Chen; Fan-Yi Lin; Yuan-Hao Huang; Po-Chiun Huang,,2021 IEEE Asian Solid-State Circuits Conference (A-SSCC),2021,ASSCC,A,"Biomedical, Sensor & Imaging IC",,10.1109/a-sscc53895.2021.9634733,https://ieeexplore.ieee.org/stamp/stamp.jsp?arnumber=9634733,https://doi.org/10.1109/a-sscc53895.2021.9634733,9634733,89.8,crossref_venue_year:2021,publisher_pdf_requires_session,1
A Feedback Architecture of High Speed True Random Number Generator based on Ring Oscillator,Xin Cheng; Haowen Zhu; Xinyi Xing; Yunfeng Zhang; Yongqiang Zhang; Guangjun Xie; Zhang Zhang,,2021 IEEE Asian Solid-State Circuits Conference (A-SSCC),2021,ASSCC,A,Clocking & Frequency Generation,,10.1109/a-sscc53895.2021.9634760,https://ieeexplore.ieee.org/stamp/stamp.jsp?arnumber=9634760,https://doi.org/10.1109/a-sscc53895.2021.9634760,9634760,90.1,crossref_venue_year:2021,publisher_pdf_requires_session,8
A Hybrid Continuous Time Incremental and SAR Two-Step ADC with 90.5dB DR over 1MHz BW,Yanchao Wang; Siladitya Dey; Tao He; Lukang Shi; Jiawei Zheng; Manjunath Kareppagoudr; Yi Zhang; Kazuki Sobue; Koichi Hamashita; Koji Tomioka; Gabor Temes,,2021 IEEE Asian Solid-State Circuits Conference (A-SSCC),2021,ASSCC,A,Analog & Mixed-Signal,,10.1109/a-sscc53895.2021.9634732,https://ieeexplore.ieee.org/stamp/stamp.jsp?arnumber=9634732,https://doi.org/10.1109/a-sscc53895.2021.9634732,9634732,100.1,crossref_venue_year:2021,publisher_pdf_requires_session,8
A Hybrid ZQ Calibration Design for High-Density Flash Memory Toggle 5.0 High-speed Interface,Tongsung Kim; Anil Kavala; Hyunsuk Kang; Youngmin Jo; Jungjune Park; Kyoungtae Kang; Byung-Kwan Chun; Dong-Ho Shin; Dong-Su Jang; Byunghoon Jeong; Chi-weon Yoon; Jinyub Lee; Jai Hyuk Song,,2021 IEEE Asian Solid-State Circuits Conference (A-SSCC),2021,ASSCC,A,Memory & Compute-in-Memory,,10.1109/a-sscc53895.2021.9634722,https://ieeexplore.ieee.org/stamp/stamp.jsp?arnumber=9634722,https://doi.org/10.1109/a-sscc53895.2021.9634722,9634722,100,crossref_venue_year:2021,publisher_pdf_requires_session,7
A Low Noise and Linearity Improvement CMOS Image Sensor for Surveillance Camera with Skew-Relaxation Local Multiply Circuit and On-Chip Testable Ramp Generator,Wataru Saito; Yoichi Iizuka; Norihito Kato; Ryota Otake; Fukashi Morishita,,2021 IEEE Asian Solid-State Circuits Conference (A-SSCC),2021,ASSCC,A,"Biomedical, Sensor & Imaging IC",,10.1109/a-sscc53895.2021.9634710,https://ieeexplore.ieee.org/stamp/stamp.jsp?arnumber=9634710,https://doi.org/10.1109/a-sscc53895.2021.9634710,9634710,99.9,crossref_venue_year:2021,publisher_pdf_requires_session,4
A Millimeter-Scale Computing System with Adaptive Dynamic Load Power Tracking,Seokhyeon Jeong; Yejoong Kim; Yuyang Li; Inhee Lee,,2021 IEEE Asian Solid-State Circuits Conference (A-SSCC),2021,ASSCC,A,General IC,,10.1109/a-sscc53895.2021.9634758,https://ieeexplore.ieee.org/stamp/stamp.jsp?arnumber=9634758,https://doi.org/10.1109/a-sscc53895.2021.9634758,9634758,89.8,crossref_venue_year:2021,publisher_pdf_requires_session,1
A Multi-phase Series-Parallel with Bond Wire Auxiliary Fully-Integrated 250pF Switched-Capacitor with 13.6mV output ripple for Supplying Temperature Sensor with 0.1°C Accuracy to Early Detect COVID-19,Shu-Yung Lin; Chin-Hsiang Liang; Kai-Syun Chang; Ke-Horng Chen; Ying-Hsi Lin; Shian-Ru Lin; Tsung-Yen Tsai,,2021 IEEE Asian Solid-State Circuits Conference (A-SSCC),2021,ASSCC,A,General IC,,10.1109/a-sscc53895.2021.9634808,https://ieeexplore.ieee.org/stamp/stamp.jsp?arnumber=9634808,https://doi.org/10.1109/a-sscc53895.2021.9634808,9634808,89.8,crossref_venue_year:2021,publisher_pdf_requires_session,1
A Neural Stimulation IC Based on a Reconfigurable Current DAC with In-Situ Neural Recording Function for Cochlear Implant Systems,Woojin Ahn; Doohee Kim; Jonghyeok Park; Jeong Hoan Park; Taeju Lee; Kyeongwon Jeong; Kyou Sik Min; Hoseung Lee; Minkyu Je,,2021 IEEE Asian Solid-State Circuits Conference (A-SSCC),2021,ASSCC,A,"Biomedical, Sensor & Imaging IC",,10.1109/a-sscc53895.2021.9634834,https://ieeexplore.ieee.org/stamp/stamp.jsp?arnumber=9634834,https://doi.org/10.1109/a-sscc53895.2021.9634834,9634834,99.8,crossref_venue_year:2021,publisher_pdf_requires_session,2
A Programmable 6T SRAM-Based PUF with Dynamic Stability Data Masking,Lu Lu; Tony Tae-Hyoung Kim,,2021 IEEE Asian Solid-State Circuits Conference (A-SSCC),2021,ASSCC,A,Memory & Compute-in-Memory,,10.1109/a-sscc53895.2021.9634755,https://ieeexplore.ieee.org/stamp/stamp.jsp?arnumber=9634755,https://doi.org/10.1109/a-sscc53895.2021.9634755,9634755,89.9,crossref_venue_year:2021,publisher_pdf_requires_session,3
A Reconfigurable Matrix Multiplication Coprocessor with High Area and Energy Efficiency for Visual Intelligent and Autonomous Mobile Robots,Jipeng Wang; Yi Zhan; Zhaoxu Wang; Zixuan Peng; Jiarui Xu; Bingqiang Liu; Guoyi Yu; Fengwei An; Chao Wang; Xuecheng Zou,,2021 IEEE Asian Solid-State Circuits Conference (A-SSCC),2021,ASSCC,A,Digital IC & Architecture,,10.1109/a-sscc53895.2021.9634793,https://ieeexplore.ieee.org/stamp/stamp.jsp?arnumber=9634793,https://doi.org/10.1109/a-sscc53895.2021.9634793,9634793,90.2,crossref_venue_year:2021,publisher_pdf_requires_session,10
"A Single-Channel 1.75GS/s, 6-Bit Flash-Assisted SAR ADC with Self-Adaptive Timer and On-Chip Offset Calibration",Yu-Sian Liao; Wei-Zen Chen,,2021 IEEE Asian Solid-State Circuits Conference (A-SSCC),2021,ASSCC,A,Analog & Mixed-Signal,,10.1109/a-sscc53895.2021.9634816,https://ieeexplore.ieee.org/stamp/stamp.jsp?arnumber=9634816,https://doi.org/10.1109/a-sscc53895.2021.9634816,9634816,100,crossref_venue_year:2021,publisher_pdf_requires_session,5
A Sort-Less FPGA-Based Non-Maximum Suppression Accelerator using Multi-Thread Computing and Binary Max Engine for Object Detection,Chaoming Fang; Habib Derbyshire; Wenyu Sun; Jinshan Yue; Haobing Shi; Yongpan Liu,,2021 IEEE Asian Solid-State Circuits Conference (A-SSCC),2021,ASSCC,A,Digital IC & Architecture,,10.1109/a-sscc53895.2021.9634708,https://ieeexplore.ieee.org/stamp/stamp.jsp?arnumber=9634708,https://doi.org/10.1109/a-sscc53895.2021.9634708,9634708,90,crossref_venue_year:2021,publisher_pdf_requires_session,6
A Synthesizable 0.0060mm 2 VCO-Based Delta Sigma Modulator with Digital Tri-level Feedback Scheme,Jue Wang; Zhenyu Yang; Jiawei Wang; Xu Cheng; Jun Han; Xiaoyang Zeng,,2021 IEEE Asian Solid-State Circuits Conference (A-SSCC),2021,ASSCC,A,Clocking & Frequency Generation,,10.1109/a-sscc53895.2021.9634735,https://ieeexplore.ieee.org/stamp/stamp.jsp?arnumber=9634735,https://doi.org/10.1109/a-sscc53895.2021.9634735,9634735,89.8,crossref_venue_year:2021,publisher_pdf_requires_session,1
A Two-Tone Wake-Up Receiver with an Envelope-Detector-First Architecture Using Envelope Biasing and Active Inductor Load Achieving 41/33dB In-Band Rejection to CW/AM Interference,Dawei Ye; Yuting Tu; Wenjun Gong; Rongjin Xu; C. -J. Richard Shi,,2021 IEEE Asian Solid-State Circuits Conference (A-SSCC),2021,ASSCC,A,RF/mmWave & Wireline,,10.1109/a-sscc53895.2021.9634739,https://ieeexplore.ieee.org/stamp/stamp.jsp?arnumber=9634739,https://doi.org/10.1109/a-sscc53895.2021.9634739,9634739,99.9,crossref_venue_year:2021,publisher_pdf_requires_session,4
A Wirelessly-Powered 10Mbps 46-pJ/b Body Channel Communication System with 45% PCE Multi-Stage and Multi-Source Rectifier for Neural Interface Applications,Byeongseol Kim; Beomjin Yuk; Joonsung Bae,,2021 IEEE Asian Solid-State Circuits Conference (A-SSCC),2021,ASSCC,A,RF/mmWave & Wireline,,10.1109/a-sscc53895.2021.9634761,https://ieeexplore.ieee.org/stamp/stamp.jsp?arnumber=9634761,https://doi.org/10.1109/a-sscc53895.2021.9634761,9634761,90.2,crossref_venue_year:2021,publisher_pdf_requires_session,11
A current-integrated differential NAND-structured PUF for stable and V/T variation-tolerant low-cost IoT security,Jongmin Lee; Yoonmyung Lee,,2021 IEEE Asian Solid-State Circuits Conference (A-SSCC),2021,ASSCC,A,Memory & Compute-in-Memory,,10.1109/a-sscc53895.2021.9634806,https://ieeexplore.ieee.org/stamp/stamp.jsp?arnumber=9634806,https://doi.org/10.1109/a-sscc53895.2021.9634806,9634806,90,crossref_venue_year:2021,publisher_pdf_requires_session,5
A process scalable voltage-reference-free temperature sensor utilizing MOSFET threshold voltage variation,Shogo Harada; Mahfuzul Islam; Takashi Hisakado; Osami Wada,,2021 IEEE Asian Solid-State Circuits Conference (A-SSCC),2021,ASSCC,A,Analog & Mixed-Signal,,10.1109/a-sscc53895.2021.9634727,https://ieeexplore.ieee.org/stamp/stamp.jsp?arnumber=9634727,https://doi.org/10.1109/a-sscc53895.2021.9634727,9634727,89.8,crossref_venue_year:2021,publisher_pdf_requires_session,2
A ± 20-ppm -50°C-105°C 1-µA 32.768-kHz Clock Generator with a System-HFXO-Assisted Background Calibration,Chun-Yu Lin; Yu-Wei Huang; Tsung-Hsien Lin,,2021 IEEE Asian Solid-State Circuits Conference (A-SSCC),2021,ASSCC,A,Clocking & Frequency Generation,,10.1109/a-sscc53895.2021.9634827,https://ieeexplore.ieee.org/stamp/stamp.jsp?arnumber=9634827,https://doi.org/10.1109/a-sscc53895.2021.9634827,9634827,90,crossref_venue_year:2021,publisher_pdf_requires_session,5
A-SSCC 2021 Committee Page,,,2021 IEEE Asian Solid-State Circuits Conference (A-SSCC),2021,ASSCC,A,General IC,,10.1109/a-sscc53895.2021.9634730,https://ieeexplore.ieee.org/stamp/stamp.jsp?arnumber=9634730,https://doi.org/10.1109/a-sscc53895.2021.9634730,9634730,89.8,crossref_venue_year:2021,publisher_pdf_requires_session,0
A-SSCC 2021 Cover Page,,,2021 IEEE Asian Solid-State Circuits Conference (A-SSCC),2021,ASSCC,A,General IC,,10.1109/a-sscc53895.2021.9634726,https://ieeexplore.ieee.org/stamp/stamp.jsp?arnumber=9634726,https://doi.org/10.1109/a-sscc53895.2021.9634726,9634726,89.8,crossref_venue_year:2021,publisher_pdf_requires_session,0
A-SSCC 2021 Forward,,,2021 IEEE Asian Solid-State Circuits Conference (A-SSCC),2021,ASSCC,A,General IC,,10.1109/a-sscc53895.2021.9634178,https://ieeexplore.ieee.org/stamp/stamp.jsp?arnumber=9634178,https://doi.org/10.1109/a-sscc53895.2021.9634178,9634178,89.8,crossref_venue_year:2021,publisher_pdf_requires_session,0
A-SSCC 2021 Welcome Message,,,2021 IEEE Asian Solid-State Circuits Conference (A-SSCC),2021,ASSCC,A,General IC,,10.1109/a-sscc53895.2021.9634840,https://ieeexplore.ieee.org/stamp/stamp.jsp?arnumber=9634840,https://doi.org/10.1109/a-sscc53895.2021.9634840,9634840,89.8,crossref_venue_year:2021,publisher_pdf_requires_session,0
An 8.7 μJ/class. FFT accelerator and DNN-based configurable SoC for Multi-Class Chronic Neurological Disorder Detection,Zain Taufique; Bingzhao Zhu; Gianluca Coppola; Mahsa Shoaran; Wala Saadeh; Muhammad Awais Bin Altaf,,2021 IEEE Asian Solid-State Circuits Conference (A-SSCC),2021,ASSCC,A,Digital IC & Architecture,,10.1109/a-sscc53895.2021.9634763,https://ieeexplore.ieee.org/stamp/stamp.jsp?arnumber=9634763,https://doi.org/10.1109/a-sscc53895.2021.9634763,9634763,100.2,crossref_venue_year:2021,publisher_pdf_requires_session,10
An Adaptive Clocking System using Supply Tracking Clock Modulator with Background Calibrated Supply-Sensitivity in 28nm CMOS,Dongin Kim; SeongHwan Cho,,2021 IEEE Asian Solid-State Circuits Conference (A-SSCC),2021,ASSCC,A,General IC,,10.1109/a-sscc53895.2021.9634718,https://ieeexplore.ieee.org/stamp/stamp.jsp?arnumber=9634718,https://doi.org/10.1109/a-sscc53895.2021.9634718,9634718,99.8,crossref_venue_year:2021,publisher_pdf_requires_session,1
An Arithmetic Progression Switched-Capacitor DC-DC Converter with Soft VCR Transitions Achieving 93.7% Peak Efficiency and 400 mA Output Current,Yang Jiang; Man-Kay Law; Pui-In Mak; Rui P. Martins,,2021 IEEE Asian Solid-State Circuits Conference (A-SSCC),2021,ASSCC,A,Power Management,,10.1109/a-sscc53895.2021.9634798,https://ieeexplore.ieee.org/stamp/stamp.jsp?arnumber=9634798,https://doi.org/10.1109/a-sscc53895.2021.9634798,9634798,90,crossref_venue_year:2021,publisher_pdf_requires_session,5
An Efficient and Reliable Negative Margin Timing Error Detection for Neural Network Accelerator without Accuracy Loss in 28nm CMOS,Ziyu Li; Weiwei Shan; Chengjun Wu; Haitao Ge; Jun Yang,,2021 IEEE Asian Solid-State Circuits Conference (A-SSCC),2021,ASSCC,A,Digital IC & Architecture,,10.1109/a-sscc53895.2021.9634809,https://ieeexplore.ieee.org/stamp/stamp.jsp?arnumber=9634809,https://doi.org/10.1109/a-sscc53895.2021.9634809,9634809,90,crossref_venue_year:2021,publisher_pdf_requires_session,6
An Energy-Efficient Deep Reinforcement Learning FPGA Accelerator for Online Fast Adaptation with Selective Mixed-precision Re-training,Wooyoung Jo; Juhyoung Lee; Seunghyun Park; Hoi-Jun Yoo,,2021 IEEE Asian Solid-State Circuits Conference (A-SSCC),2021,ASSCC,A,Digital IC & Architecture,,10.1109/a-sscc53895.2021.9634810,https://ieeexplore.ieee.org/stamp/stamp.jsp?arnumber=9634810,https://doi.org/10.1109/a-sscc53895.2021.9634810,9634810,89.9,crossref_venue_year:2021,publisher_pdf_requires_session,3
An Input-buffer Embedding Dual-residue Pipelined-SAR ADC with Nonbinary Capacitive Interpolation,Seung-Yong Lim; Raymond Mabilangan; Dong-Jin Chang; Young-Jae Cho; Michael Choi; Seung-Tak Ryu,,2021 IEEE Asian Solid-State Circuits Conference (A-SSCC),2021,ASSCC,A,Analog & Mixed-Signal,,10.1109/a-sscc53895.2021.9634731,https://ieeexplore.ieee.org/stamp/stamp.jsp?arnumber=9634731,https://doi.org/10.1109/a-sscc53895.2021.9634731,9634731,99.9,crossref_venue_year:2021,publisher_pdf_requires_session,4
An Output Capacitor-less Low-dropout Regulator using a Wide-range Single-stage Gain-boosted Error Amplifier and a Frequency-dependent Buffer with a Total Compensation Capacitance of 2.5 pF in 0.5 µm CMOS,Hyeon-Ji Choi; Joo-Mi Cho; Hyo-Jin Park; Sung-Wan Hong,,2021 IEEE Asian Solid-State Circuits Conference (A-SSCC),2021,ASSCC,A,Power Management,,10.1109/a-sscc53895.2021.9634819,https://ieeexplore.ieee.org/stamp/stamp.jsp?arnumber=9634819,https://doi.org/10.1109/a-sscc53895.2021.9634819,9634819,100,crossref_venue_year:2021,publisher_pdf_requires_session,7
An Ultra-Low Close-In Phase Noise Series-Resonance BAW Oscillator in a 130-nm BiCMOS process,Sachin Kalia; Bichoy Bahr; Tolga Dinc; Baher Haroun; Swaminathan Sankaran,,2021 IEEE Asian Solid-State Circuits Conference (A-SSCC),2021,ASSCC,A,Clocking & Frequency Generation,,10.1109/a-sscc53895.2021.9634779,https://ieeexplore.ieee.org/stamp/stamp.jsp?arnumber=9634779,https://doi.org/10.1109/a-sscc53895.2021.9634779,9634779,90,crossref_venue_year:2021,publisher_pdf_requires_session,5
An integrated 8A pulsed VCSEL array driver under 12V supply with built-in pulse monitor and automatic peak current control for direct time-of-flight applications,Tao Xia; Xuefeng Chen; Yuwei Wang; Yuan Li; Yifan Wu; Lei Wang; Liujia Song; Shenglong Zhuo; Zhihong Lin; Patrick Yin Chiang,,2021 IEEE Asian Solid-State Circuits Conference (A-SSCC),2021,ASSCC,A,General IC,,10.1109/a-sscc53895.2021.9634829,https://ieeexplore.ieee.org/stamp/stamp.jsp?arnumber=9634829,https://doi.org/10.1109/a-sscc53895.2021.9634829,9634829,89.9,crossref_venue_year:2021,publisher_pdf_requires_session,4
Auto-Calibration Technique for Current-Based Bandgap Voltage Reference,U Chi-Wa; Man-Kay Law; Chi-Seng Lam; Rui P. Martins,,2021 IEEE Asian Solid-State Circuits Conference (A-SSCC),2021,ASSCC,A,Analog & Mixed-Signal,,10.1109/a-sscc53895.2021.9634776,https://ieeexplore.ieee.org/stamp/stamp.jsp?arnumber=9634776,https://doi.org/10.1109/a-sscc53895.2021.9634776,9634776,100,crossref_venue_year:2021,publisher_pdf_requires_session,5
CIM-SECDED: A 40nm 64Kb Compute In-Memory RRAM Macro with ECC Enabling Reliable Operation,Brian Crafton; Samuel Spetalnick; Jong-Hyeok Yoon; Wei Wu; Carlos Tokunaga; Vivek De; Arijit Raychowdhury,,2021 IEEE Asian Solid-State Circuits Conference (A-SSCC),2021,ASSCC,A,Memory & Compute-in-Memory,,10.1109/a-sscc53895.2021.9634742,https://ieeexplore.ieee.org/stamp/stamp.jsp?arnumber=9634742,https://doi.org/10.1109/a-sscc53895.2021.9634742,9634742,110.6,crossref_venue_year:2021,publisher_pdf_requires_session,20
Correlated Dual-Loop Sturdy MASH CT ΔΣ ADC with Indirect Signal Feedforward,Beomsoo Park; Changsok Han; Nima Maghari,,2021 IEEE Asian Solid-State Circuits Conference (A-SSCC),2021,ASSCC,A,Analog & Mixed-Signal,,10.1109/a-sscc53895.2021.9634766,https://ieeexplore.ieee.org/stamp/stamp.jsp?arnumber=9634766,https://doi.org/10.1109/a-sscc53895.2021.9634766,9634766,90,crossref_venue_year:2021,publisher_pdf_requires_session,7
Dynamic Voltage Stress Sensing Circuits for Screening Out Early Device Reliability Issues in Advanced Technology Nodes,Ghil-Geun Oh; Min-Hye Ho; Yeon-Jung Shin; Jae-Wook Choi; Ju-Youn Kim; Young-Dae Kim,,2021 IEEE Asian Solid-State Circuits Conference (A-SSCC),2021,ASSCC,A,"Devices, Process & 3D Integration",,10.1109/a-sscc53895.2021.9634812,https://ieeexplore.ieee.org/stamp/stamp.jsp?arnumber=9634812,https://doi.org/10.1109/a-sscc53895.2021.9634812,9634812,89.8,crossref_venue_year:2021,publisher_pdf_requires_session,2
Energy Efficient Design Through Design and Technology Co-Optimization Near the Finish Line of CMOS Scaling,Shenggao Li; Chien-Chun Tsai; Eric Soenen; Frank J C Lee; Cheng-Hsiang Hsieh,,2021 IEEE Asian Solid-State Circuits Conference (A-SSCC),2021,ASSCC,A,General IC,,10.1109/a-sscc53895.2021.9634774,https://ieeexplore.ieee.org/stamp/stamp.jsp?arnumber=9634774,https://doi.org/10.1109/a-sscc53895.2021.9634774,9634774,99.8,crossref_venue_year:2021,publisher_pdf_requires_session,1
Energy-efficient charge sharing-based 8T2C SRAM in-memory accelerator for binary neural networks in 28nm CMOS,Hyunmyung Oh; Hyungjun Kim; Daehyun Ahn; Jihoon Park; Yulhwa Kim; Inhwan Lee; Jae-Joon Kim,,2021 IEEE Asian Solid-State Circuits Conference (A-SSCC),2021,ASSCC,A,Memory & Compute-in-Memory,,10.1109/a-sscc53895.2021.9634784,https://ieeexplore.ieee.org/stamp/stamp.jsp?arnumber=9634784,https://doi.org/10.1109/a-sscc53895.2021.9634784,9634784,109.9,crossref_venue_year:2021,publisher_pdf_requires_session,3
FPGA-Based Ordered Statistic Decoding Architecture for B5G/6G URLLC IIOT Networks,Changhyeon Kim; Dongyoung Rim; Jeongwon Choe; Dongyun Kam; Giyoon Park; Seokki Kim; Youngjoo Lee,,2021 IEEE Asian Solid-State Circuits Conference (A-SSCC),2021,ASSCC,A,General IC,,10.1109/a-sscc53895.2021.9634714,https://ieeexplore.ieee.org/stamp/stamp.jsp?arnumber=9634714,https://doi.org/10.1109/a-sscc53895.2021.9634714,9634714,90,crossref_venue_year:2021,publisher_pdf_requires_session,7
FlashMAC: An Energy-Efficient Analog-Digital Hybrid MAC with Variable Latency-Aware Scheduling,Surin Gweon; Sanghoon Kang; Donghyeon Han; Kyoung-Rog Lee; Kwantae Kim; Hoi-Jun Yoo,,2021 IEEE Asian Solid-State Circuits Conference (A-SSCC),2021,ASSCC,A,General IC,,10.1109/a-sscc53895.2021.9634746,https://ieeexplore.ieee.org/stamp/stamp.jsp?arnumber=9634746,https://doi.org/10.1109/a-sscc53895.2021.9634746,9634746,89.8,crossref_venue_year:2021,publisher_pdf_requires_session,0
Modeling Attack Resistant Strong PUF Exploiting Obfuscated Interconnections With <0.83% Bit-Error Rate,Chongyao Xu; Jieyun Zhang; Man-Kay Law; Yang Jiang; Xiaojin Zhao; Pui-In Mak; Rui P. Martins,,2021 IEEE Asian Solid-State Circuits Conference (A-SSCC),2021,ASSCC,A,Security & Reliability,,10.1109/a-sscc53895.2021.9634729,https://ieeexplore.ieee.org/stamp/stamp.jsp?arnumber=9634729,https://doi.org/10.1109/a-sscc53895.2021.9634729,9634729,90,crossref_venue_year:2021,publisher_pdf_requires_session,6
RAODAT: An Energy-Efficient Reconfigurable AI-based Object Detection and Tracking Processor with Online Learning,Yuchuan Gong; Qingsong Liu; Luying Que; Conghan Jia; Jiahui Huang; Ye Liu; Jiayan Gan; Yuxiang Xie; Yong Zhou; Lili Liu; Xiaoqiang Xiang; Liang Chang; Jun Zhou,,2021 IEEE Asian Solid-State Circuits Conference (A-SSCC),2021,ASSCC,A,Digital IC & Architecture,,10.1109/a-sscc53895.2021.9634785,https://ieeexplore.ieee.org/stamp/stamp.jsp?arnumber=9634785,https://doi.org/10.1109/a-sscc53895.2021.9634785,9634785,90,crossref_venue_year:2021,publisher_pdf_requires_session,5
Realizing Direct Convolution in Memory with Systolic-RAM,Jacob N. Rohan; Jaydeep P. Kulkarni,,2021 IEEE Asian Solid-State Circuits Conference (A-SSCC),2021,ASSCC,A,Memory & Compute-in-Memory,,10.1109/a-sscc53895.2021.9634800,https://ieeexplore.ieee.org/stamp/stamp.jsp?arnumber=9634800,https://doi.org/10.1109/a-sscc53895.2021.9634800,9634800,89.8,crossref_venue_year:2021,publisher_pdf_requires_session,1
Self-powered light sensor for simultaneous intensity-and-direction sensing and maximum-energy harvesting with shared photodiodes,Tai-Haur Kuo; Kuan-Yu Chen; Hsiao-Ping Lin; Shang-Jung Liu,,2021 IEEE Asian Solid-State Circuits Conference (A-SSCC),2021,ASSCC,A,Power Management,,10.1109/a-sscc53895.2021.9634781,https://ieeexplore.ieee.org/stamp/stamp.jsp?arnumber=9634781,https://doi.org/10.1109/a-sscc53895.2021.9634781,9634781,89.8,crossref_venue_year:2021,publisher_pdf_requires_session,0
Tiny neural network search and implementation for embedded FPGA: a software-hardware co-design approach,Jinyu Bai; Yunqian Fan; Sifan Sun; Wang Kang; Weisheng Zhao,,2021 IEEE Asian Solid-State Circuits Conference (A-SSCC),2021,ASSCC,A,General IC,,10.1109/a-sscc53895.2021.9634749,https://ieeexplore.ieee.org/stamp/stamp.jsp?arnumber=9634749,https://doi.org/10.1109/a-sscc53895.2021.9634749,9634749,89.9,crossref_venue_year:2021,publisher_pdf_requires_session,3
Zero Current Detector with Slope Judgement Calibration in Mobile Battery Charger IC,Kye-Seok Yoon; Hye-Bong Ko; Jin-Woo So; Sung-Woo Lee; Sung-Kyu Cho; Woon-Hyung Heo; Ho-Sung Son; Seung-Hoon Kim; Dong-Joon Kim; Kwon-Yub Hyung; Dae-Woong Cho; Jung-Wook Heo; Hyoung-Seok Oh; Sung-Ung Kwak,,2021 IEEE Asian Solid-State Circuits Conference (A-SSCC),2021,ASSCC,A,Power Management,,10.1109/a-sscc53895.2021.9634777,https://ieeexplore.ieee.org/stamp/stamp.jsp?arnumber=9634777,https://doi.org/10.1109/a-sscc53895.2021.9634777,9634777,89.8,crossref_venue_year:2021,publisher_pdf_requires_session,1
–17 dBm Differential charge pump EPC Gen2 UHF RFID demodulator for 9 dB receive sensitivity boost,Anand Savanth; Philex Fan; Sahan Gamage; Thanushree Achuthan; Fernando Garcia-Redondo,,2021 IEEE Asian Solid-State Circuits Conference (A-SSCC),2021,ASSCC,A,RF/mmWave & Wireline,,10.1109/a-sscc53895.2021.9634715,https://ieeexplore.ieee.org/stamp/stamp.jsp?arnumber=9634715,https://doi.org/10.1109/a-sscc53895.2021.9634715,9634715,89.8,crossref_venue_year:2021,publisher_pdf_requires_session,0
110.1dB DR 4-ch Audio ADCs and 98dB DR 2-ch Voice-Triggering ADCs in Reconfigurable Architecture with Enhanced Off-Transistor-Based Bias Noise Filter,Moo-Yeol Choi; Inhwan Cho; Myungjin Lee; Seunghyun Oh; Jongwoo Lee,,2022 IEEE Asian Solid-State Circuits Conference (A-SSCC),2022,ASSCC,A,Analog & Mixed-Signal,,10.1109/a-sscc56115.2022.9980832,https://ieeexplore.ieee.org/stamp/stamp.jsp?arnumber=9980832,https://doi.org/10.1109/a-sscc56115.2022.9980832,9980832,110.1,crossref_venue_year:2022,publisher_pdf_requires_session,1
"A -50 to 130°C, 38.69 pJ/conv Fully Integrated SAR Temperature Sensor Based on Direct Temperature-Voltage Comparison",Jooeun Kim; Jeongmyeong Kim; Changjoo Park; Minkyu Yang; Wanyeong Jung,,2022 IEEE Asian Solid-State Circuits Conference (A-SSCC),2022,ASSCC,A,Analog & Mixed-Signal,,10.1109/a-sscc56115.2022.9980768,https://ieeexplore.ieee.org/stamp/stamp.jsp?arnumber=9980768,https://doi.org/10.1109/a-sscc56115.2022.9980768,9980768,90.3,crossref_venue_year:2022,publisher_pdf_requires_session,4
A 0.0043-mm 2 Capacitorless External-Clock-Free Fully-Synthesizable Digital LDO Using Load-Direct Droop Detector and Time-Based Load-State Decision,Jonghyun Oh; Yoonho Song; Young-Ha Hwang; Jun-Eun Park; Mingoo Seok; Deog-Kyoon Jeong,,2022 IEEE Asian Solid-State Circuits Conference (A-SSCC),2022,ASSCC,A,Power Management,,10.1109/a-sscc56115.2022.9980658,https://ieeexplore.ieee.org/stamp/stamp.jsp?arnumber=9980658,https://doi.org/10.1109/a-sscc56115.2022.9980658,9980658,90.3,crossref_venue_year:2022,publisher_pdf_requires_session,5
A 0.0308mm 2 4.15pJ/conv VCO-Based Current Sensing Front-End with 2 nd -Order Δ 2 ΔΣ Modulation,Jee-Ho Park; Ji-Hyoung Cha; Yongjae Park; Seong-Jin Kim,,2022 IEEE Asian Solid-State Circuits Conference (A-SSCC),2022,ASSCC,A,RF/mmWave & Wireline,,10.1109/a-sscc56115.2022.9980823,https://ieeexplore.ieee.org/stamp/stamp.jsp?arnumber=9980823,https://doi.org/10.1109/a-sscc56115.2022.9980823,9980823,90.2,crossref_venue_year:2022,publisher_pdf_requires_session,3
A 0.24 mmHg (1σ) Resolution Half-Bridge-to-Digital Converter with RC Delay-Based Pressure Sensing and Energy-Efficient Bit-Level Oversampling Techniques for Implantable Miniature Systems,Donguk Seo; Minsik Cho; Minhyeok Jeong; Gicheol Shin; Inhee Lee; Yoonmyung Lee,,2022 IEEE Asian Solid-State Circuits Conference (A-SSCC),2022,ASSCC,A,"Biomedical, Sensor & Imaging IC",,10.1109/a-sscc56115.2022.9980628,https://ieeexplore.ieee.org/stamp/stamp.jsp?arnumber=9980628,https://doi.org/10.1109/a-sscc56115.2022.9980628,9980628,90.1,crossref_venue_year:2022,publisher_pdf_requires_session,1
A 0.3V 762nW-Only Binary-Search Phase ADC With Current-Reused RO-based Comparator,Sifan Wang; Kejin Li; Chi-Hang Chan; Yan Zhu; Rui Paulo Martins,,2022 IEEE Asian Solid-State Circuits Conference (A-SSCC),2022,ASSCC,A,Analog & Mixed-Signal,,10.1109/a-sscc56115.2022.9980643,https://ieeexplore.ieee.org/stamp/stamp.jsp?arnumber=9980643,https://doi.org/10.1109/a-sscc56115.2022.9980643,9980643,100.1,crossref_venue_year:2022,publisher_pdf_requires_session,1
A 0.55mm 2 16.9mW Fully Integrated 0-to-200MHz System BW Wireless Direct Sampling Receiver in 14nm FinFET,Ilhoon Jang; Barosaim Sung; Jaehoon Lee; Soonwoo Choi; Byoungjoong Kang; Suseob Ahn; Kyungmin Lee; Taejin Jang; Kwangmin Lim; Anna Yu; Yong Lim; Seunghyun Oh; Jongwoo Lee,,2022 IEEE Asian Solid-State Circuits Conference (A-SSCC),2022,ASSCC,A,RF/mmWave & Wireline,,10.1109/a-sscc56115.2022.9980650,https://ieeexplore.ieee.org/stamp/stamp.jsp?arnumber=9980650,https://doi.org/10.1109/a-sscc56115.2022.9980650,9980650,90.1,crossref_venue_year:2022,publisher_pdf_requires_session,1
A 0.56V/0.8V Vision Sensor with Temporal Contrast Pixel and Column-Parallel Local Binary Pattern Extraction for Dynamic Depth Sensing Using Stereo Vision,Min-Yang Chiu; Guan-Cheng Chen; Yu-Hsiang Huang; Tzu-Hsiang Hsu; Chung-Chuan Lo; Ren-Shuo Liu; Meng-Fan Chang; Kea-Tiong Tang; Chih-Cheng Hsieh,,2022 IEEE Asian Solid-State Circuits Conference (A-SSCC),2022,ASSCC,A,General IC,,10.1109/a-sscc56115.2022.9980799,https://ieeexplore.ieee.org/stamp/stamp.jsp?arnumber=9980799,https://doi.org/10.1109/a-sscc56115.2022.9980799,9980799,90.1,crossref_venue_year:2022,publisher_pdf_requires_session,1
A 0.63-mm2/Ch 1.3-mΩ/√ Hz-Sensitivity 1-MHz Bandwidth Active Electrode Electrical Impedance Tomography System,Ting Zhou; Hui Li; Jiajie Huang; Chao Wang; Qianyu Guo; Junyan Liu; Zhiwen Gu; Yang Zhao; Jian Zhao; Mingyi Chen; Yan Liu; Guoxing Wang; Yong Lian; Yongfu Li,,2022 IEEE Asian Solid-State Circuits Conference (A-SSCC),2022,ASSCC,A,"EDA, CAD & Verification",,10.1109/a-sscc56115.2022.9980694,https://ieeexplore.ieee.org/stamp/stamp.jsp?arnumber=9980694,https://doi.org/10.1109/a-sscc56115.2022.9980694,9980694,90.3,crossref_venue_year:2022,publisher_pdf_requires_session,6
A 0.95pJ/b 5.12Gb/s/pin Charge-Recycling IOs with 47% Energy Reduction for Big Data Applications,Han Wu; Jeong Hoan Park; Miaolin Zhang; Longyang Lin; Rucheng Jiang; Jung-Hwan Choi; Jerald Yoo,,2022 IEEE Asian Solid-State Circuits Conference (A-SSCC),2022,ASSCC,A,General IC,,10.1109/a-sscc56115.2022.9980680,https://ieeexplore.ieee.org/stamp/stamp.jsp?arnumber=9980680,https://doi.org/10.1109/a-sscc56115.2022.9980680,9980680,90.2,crossref_venue_year:2022,publisher_pdf_requires_session,2
A 1.3mW Speech-to-Text Accelerator with Bidirectional Light Gated Recurrent Units for Edge AI,Yu-Hsuan Tsai; Yi-Cheng Lin; Wen-Ching Chen; Liang-Yi Lin; Nian-Shyang Chang; Chun-Pin Lin; Shi-Hao Chen; Chi-Shi Chen; Chia-Hsiang Yang,,2022 IEEE Asian Solid-State Circuits Conference (A-SSCC),2022,ASSCC,A,Digital IC & Architecture,,10.1109/a-sscc56115.2022.9980661,https://ieeexplore.ieee.org/stamp/stamp.jsp?arnumber=9980661,https://doi.org/10.1109/a-sscc56115.2022.9980661,9980661,90.1,crossref_venue_year:2022,publisher_pdf_requires_session,0
A 1.7-6.4 GHz fourth-order RF filter with 1-40% fractional bandwidth in 22-nm FDSOI,Iman Ghotbi; Baktash Behmanesh; Markus Tormanen,,2022 IEEE Asian Solid-State Circuits Conference (A-SSCC),2022,ASSCC,A,Analog & Mixed-Signal,,10.1109/a-sscc56115.2022.9980796,https://ieeexplore.ieee.org/stamp/stamp.jsp?arnumber=9980796,https://doi.org/10.1109/a-sscc56115.2022.9980796,9980796,90.2,crossref_venue_year:2022,publisher_pdf_requires_session,3
"A 10-Gbps, 0.121-pJ/bit, All-Digital True Random-Number Generator using Middle Square Method",Jonghyun Kim; Hyungil Chae,,2022 IEEE Asian Solid-State Circuits Conference (A-SSCC),2022,ASSCC,A,General IC,,10.1109/a-sscc56115.2022.9980831,https://ieeexplore.ieee.org/stamp/stamp.jsp?arnumber=9980831,https://doi.org/10.1109/a-sscc56115.2022.9980831,9980831,90.3,crossref_venue_year:2022,publisher_pdf_requires_session,6
"A 103 fJ/b/dB, 10-26 Gbps Receiver with a Dual Feedback Nested Loop CDR for Wide Bandwidth Jitter Tolerance Enhancement",Yao-Chia Liu; Wei-Zen Chen; Yuan-Sheng Lee; Yu-Hsiang Chen; Shawn Min; Ying-Hsi Lin,,2022 IEEE Asian Solid-State Circuits Conference (A-SSCC),2022,ASSCC,A,RF/mmWave & Wireline,,10.1109/a-sscc56115.2022.9980721,https://ieeexplore.ieee.org/stamp/stamp.jsp?arnumber=9980721,https://doi.org/10.1109/a-sscc56115.2022.9980721,9980721,100.1,crossref_venue_year:2022,publisher_pdf_requires_session,0
A 103.8-dB DR 25ps-to-35ns Resolution Time-to-Digital Converter with Dynamic Ring Oscillator for LiDAR Applications,Taewoong Kim; Sanghoon Lee; Youngcheol Chae,,2022 IEEE Asian Solid-State Circuits Conference (A-SSCC),2022,ASSCC,A,Clocking & Frequency Generation,,10.1109/a-sscc56115.2022.9980728,https://ieeexplore.ieee.org/stamp/stamp.jsp?arnumber=9980728,https://doi.org/10.1109/a-sscc56115.2022.9980728,9980728,100.1,crossref_venue_year:2022,publisher_pdf_requires_session,1
A 10Gb/s/pin DQS and WCK Built-Out Tester for LPDDR5 DRAM Test,Chan-Ho Kye; Jihee Kim; Kyungmin Baek; Kahyun Kim; Sangjin Pack; Changwon Jung; Deog-Kyoon Jeong,,2022 IEEE Asian Solid-State Circuits Conference (A-SSCC),2022,ASSCC,A,Memory & Compute-in-Memory,,10.1109/a-sscc56115.2022.9980646,https://ieeexplore.ieee.org/stamp/stamp.jsp?arnumber=9980646,https://doi.org/10.1109/a-sscc56115.2022.9980646,9980646,100.4,crossref_venue_year:2022,publisher_pdf_requires_session,7
A 11.4-Gbps/lane MIPI 32-bit C-PHY and D-PHY combo transmitter with 3-tap FFE,Junhan Bae; Myeongkyu Song; Bongkyu Kim; Junkyu Lee; Woosung Park; Jung-Hoon Chun,,2022 IEEE Asian Solid-State Circuits Conference (A-SSCC),2022,ASSCC,A,RF/mmWave & Wireline,,10.1109/a-sscc56115.2022.9980792,https://ieeexplore.ieee.org/stamp/stamp.jsp?arnumber=9980792,https://doi.org/10.1109/a-sscc56115.2022.9980792,9980792,90.3,crossref_venue_year:2022,publisher_pdf_requires_session,4
"A 110-120-GHz, 12.2% Efficiency, 16.2-dBm Output Power Multiplying Outphasing Transmitter in 22-nm FDSOI",Jeff Shih-Chieh Chien; James F. Buckwalter,,2022 IEEE Asian Solid-State Circuits Conference (A-SSCC),2022,ASSCC,A,RF/mmWave & Wireline,,10.1109/a-sscc56115.2022.9980747,https://ieeexplore.ieee.org/stamp/stamp.jsp?arnumber=9980747,https://doi.org/10.1109/a-sscc56115.2022.9980747,9980747,90.4,crossref_venue_year:2022,publisher_pdf_requires_session,7
A 118.6fJ/Conversion-Step Two-Step Time-Domain RC-to-Digital Converter With 33nF/10MΩ Range and 53aF rms Resolution,Hoyong Seong; Chongsoo Jung; Donghyun Youn; Junghyup Lee; Sohmyung Ha; Minkyu Je,,2022 IEEE Asian Solid-State Circuits Conference (A-SSCC),2022,ASSCC,A,General IC,,10.1109/a-sscc56115.2022.9980735,https://ieeexplore.ieee.org/stamp/stamp.jsp?arnumber=9980735,https://doi.org/10.1109/a-sscc56115.2022.9980735,9980735,90.3,crossref_venue_year:2022,publisher_pdf_requires_session,4
A 12.8-Gbps 0.5-pJ/b Encoding-less Inductive Coupling Interface Using Clocked Hysteresis Comparator for 3D-stacked SRAM in 7-nm FinFET,Kota Shiba; Mitsuji Okada; Atsutake Kosuge; Mototsugu Hamada; Tadahiro Kuroda,,2022 IEEE Asian Solid-State Circuits Conference (A-SSCC),2022,ASSCC,A,Analog & Mixed-Signal,,10.1109/a-sscc56115.2022.9980775,https://ieeexplore.ieee.org/stamp/stamp.jsp?arnumber=9980775,https://doi.org/10.1109/a-sscc56115.2022.9980775,9980775,90.1,crossref_venue_year:2022,publisher_pdf_requires_session,1
A 12b 8GS/s Time-Interleaved 2b/cycle Pipelined-SAR ADC with Layout-Customized Bootstrap and Super- Source-Follower Based Open-Loop Residue Amplifier,Qiang Yu; Jie Pu; Jian Luo; Zhengbo Huang; Junhong Wu; Xing Zhu; Feixiang Xiang; Lei Chen; Jianwen Li; Qiang Li; Jinda Yang; Yuanjun Cen,,2022 IEEE Asian Solid-State Circuits Conference (A-SSCC),2022,ASSCC,A,Analog & Mixed-Signal,,10.1109/a-sscc56115.2022.9980717,https://ieeexplore.ieee.org/stamp/stamp.jsp?arnumber=9980717,https://doi.org/10.1109/a-sscc56115.2022.9980717,9980717,110.7,crossref_venue_year:2022,publisher_pdf_requires_session,14
A 140GHz 4TX-4RX Phased-Array FMCW-FSK Antenna-Packaged Radar Chipset With 25dBm EIRP and 16GHz BW,Shunli Ma; Tianxiang Wu; Zhuofan Xu; Zhonghao Sun; Xuefeng Li; Lei Wu; Biao Hu; Junyan Ren; Yong Chen; Jiebin Pan,,2022 IEEE Asian Solid-State Circuits Conference (A-SSCC),2022,ASSCC,A,General IC,,10.1109/a-sscc56115.2022.9980679,https://ieeexplore.ieee.org/stamp/stamp.jsp?arnumber=9980679,https://doi.org/10.1109/a-sscc56115.2022.9980679,9980679,100.2,crossref_venue_year:2022,publisher_pdf_requires_session,2
A 14V Hybrid Boost Converter With Scalable Conversion Ratio in 180nm Standard CMOS for an Ultrasound Imaging System,Jiaqi Guo; Jiamin Li; Jerald Yoo,,2022 IEEE Asian Solid-State Circuits Conference (A-SSCC),2022,ASSCC,A,Power Management,,10.1109/a-sscc56115.2022.9980729,https://ieeexplore.ieee.org/stamp/stamp.jsp?arnumber=9980729,https://doi.org/10.1109/a-sscc56115.2022.9980729,9980729,90.2,crossref_venue_year:2022,publisher_pdf_requires_session,2
A 17-21GHz Current-Folding Frequency Tripler With >36 dBc Harmonic Rejection in 90nm CMOS,Chun-Hung Lin; Ching-Yuan Yang,,2022 IEEE Asian Solid-State Circuits Conference (A-SSCC),2022,ASSCC,A,General IC,,10.1109/a-sscc56115.2022.9980819,https://ieeexplore.ieee.org/stamp/stamp.jsp?arnumber=9980819,https://doi.org/10.1109/a-sscc56115.2022.9980819,9980819,100.2,crossref_venue_year:2022,publisher_pdf_requires_session,3
"A 1984-Pixels, 1.26nW/Pixel Retinal Prosthesis Chip with Time-Domain In-Pixel Image Processing",Dong-Hwi Choi; Dong-Woo Jee,,2022 IEEE Asian Solid-State Circuits Conference (A-SSCC),2022,ASSCC,A,General IC,,10.1109/a-sscc56115.2022.9980617,https://ieeexplore.ieee.org/stamp/stamp.jsp?arnumber=9980617,https://doi.org/10.1109/a-sscc56115.2022.9980617,9980617,100.2,crossref_venue_year:2022,publisher_pdf_requires_session,2
A 2.47 μJ/sample QR-Decomposition-based Extreme Learning Machine Engine Supporting Online Class Incremental Learning for ECG-based User Identification,Yi-Ta Chen; Li-Sheng Chang; Yu-Chuan Chuang; An-Yeu Wu,,2022 IEEE Asian Solid-State Circuits Conference (A-SSCC),2022,ASSCC,A,General IC,,10.1109/a-sscc56115.2022.9980621,https://ieeexplore.ieee.org/stamp/stamp.jsp?arnumber=9980621,https://doi.org/10.1109/a-sscc56115.2022.9980621,9980621,90.1,crossref_venue_year:2022,publisher_pdf_requires_session,0
A 20-MHz 2.3-mW Receiver and a 25-V Transmitter for Ultrasound Capsule Endoscopy,Kyeongwon Jeong; Jaesuk Choi; Gichan Yun; Injun Choi; Jeehoon Son; Jae Youn Hwang; Sohmyung Ha; Minkyu Je,,2022 IEEE Asian Solid-State Circuits Conference (A-SSCC),2022,ASSCC,A,RF/mmWave & Wireline,,10.1109/a-sscc56115.2022.9980696,https://ieeexplore.ieee.org/stamp/stamp.jsp?arnumber=9980696,https://doi.org/10.1109/a-sscc56115.2022.9980696,9980696,100.2,crossref_venue_year:2022,publisher_pdf_requires_session,2
A 217.8 MSOPs/W FPGA-based Online Learning SNN Processor Using Unified Event-Driven Structure and Topology Aware Data Reuse Strategies,Chaoming Fang; Fengshi Tian; Chuanqing Wang; Jie Yang; Mohamad Sawan,,2022 IEEE Asian Solid-State Circuits Conference (A-SSCC),2022,ASSCC,A,Digital IC & Architecture,,10.1109/a-sscc56115.2022.9980727,https://ieeexplore.ieee.org/stamp/stamp.jsp?arnumber=9980727,https://doi.org/10.1109/a-sscc56115.2022.9980727,9980727,90.5,crossref_venue_year:2022,publisher_pdf_requires_session,9
A 24GHz CMOS UWB Radar IC with IQ Correlation Receiver for Short Range Human Detection,Dongwuk Park; Byeongjae Seo; Kiryun Byeon; Gu Jung; Yunseong Eo,,2022 IEEE Asian Solid-State Circuits Conference (A-SSCC),2022,ASSCC,A,RF/mmWave & Wireline,,10.1109/a-sscc56115.2022.9980763,https://ieeexplore.ieee.org/stamp/stamp.jsp?arnumber=9980763,https://doi.org/10.1109/a-sscc56115.2022.9980763,9980763,90.2,crossref_venue_year:2022,publisher_pdf_requires_session,2
A 28nm 57.6TOPS/W Attention-based NN Processor with Correlative Computing-in-Memory Ring and Dataflow-reshaped Digital-assisted Computing-in-Memory Array,Ruiqi Guo; Zhiheng Yue; Hao Li; Te Hu; Yabing Wang; Hao Sun; Jeng-Long Hsu; Yaojun Zhang; Bonan Yan; Leibo Liu; Ru Huang; Shaojun Wei; Shouyi Yin,,2022 IEEE Asian Solid-State Circuits Conference (A-SSCC),2022,ASSCC,A,Memory & Compute-in-Memory,,10.1109/a-sscc56115.2022.9980780,https://ieeexplore.ieee.org/stamp/stamp.jsp?arnumber=9980780,https://doi.org/10.1109/a-sscc56115.2022.9980780,9980780,110.2,crossref_venue_year:2022,publisher_pdf_requires_session,3
A 28nm Hybrid 2T1R RRAM Computing-in-Memory Macro for Energy-efficient AI Edge Inference,Wang Ye; Chunmeng Dou; Linfang Wang; Zhidao Zhou; Junjie An; Weizeng Li; Hanghang Gao; Xiaoxin Xu; Jinshan Yue; Jianguo Yang; Jing Liu; Dashan Shang; Jinghui Tian; Qi Liu; Ming Liu,,2022 IEEE Asian Solid-State Circuits Conference (A-SSCC),2022,ASSCC,A,Memory & Compute-in-Memory,,10.1109/a-sscc56115.2022.9980669,https://ieeexplore.ieee.org/stamp/stamp.jsp?arnumber=9980669,https://doi.org/10.1109/a-sscc56115.2022.9980669,9980669,120.4,crossref_venue_year:2022,publisher_pdf_requires_session,7
A 2m-Range 711uW Body Channel Communication Transceiver Featuring Dynamically-Sampling Bias-Free Interface Front End,Guanjie Gu; Changgui Yang; Zhuhao Li; Xiangdong Feng; Ziyi Chang; Ting-Hsun Wang; Yunshan Zhang; Yuxuan Luo; Hong Zhang; Ping Wang; Sijun Du; Yong Chen; Bo Zhao,,2022 IEEE Asian Solid-State Circuits Conference (A-SSCC),2022,ASSCC,A,RF/mmWave & Wireline,,10.1109/a-sscc56115.2022.9980620,https://ieeexplore.ieee.org/stamp/stamp.jsp?arnumber=9980620,https://doi.org/10.1109/a-sscc56115.2022.9980620,9980620,100.1,crossref_venue_year:2022,publisher_pdf_requires_session,0
A 3.07mW 30MHz-BW 73.5dB-SNDR Time-Interleaved Noise-Shaping SAR ADC with 2 nd -order Error-Feedforward and Redundancy-Bit Reduction,Shulin Zhao; Mingqiang Guo; Sai-Weng Sin; Liang Qi; Dengke Xu; Guoxing Wang; Rui P. Martins,,2022 IEEE Asian Solid-State Circuits Conference (A-SSCC),2022,ASSCC,A,Analog & Mixed-Signal,,10.1109/a-sscc56115.2022.9980691,https://ieeexplore.ieee.org/stamp/stamp.jsp?arnumber=9980691,https://doi.org/10.1109/a-sscc56115.2022.9980691,9980691,100.2,crossref_venue_year:2022,publisher_pdf_requires_session,3
A 32.2-38.2 GHz Broadband 4-Channel TRx Beamformer with Embedded 3-Winding Transformer Based PA/LNA FE and High Resolution Phase/Amplitude Control,Yongjie Li; Zongming Duan; Xiao Li; Chuanming Zhu; Na Ding; Yuefei Dai; Liguo Sun; Hao Gao,,2022 IEEE Asian Solid-State Circuits Conference (A-SSCC),2022,ASSCC,A,General IC,,10.1109/a-sscc56115.2022.9980606,https://ieeexplore.ieee.org/stamp/stamp.jsp?arnumber=9980606,https://doi.org/10.1109/a-sscc56115.2022.9980606,9980606,90.3,crossref_venue_year:2022,publisher_pdf_requires_session,5
A 37-39GHz Phase and Amplitude Detection Circuit with 0.060 degree and 0.043dB RMS Errors for the Calibration of 5GNR Phased-Array Beamforming,Yudai Yamazaki; Jun Sakamaki; Jian Pang; Joshua Alvin; Zheng Li; Atsushi Shirane; Kenichi Okada,,2022 IEEE Asian Solid-State Circuits Conference (A-SSCC),2022,ASSCC,A,General IC,,10.1109/a-sscc56115.2022.9980814,https://ieeexplore.ieee.org/stamp/stamp.jsp?arnumber=9980814,https://doi.org/10.1109/a-sscc56115.2022.9980814,9980814,90.2,crossref_venue_year:2022,publisher_pdf_requires_session,3
A 409.6 GOPS and 204.8 GFLOPS Mixed-Precision Vector Processor System for General-Purpose Machine Learning Acceleration,Jung-Hoon Kim; Sukjin Lee; Seungjae Moon; Sungyeob Yoo; Joo-Young Kim,,2022 IEEE Asian Solid-State Circuits Conference (A-SSCC),2022,ASSCC,A,Digital IC & Architecture,,10.1109/a-sscc56115.2022.9980798,https://ieeexplore.ieee.org/stamp/stamp.jsp?arnumber=9980798,https://doi.org/10.1109/a-sscc56115.2022.9980798,9980798,90.3,crossref_venue_year:2022,publisher_pdf_requires_session,4
A 42Gb/s PAM-8 Transmitter with Feed-Forward Tomlinson-Harashima Precoding in 28nm CMOS,Byungjun Kang; Woosong Jung; Hyojun Kim; Sanghee Lee; Deog-Kyoon Jeong,,2022 IEEE Asian Solid-State Circuits Conference (A-SSCC),2022,ASSCC,A,RF/mmWave & Wireline,,10.1109/a-sscc56115.2022.9980733,https://ieeexplore.ieee.org/stamp/stamp.jsp?arnumber=9980733,https://doi.org/10.1109/a-sscc56115.2022.9980733,9980733,90.2,crossref_venue_year:2022,publisher_pdf_requires_session,2
"A 5.0-to-12.5-Gb/s, 1.7-pJ/b, 0.66-μs Lock-time Reference-less Sub-sampling CDR with Beat Detection FLL in 28nm CMOS",Woosung Park; Jahoon Jin; Minsu Park; Sangdon Jung; Jung-Hoon Chun,,2022 IEEE Asian Solid-State Circuits Conference (A-SSCC),2022,ASSCC,A,Analog & Mixed-Signal,,10.1109/a-sscc56115.2022.9980827,https://ieeexplore.ieee.org/stamp/stamp.jsp?arnumber=9980827,https://doi.org/10.1109/a-sscc56115.2022.9980827,9980827,90.2,crossref_venue_year:2022,publisher_pdf_requires_session,2
A 57.2GHz 11.2mW 8-bit General Purpose Superconductor Microprocessor with Dual-Clocking Scheme,Ikki Nagaoka; Ryota Kashima; Tomoki Nakano; Masamitsu Tanaka; Taro Yamashita; Koji Inoue; Akira Fujimaki,,2022 IEEE Asian Solid-State Circuits Conference (A-SSCC),2022,ASSCC,A,Digital IC & Architecture,,10.1109/a-sscc56115.2022.9980802,https://ieeexplore.ieee.org/stamp/stamp.jsp?arnumber=9980802,https://doi.org/10.1109/a-sscc56115.2022.9980802,9980802,100.5,crossref_venue_year:2022,publisher_pdf_requires_session,9
A 6 Gbps PAM-3 Transceiver with Time-Varying Offset Compensation,Ju Eon Kim; Dong-Hyun Yoon; Junyoung Song; Kwang-Hyun Baek; Jung-Hwan Choi; Tony Tae-Hyoung Kim,,2022 IEEE Asian Solid-State Circuits Conference (A-SSCC),2022,ASSCC,A,RF/mmWave & Wireline,,10.1109/a-sscc56115.2022.9980713,https://ieeexplore.ieee.org/stamp/stamp.jsp?arnumber=9980713,https://doi.org/10.1109/a-sscc56115.2022.9980713,9980713,90.2,crossref_venue_year:2022,publisher_pdf_requires_session,2
A 6-bit 5.12-GS/s Flash ADC with Track-and-Hold Embedded Dynamic Preamplifier in 28nm CMOS,Daesik Moon; Sangwoo Lee; Taewoong Kim; Woo-Young Choi; Youngcheol Chae,,2022 IEEE Asian Solid-State Circuits Conference (A-SSCC),2022,ASSCC,A,Analog & Mixed-Signal,,10.1109/a-sscc56115.2022.9980652,https://ieeexplore.ieee.org/stamp/stamp.jsp?arnumber=9980652,https://doi.org/10.1109/a-sscc56115.2022.9980652,9980652,100.2,crossref_venue_year:2022,publisher_pdf_requires_session,2
A 64-channel back-gate adapted ultra-low-voltage spike-aware neural recording front-end with on-chip lossless/near-lossless compression engine and 3.3V stimulator in 22nm FDSOI,Franz Marcus Schuffny; Seyed Mohammad Ali Zeinolabedin; Richard George; Liyuan Guo; Annika Weise; Johannes Uhlig; Julian Meyer; Andreas Dixius; Stefan Hanzsche; Marc Berthel; Stefan Scholze; Sebastian Hoppner; Christian Mayr,,2022 IEEE Asian Solid-State Circuits Conference (A-SSCC),2022,ASSCC,A,RF/mmWave & Wireline,,10.1109/a-sscc56115.2022.9980793,https://ieeexplore.ieee.org/stamp/stamp.jsp?arnumber=9980793,https://doi.org/10.1109/a-sscc56115.2022.9980793,9980793,90.4,crossref_venue_year:2022,publisher_pdf_requires_session,8
A 7-Bit 4-GS/s Quad-Channel Time-Interleaved SAR ADC With 2-Then-1-Bit/Cycle Conversion,Jihyun Baek; Jonghyun Kim; Gyuchan Cho; Jintae Kim; Hyungil Chae,,2022 IEEE Asian Solid-State Circuits Conference (A-SSCC),2022,ASSCC,A,Analog & Mixed-Signal,,10.1109/a-sscc56115.2022.9980748,https://ieeexplore.ieee.org/stamp/stamp.jsp?arnumber=9980748,https://doi.org/10.1109/a-sscc56115.2022.9980748,9980748,100.2,crossref_venue_year:2022,publisher_pdf_requires_session,3
A 7.5Gb/s/pin 12Gb-LPDDR5x SDRAM with a Pseudo-double-bit ECC and “Spider”-shape Datapath Control Architecture in a 2 nd Generation 10nm DRAM Process,Feng Lin; Kangling Ji; Enpeng Gao; Zhonglai Liu; Weibing Shang; Hongwen Li,,2022 IEEE Asian Solid-State Circuits Conference (A-SSCC),2022,ASSCC,A,Memory & Compute-in-Memory,,10.1109/a-sscc56115.2022.9980731,https://ieeexplore.ieee.org/stamp/stamp.jsp?arnumber=9980731,https://doi.org/10.1109/a-sscc56115.2022.9980731,9980731,100.1,crossref_venue_year:2022,publisher_pdf_requires_session,1
A 75.6M Base-pairs/s FPGA Accelerator for FM-index Based Paired-end Short-Read Mapping,Chung-Hsuan Yang; Yi-Chung Wu; Yen-Lung Chen; Chao-Hsi Lee; Jui-Hung Hung; Chia-Hsiang Yang,,2022 IEEE Asian Solid-State Circuits Conference (A-SSCC),2022,ASSCC,A,Digital IC & Architecture,,10.1109/a-sscc56115.2022.9980714,https://ieeexplore.ieee.org/stamp/stamp.jsp?arnumber=9980714,https://doi.org/10.1109/a-sscc56115.2022.9980714,9980714,90.1,crossref_venue_year:2022,publisher_pdf_requires_session,1
A 78.6 dB-SNDR 520mVpp-full-scale 620MΩ-Zin 105dBCMRR VCO-based Sensor Readout Circuit Using FVF-Based Gm-Input Structure,Yi Zhong; Lu Jie; Nan Sun,,2022 IEEE Asian Solid-State Circuits Conference (A-SSCC),2022,ASSCC,A,Clocking & Frequency Generation,,10.1109/a-sscc56115.2022.9980716,https://ieeexplore.ieee.org/stamp/stamp.jsp?arnumber=9980716,https://doi.org/10.1109/a-sscc56115.2022.9980716,9980716,90.4,crossref_venue_year:2022,publisher_pdf_requires_session,7
A 90.6% Peak-Efficiency 1.5A Dual Inductor Ladder BuckConverter Achieving 0.93W/mm 2 Active Peak Power Density for Li-ion Battery Operated PMICs,Arindam Mishra; Wei Zhu; Valentijn De Smedt,,2022 IEEE Asian Solid-State Circuits Conference (A-SSCC),2022,ASSCC,A,Power Management,,10.1109/a-sscc56115.2022.9980644,https://ieeexplore.ieee.org/stamp/stamp.jsp?arnumber=9980644,https://doi.org/10.1109/a-sscc56115.2022.9980644,9980644,100.1,crossref_venue_year:2022,publisher_pdf_requires_session,1
A 91-dB DR 20-kHz BW 5th-Order Multi-Step Incremental ADC for Sensor Interfaces by Re-Using a MASH 2-1 Modulator,Jia-Sheng Huang; Shih-Che Kuo; Yu-Cheng Huang; Chia-Wei Kao; Che-Wei Hsu; Chia-Hung Chen,,2022 IEEE Asian Solid-State Circuits Conference (A-SSCC),2022,ASSCC,A,Analog & Mixed-Signal,,10.1109/a-sscc56115.2022.9980590,https://ieeexplore.ieee.org/stamp/stamp.jsp?arnumber=9980590,https://doi.org/10.1109/a-sscc56115.2022.9980590,9980590,100.3,crossref_venue_year:2022,publisher_pdf_requires_session,6
A 96.62%-Peak-Efficiency and Seamless-Mode-Transition Buck-Boost DC-DC Converter with Auto-Shift-Ramp,Chi-Wei Chen; Bao-Xian Peng; Hsin-Shu Chen,,2022 IEEE Asian Solid-State Circuits Conference (A-SSCC),2022,ASSCC,A,Power Management,,10.1109/a-sscc56115.2022.9980638,https://ieeexplore.ieee.org/stamp/stamp.jsp?arnumber=9980638,https://doi.org/10.1109/a-sscc56115.2022.9980638,9980638,110.1,crossref_venue_year:2022,publisher_pdf_requires_session,1
A Capacitor-less Digital LDO using Ripple-Frequency-Adaptive Time-domain Digital Pre-distortion Technique,Angxiao Yan; Wei Deng; Haikun Jia; Shiwei Zhang; Rui Wu; Zhihua Wang; Baoyong Chi,,2022 IEEE Asian Solid-State Circuits Conference (A-SSCC),2022,ASSCC,A,Power Management,,10.1109/a-sscc56115.2022.9980762,https://ieeexplore.ieee.org/stamp/stamp.jsp?arnumber=9980762,https://doi.org/10.1109/a-sscc56115.2022.9980762,9980762,90.2,crossref_venue_year:2022,publisher_pdf_requires_session,2
A Compact Square-Geometry Quad-Core 19 GHz Class-F VCO with Parallel Inductor-sharing Technique achieving -137.2 dBc/Hz Phase Noise at 10MHz Offset,Yaqian Sun; Wei Deng; Haikun Jia; Zhihua Wang; Baoyong Chi,,2022 IEEE Asian Solid-State Circuits Conference (A-SSCC),2022,ASSCC,A,Clocking & Frequency Generation,,10.1109/a-sscc56115.2022.9980667,https://ieeexplore.ieee.org/stamp/stamp.jsp?arnumber=9980667,https://doi.org/10.1109/a-sscc56115.2022.9980667,9980667,90.3,crossref_venue_year:2022,publisher_pdf_requires_session,5
A D-Band Packaged CMOS Integrated Transmitter for MU-MIMO Applications,Meng Wei; Nima Baniasadi; Ethan Chou; Hesham Beshary; Sashank Krishnamurthy; Elad Alon; Ali Niknejad,,2022 IEEE Asian Solid-State Circuits Conference (A-SSCC),2022,ASSCC,A,RF/mmWave & Wireline,,10.1109/a-sscc56115.2022.9980538,https://ieeexplore.ieee.org/stamp/stamp.jsp?arnumber=9980538,https://doi.org/10.1109/a-sscc56115.2022.9980538,9980538,90.3,crossref_venue_year:2022,publisher_pdf_requires_session,4
A Digital LDO in 22nm CMOS with a 4b Self-triggered Binary Search Windowed Flash ADC Featuring Automatic Analog Layout Generator Framework,Xiaosen Liu; Soner Yaldiz; Parijat Mukherjee; Steven Burns; Harish Krishnamurthy; Krishnan Ravichandran; Zakir Ahmed; Nachiket Desai; Nicolas Butzen; James Tschanz; Vivek De,,2022 IEEE Asian Solid-State Circuits Conference (A-SSCC),2022,ASSCC,A,Analog & Mixed-Signal,,10.1109/a-sscc56115.2022.9980543,https://ieeexplore.ieee.org/stamp/stamp.jsp?arnumber=9980543,https://doi.org/10.1109/a-sscc56115.2022.9980543,9980543,90.3,crossref_venue_year:2022,publisher_pdf_requires_session,4
A Digital Temperature Sensor Based on 10b SAR ADC for Non-linear Temperature Dependency Compensation in 3D NAND Flash Memory,Kyoung-Jun Roh; Min-Ki Jeon; Jaewoo Park; Myoungbo Kwak; Chi-Weon Yoon; Youngdon Choi; Jung-Hwan Choi,,2022 IEEE Asian Solid-State Circuits Conference (A-SSCC),2022,ASSCC,A,Memory & Compute-in-Memory,,10.1109/a-sscc56115.2022.9980700,https://ieeexplore.ieee.org/stamp/stamp.jsp?arnumber=9980700,https://doi.org/10.1109/a-sscc56115.2022.9980700,9980700,110.2,crossref_venue_year:2022,publisher_pdf_requires_session,2
A Dual-Band 2×2 802.11ax Transceiver Supporting 160MHz CBW and 1024-QAM,Chao Lu; Shr-Lung Calvin Chen; Jun Liu; Jian Bao; Yi Zhao; Chin-Ming Chien; Yufei Wang; Jianqiu Chen; Zexin Liao; Bing Ding; Bihui Zhu; Jinhua Chen; Pengfei Yue; Ran Wang; Chun Wang,,2022 IEEE Asian Solid-State Circuits Conference (A-SSCC),2022,ASSCC,A,RF/mmWave & Wireline,,10.1109/a-sscc56115.2022.9980678,https://ieeexplore.ieee.org/stamp/stamp.jsp?arnumber=9980678,https://doi.org/10.1109/a-sscc56115.2022.9980678,9980678,90.3,crossref_venue_year:2022,publisher_pdf_requires_session,4
A Fast-Transient and Wide-Range Output Capacitor-Less NMOS LDO Regulator with Adaptive-Gain Nested Miller Compensation and Pre-Emphasis Inverse Biasing,Hyunjun Park; Woojoong Jung; Minsu Kim; Hyung-Min Lee,,2022 IEEE Asian Solid-State Circuits Conference (A-SSCC),2022,ASSCC,A,Power Management,,10.1109/a-sscc56115.2022.9980602,https://ieeexplore.ieee.org/stamp/stamp.jsp?arnumber=9980602,https://doi.org/10.1109/a-sscc56115.2022.9980602,9980602,100.4,crossref_venue_year:2022,publisher_pdf_requires_session,7
A Flexible Instruction-based Post-quantum Cryptographic Processor with Modulus Reconfigurable Arithmetic Unit for Module LWR&E,Aobo Li; Dongsheng Liu; Xiang Li; Tianze Huang; Shuo Yang; Jiahao Lu; Ang Hu,,2022 IEEE Asian Solid-State Circuits Conference (A-SSCC),2022,ASSCC,A,Digital IC & Architecture,,10.1109/a-sscc56115.2022.9980779,https://ieeexplore.ieee.org/stamp/stamp.jsp?arnumber=9980779,https://doi.org/10.1109/a-sscc56115.2022.9980779,9980779,100.3,crossref_venue_year:2022,publisher_pdf_requires_session,6
A Heart-related Physiological Signal Monitoring SoC for Wearable ECG Analysis Systems,Peng-Wei Huang; Shuenn-Yuh Lee; Chieh Tsou; Yi-Wen Hung; Po-Han Su; Ju-Yi Chen,,2022 IEEE Asian Solid-State Circuits Conference (A-SSCC),2022,ASSCC,A,Digital IC & Architecture,,10.1109/a-sscc56115.2022.9980825,https://ieeexplore.ieee.org/stamp/stamp.jsp?arnumber=9980825,https://doi.org/10.1109/a-sscc56115.2022.9980825,9980825,90.2,crossref_venue_year:2022,publisher_pdf_requires_session,2
A Hybrid Temperature Compensation method combined with Digital and Analog Temperature Compensation Techniques for 3D-NAND Flash Memories,Dojeon Lee; Junhong Park; Philkyu Kang; Sungmin Jo; Seheon Baek; Chi-Weon Yoon; Dongku Kang,,2022 IEEE Asian Solid-State Circuits Conference (A-SSCC),2022,ASSCC,A,Memory & Compute-in-Memory,,10.1109/a-sscc56115.2022.9980732,https://ieeexplore.ieee.org/stamp/stamp.jsp?arnumber=9980732,https://doi.org/10.1109/a-sscc56115.2022.9980732,9980732,90.1,crossref_venue_year:2022,publisher_pdf_requires_session,1
A Learning-Based Algorithm for Early Floorplan With Flexible Blocks,Jen-Wei Lee; Yi-Ying Liao; Te-Wei Chen; Yu-Hsiu Lin; Chia-Wei Chen; Chun-Ku Ting; Sheng-Tai Tseng; Ronald Kuo-Hua Ho; Hsin-Chuan Kuo; Chun-Chieh Wang; Ming-Fang Tsai; Chun-Chih Yang; Tai-Lai Tung; Da-Shan Shiu,,2022 IEEE Asian Solid-State Circuits Conference (A-SSCC),2022,ASSCC,A,"EDA, CAD & Verification",,10.1109/a-sscc56115.2022.9980637,https://ieeexplore.ieee.org/stamp/stamp.jsp?arnumber=9980637,https://doi.org/10.1109/a-sscc56115.2022.9980637,9980637,90.3,crossref_venue_year:2022,publisher_pdf_requires_session,5
A Local Transpose 9T SRAM Compute-In-Memory Macro with Programmable Single-Slope SAR ADC,Xin Zhang; Yongjun Jo; Jiahao Liu; Jun Zhou; Yuanjin Zheng; Tony Tae-Hyoung Kim,,2022 IEEE Asian Solid-State Circuits Conference (A-SSCC),2022,ASSCC,A,Memory & Compute-in-Memory,,10.1109/a-sscc56115.2022.9980672,https://ieeexplore.ieee.org/stamp/stamp.jsp?arnumber=9980672,https://doi.org/10.1109/a-sscc56115.2022.9980672,9980672,120.3,crossref_venue_year:2022,publisher_pdf_requires_session,5
A Low-power Sleep Apnea Monitoring IC with a Duty-Recovered Body Channel Communication Receiver,Pangi Park; Donghyeok Cho; SeongHwan Cho,,2022 IEEE Asian Solid-State Circuits Conference (A-SSCC),2022,ASSCC,A,RF/mmWave & Wireline,,10.1109/a-sscc56115.2022.9980624,https://ieeexplore.ieee.org/stamp/stamp.jsp?arnumber=9980624,https://doi.org/10.1109/a-sscc56115.2022.9980624,9980624,90.2,crossref_venue_year:2022,publisher_pdf_requires_session,3
A Process-Scalable Ultra-Low-Voltage 180kHz Sleep Timer with a Time-Domain Amplifier and a Switch-less Resistance Multiplier,Chongsoo Jung; Hoyong Seong; Injun Choi; Sohmyung Ha; Minkyu Je,,2022 IEEE Asian Solid-State Circuits Conference (A-SSCC),2022,ASSCC,A,Analog & Mixed-Signal,,10.1109/a-sscc56115.2022.9980764,https://ieeexplore.ieee.org/stamp/stamp.jsp?arnumber=9980764,https://doi.org/10.1109/a-sscc56115.2022.9980764,9980764,90.1,crossref_venue_year:2022,publisher_pdf_requires_session,1
A Real-Time High-Resolution Variable-Size Imaging Processor for Spaceborne Synthetic Aperture Radar,Jia-Zhao Lin; Po-Ta Chen; Hung-Yuan Chin; Pei-Yun Tsai; Sz-Yuan Lee,,2022 IEEE Asian Solid-State Circuits Conference (A-SSCC),2022,ASSCC,A,Digital IC & Architecture,,10.1109/a-sscc56115.2022.9980654,https://ieeexplore.ieee.org/stamp/stamp.jsp?arnumber=9980654,https://doi.org/10.1109/a-sscc56115.2022.9980654,9980654,90.1,crossref_venue_year:2022,publisher_pdf_requires_session,1
A Self-Clocked TDC-Based Unified Clock and Voltage Regulator with Replica Frequency-Locked Loop and Hysteresis Switching in 65nm CMOS,Xuliang Wang; Wing-Hung Ki; Philip K. T. Mok,,2022 IEEE Asian Solid-State Circuits Conference (A-SSCC),2022,ASSCC,A,Clocking & Frequency Generation,,10.1109/a-sscc56115.2022.9980639,https://ieeexplore.ieee.org/stamp/stamp.jsp?arnumber=9980639,https://doi.org/10.1109/a-sscc56115.2022.9980639,9980639,90.3,crossref_venue_year:2022,publisher_pdf_requires_session,4
A Single-Channel 14b 500 MS/s Pipelined-SAR ADC with Reference Ripple Mitigation Techniques and Adaptive-Biased Floating Inverter Amplifier,Wenning Jiang; Yan Zhu; Chi-Hang Chan; Rui Martins,,2022 IEEE Asian Solid-State Circuits Conference (A-SSCC),2022,ASSCC,A,Analog & Mixed-Signal,,10.1109/a-sscc56115.2022.9980749,https://ieeexplore.ieee.org/stamp/stamp.jsp?arnumber=9980749,https://doi.org/10.1109/a-sscc56115.2022.9980749,9980749,130.2,crossref_venue_year:2022,publisher_pdf_requires_session,3
A Single-Ended Duobinary-PAM4(PAM7) Transmitter with a 2-Tap Feed-Forward Equalizer,Jaenam Kim; Sanghyeon Park; Jaewoo Park; Junhan Bae; Jung-Hoon Chun,,2022 IEEE Asian Solid-State Circuits Conference (A-SSCC),2022,ASSCC,A,RF/mmWave & Wireline,,10.1109/a-sscc56115.2022.9980755,https://ieeexplore.ieee.org/stamp/stamp.jsp?arnumber=9980755,https://doi.org/10.1109/a-sscc56115.2022.9980755,9980755,100.2,crossref_venue_year:2022,publisher_pdf_requires_session,3
A Single-inductor Triple-output Buck DC-DC Converter with Electromagnetic Gated Low Dropouts for Higher Resistance to Electromagnetic and Power Side-Channel Attacks with 3B Minimum Traces to Disclosure Improvement in Internet of Things Applications,Ya-Ting Hsu; Yu-Jheng Ouyang; Ke-Horng Chen; Kuo-Lin Zheng; Ying-Hsi Lin; Shian-Ru Lin; Tsung-Yen Tsai,,2022 IEEE Asian Solid-State Circuits Conference (A-SSCC),2022,ASSCC,A,Power Management,,10.1109/a-sscc56115.2022.9980757,https://ieeexplore.ieee.org/stamp/stamp.jsp?arnumber=9980757,https://doi.org/10.1109/a-sscc56115.2022.9980757,9980757,100.1,crossref_venue_year:2022,publisher_pdf_requires_session,1
A Synchronous-Sampling Impedance-Readout IC with Baseline-Cancellation-Based Two-Step Conversion for Fast Neural Electrical Impedance Tomography,Ji-Hoon Suh; Haidam Choi; Yoontae Jung; Sein Oh; Hyungjoo Cho; Nahmil Koo; Seong Joong Kim; Chisung Bae; Sohmyung Ha; Minkyu Je,,2022 IEEE Asian Solid-State Circuits Conference (A-SSCC),2022,ASSCC,A,"EDA, CAD & Verification",,10.1109/a-sscc56115.2022.9980820,https://ieeexplore.ieee.org/stamp/stamp.jsp?arnumber=9980820,https://doi.org/10.1109/a-sscc56115.2022.9980820,9980820,90.3,crossref_venue_year:2022,publisher_pdf_requires_session,6
A Variation-Tolerant Differential Contention-Free Pulsed Latch with Wide Voltage Scalability,Gicheol Shin; Minhyeok Jeong; Donguk Seo; Shin Han; Yoonmyung Lee,,2022 IEEE Asian Solid-State Circuits Conference (A-SSCC),2022,ASSCC,A,General IC,,10.1109/a-sscc56115.2022.9980703,https://ieeexplore.ieee.org/stamp/stamp.jsp?arnumber=9980703,https://doi.org/10.1109/a-sscc56115.2022.9980703,9980703,90.3,crossref_venue_year:2022,publisher_pdf_requires_session,5
A Variation-Tolerant Processing-In-Memory Architecture Using Discharging Current Calibration,Daiki Kitagata; Shinji Tanaka; Naoya Fujita; Naoaki Irie,,2022 IEEE Asian Solid-State Circuits Conference (A-SSCC),2022,ASSCC,A,Memory & Compute-in-Memory,,10.1109/a-sscc56115.2022.9980781,https://ieeexplore.ieee.org/stamp/stamp.jsp?arnumber=9980781,https://doi.org/10.1109/a-sscc56115.2022.9980781,9980781,100.1,crossref_venue_year:2022,publisher_pdf_requires_session,0
A sub-0.5V Crystal Oscillator-Timer (XO-Timer) Combining 16MHz Reference and 32kHz Sleep Timer with a Single Crystal for Energy-Harvesting Radios in 28nm CMOS,Liwen Lin; Ka-Meng Lei; Pui-In Mak; Rui P.Martins,,2022 IEEE Asian Solid-State Circuits Conference (A-SSCC),2022,ASSCC,A,Analog & Mixed-Signal,,10.1109/a-sscc56115.2022.9980718,https://ieeexplore.ieee.org/stamp/stamp.jsp?arnumber=9980718,https://doi.org/10.1109/a-sscc56115.2022.9980718,9980718,90.2,crossref_venue_year:2022,publisher_pdf_requires_session,2
A sub-nW scalable nMOS voltage reference with multi-loop regulation achieving 0.0126%/V line sensitivity,Chutham Sawigun; Xiaolin Yang; Andrea Lodi; Carolina Mora Lopez,,2022 IEEE Asian Solid-State Circuits Conference (A-SSCC),2022,ASSCC,A,Analog & Mixed-Signal,,10.1109/a-sscc56115.2022.9980681,https://ieeexplore.ieee.org/stamp/stamp.jsp?arnumber=9980681,https://doi.org/10.1109/a-sscc56115.2022.9980681,9980681,90.7,crossref_venue_year:2022,publisher_pdf_requires_session,15
A-SSCC 2022 Cover Page,,,2022 IEEE Asian Solid-State Circuits Conference (A-SSCC),2022,ASSCC,A,General IC,,10.1109/a-sscc56115.2022.9980629,https://ieeexplore.ieee.org/stamp/stamp.jsp?arnumber=9980629,https://doi.org/10.1109/a-sscc56115.2022.9980629,9980629,90.1,crossref_venue_year:2022,publisher_pdf_requires_session,0
Advance Program,,,2022 IEEE Asian Solid-State Circuits Conference (A-SSCC),2022,ASSCC,A,General IC,,10.1109/a-sscc56115.2022.9980671,https://ieeexplore.ieee.org/stamp/stamp.jsp?arnumber=9980671,https://doi.org/10.1109/a-sscc56115.2022.9980671,9980671,90.1,crossref_venue_year:2022,publisher_pdf_requires_session,0
An 18.8-to-20.3-GHz Wide-Ramping-Range Cascaded- PLL-Based FMCW Generator with 44.1-kHz RMS Frequency Error and -105.6-dBc/Hz Phase Noise in 40-nm CMOS,Xiaofei Liao; Feifan Hong; Sijie Pan; Xiaohu You; Dixian Zhao,,2022 IEEE Asian Solid-State Circuits Conference (A-SSCC),2022,ASSCC,A,Clocking & Frequency Generation,,10.1109/a-sscc56115.2022.9980760,https://ieeexplore.ieee.org/stamp/stamp.jsp?arnumber=9980760,https://doi.org/10.1109/a-sscc56115.2022.9980760,9980760,90.4,crossref_venue_year:2022,publisher_pdf_requires_session,8
An Attachable Fractional Divider Transforming an Integer-N PLL Into a Fractional-N PLL with SSC Capability,Atsushi Motozawa; Yasuyuki Hiraku; Yoshitaka Hirai; Naoaki Hiyama; Yusuke Imanaka; Fukashi Morishita,,2022 IEEE Asian Solid-State Circuits Conference (A-SSCC),2022,ASSCC,A,Clocking & Frequency Generation,,10.1109/a-sscc56115.2022.9980697,https://ieeexplore.ieee.org/stamp/stamp.jsp?arnumber=9980697,https://doi.org/10.1109/a-sscc56115.2022.9980697,9980697,90.1,crossref_venue_year:2022,publisher_pdf_requires_session,1
An Efficient Unsupervised Learning-based Monocular Depth Estimation Processor with Partial-Switchable Systolic Array Architecture in Edge Devices,Wonhoon Park; Dongseok Im; Hankyul Kwon; Hoi-Jun Yoo,,2022 IEEE Asian Solid-State Circuits Conference (A-SSCC),2022,ASSCC,A,Digital IC & Architecture,,10.1109/a-sscc56115.2022.9980829,https://ieeexplore.ieee.org/stamp/stamp.jsp?arnumber=9980829,https://doi.org/10.1109/a-sscc56115.2022.9980829,9980829,90.2,crossref_venue_year:2022,publisher_pdf_requires_session,2
An Intra-Body-Power-Transfer System with a PLL-based Continuous Maximum Resonant Power Tracking Loop at TX and 1.8V DC Output Voltage at RX,Hyungjoo Cho; Ji-Hoon Suh; Gichan Yun; Sohmyung Ha; Minkyu Je,,2022 IEEE Asian Solid-State Circuits Conference (A-SSCC),2022,ASSCC,A,Clocking & Frequency Generation,,10.1109/a-sscc56115.2022.9980614,https://ieeexplore.ieee.org/stamp/stamp.jsp?arnumber=9980614,https://doi.org/10.1109/a-sscc56115.2022.9980614,9980614,90.1,crossref_venue_year:2022,publisher_pdf_requires_session,1
An One-Cycle Load Transient Response and 0.81 mV/A Load-Regulation Time-Domain Cascaded-VCO-Controlled Buck Converter for Powering Gaming SoC,Chieh-Ju Tsai; I-Fang Lo; Tsung-Hsien Lin; Ching-Jan Chen,,2022 IEEE Asian Solid-State Circuits Conference (A-SSCC),2022,ASSCC,A,Clocking & Frequency Generation,,10.1109/a-sscc56115.2022.9980692,https://ieeexplore.ieee.org/stamp/stamp.jsp?arnumber=9980692,https://doi.org/10.1109/a-sscc56115.2022.9980692,9980692,90.3,crossref_venue_year:2022,publisher_pdf_requires_session,5
An n79 Sub-1-dB Noise Figure Highly Linear Variable- Gain LNA Employing Adaptive Imbalanced Bleeding for 5G NR,Jinglong Xu; Keun-Mok Kim; Hafiz Usman Mahmood; Jusung Kim; Sang-Gug Lee,,2022 IEEE Asian Solid-State Circuits Conference (A-SSCC),2022,ASSCC,A,General IC,,10.1109/a-sscc56115.2022.9980726,https://ieeexplore.ieee.org/stamp/stamp.jsp?arnumber=9980726,https://doi.org/10.1109/a-sscc56115.2022.9980726,9980726,90.2,crossref_venue_year:2022,publisher_pdf_requires_session,3
C 3 MLS: A 0.12-nW Leakage and 18.11-fJ/Transition Level Shifter With Cross-Coupled and Current Mirror Hybrid Structure for Ultra-Wide Range Level Conversions,Cong Huang; Hailong Jiao,,2022 IEEE Asian Solid-State Circuits Conference (A-SSCC),2022,ASSCC,A,General IC,,10.1109/a-sscc56115.2022.9980673,https://ieeexplore.ieee.org/stamp/stamp.jsp?arnumber=9980673,https://doi.org/10.1109/a-sscc56115.2022.9980673,9980673,90.1,crossref_venue_year:2022,publisher_pdf_requires_session,0
Committees,,,2022 IEEE Asian Solid-State Circuits Conference (A-SSCC),2022,ASSCC,A,General IC,,10.1109/a-sscc56115.2022.9980689,https://ieeexplore.ieee.org/stamp/stamp.jsp?arnumber=9980689,https://doi.org/10.1109/a-sscc56115.2022.9980689,9980689,90.1,crossref_venue_year:2022,publisher_pdf_requires_session,0
Copyright Page,,,2022 IEEE Asian Solid-State Circuits Conference (A-SSCC),2022,ASSCC,A,General IC,,10.1109/a-sscc56115.2022.9980603,https://ieeexplore.ieee.org/stamp/stamp.jsp?arnumber=9980603,https://doi.org/10.1109/a-sscc56115.2022.9980603,9980603,90.1,crossref_venue_year:2022,publisher_pdf_requires_session,0
DSC-TRCP: Dynamically Self-calibrating Tunable Replica Critical Paths Timing Monitoring for Variation Resilient Circuits with Low Cost & Large Power/Frequency Gain,Zhengguo Shen; Weiwei Shan; Yuxuan Du; Ziyu Li; Chengjun Wu; Jun Yang,,2022 IEEE Asian Solid-State Circuits Conference (A-SSCC),2022,ASSCC,A,General IC,,10.1109/a-sscc56115.2022.9980596,https://ieeexplore.ieee.org/stamp/stamp.jsp?arnumber=9980596,https://doi.org/10.1109/a-sscc56115.2022.9980596,9980596,90.1,crossref_venue_year:2022,publisher_pdf_requires_session,1
Energy Efficient BNN Accelerator using CiM and a Time-Interleaved Hadamard Digital GRNG in 22nm CMOS,Richard Dorrance; Deepak Dasalukunte; Hechen Wang; Renzhi Liu; Brent Carlton,,2022 IEEE Asian Solid-State Circuits Conference (A-SSCC),2022,ASSCC,A,Digital IC & Architecture,,10.1109/a-sscc56115.2022.9980539,https://ieeexplore.ieee.org/stamp/stamp.jsp?arnumber=9980539,https://doi.org/10.1109/a-sscc56115.2022.9980539,9980539,90.3,crossref_venue_year:2022,publisher_pdf_requires_session,6
F-LIC: FPGA-based Learned Image Compression with a Fine-grained Pipeline,Heming Sun; Qingyang Yi; Fangzheng Lin; Lu Yu; Jiro Katto; Masahiro Fujita,,2022 IEEE Asian Solid-State Circuits Conference (A-SSCC),2022,ASSCC,A,General IC,,10.1109/a-sscc56115.2022.9980666,https://ieeexplore.ieee.org/stamp/stamp.jsp?arnumber=9980666,https://doi.org/10.1109/a-sscc56115.2022.9980666,9980666,90.6,crossref_venue_year:2022,publisher_pdf_requires_session,12
Foreword,,,2022 IEEE Asian Solid-State Circuits Conference (A-SSCC),2022,ASSCC,A,General IC,,10.1109/a-sscc56115.2022.9980593,https://ieeexplore.ieee.org/stamp/stamp.jsp?arnumber=9980593,https://doi.org/10.1109/a-sscc56115.2022.9980593,9980593,90.1,crossref_venue_year:2022,publisher_pdf_requires_session,0
High-speed Serial Link Trend and Technical Challenge,Hyungjong Ko,,2022 IEEE Asian Solid-State Circuits Conference (A-SSCC),2022,ASSCC,A,General IC,,10.1109/a-sscc56115.2022.9980758,https://ieeexplore.ieee.org/stamp/stamp.jsp?arnumber=9980758,https://doi.org/10.1109/a-sscc56115.2022.9980758,9980758,90.3,crossref_venue_year:2022,publisher_pdf_requires_session,5
High-speed and energy-efficient crypto-processor for post-quantum cryptography CRYSTALS-Kyber,Taishin Shimada; Makoto Ikeda,,2022 IEEE Asian Solid-State Circuits Conference (A-SSCC),2022,ASSCC,A,Digital IC & Architecture,,10.1109/a-sscc56115.2022.9980610,https://ieeexplore.ieee.org/stamp/stamp.jsp?arnumber=9980610,https://doi.org/10.1109/a-sscc56115.2022.9980610,9980610,90.5,crossref_venue_year:2022,publisher_pdf_requires_session,9
Innovation at the edge: IoT 2.0,Danielle Griffith,,2022 IEEE Asian Solid-State Circuits Conference (A-SSCC),2022,ASSCC,A,General IC,,10.1109/a-sscc56115.2022.9980744,https://ieeexplore.ieee.org/stamp/stamp.jsp?arnumber=9980744,https://doi.org/10.1109/a-sscc56115.2022.9980744,9980744,90.3,crossref_venue_year:2022,publisher_pdf_requires_session,6
Method of Halved Interaction Elements with Regularity Arrangement that achieves Independent Double Systems for Scalable Fully Coupled Annealing Processing,Shinjiro Kitahara; Akari Endo; Taichi Megumi; Takayuki Kawahara,,2022 IEEE Asian Solid-State Circuits Conference (A-SSCC),2022,ASSCC,A,General IC,,10.1109/a-sscc56115.2022.9980631,https://ieeexplore.ieee.org/stamp/stamp.jsp?arnumber=9980631,https://doi.org/10.1109/a-sscc56115.2022.9980631,9980631,90.2,crossref_venue_year:2022,publisher_pdf_requires_session,2
Program,,,2022 IEEE Asian Solid-State Circuits Conference (A-SSCC),2022,ASSCC,A,General IC,,10.1109/a-sscc56115.2022.9980664,https://ieeexplore.ieee.org/stamp/stamp.jsp?arnumber=9980664,https://doi.org/10.1109/a-sscc56115.2022.9980664,9980664,90.1,crossref_venue_year:2022,publisher_pdf_requires_session,0
SNPU: Always-on 63.2μW Face Recognition Spike Domain Convolutional Neural Network Processor with Spike Train Decomposition and Shift-and-Accumulation Unit,Sangyeob Kim; Sangjin Kim; Soyeon Um; Soyeon Kim; Juhyoung Lee; Hoi-Jun Yoo,,2022 IEEE Asian Solid-State Circuits Conference (A-SSCC),2022,ASSCC,A,Digital IC & Architecture,,10.1109/a-sscc56115.2022.9980595,https://ieeexplore.ieee.org/stamp/stamp.jsp?arnumber=9980595,https://doi.org/10.1109/a-sscc56115.2022.9980595,9980595,100.3,crossref_venue_year:2022,publisher_pdf_requires_session,5
Semi-conductor Pillars in 5G Era and Beyond,Qiwei Ren; Yongxu Zhu; Zhikun Xu; Zhengang Pan,,2022 IEEE Asian Solid-State Circuits Conference (A-SSCC),2022,ASSCC,A,General IC,,10.1109/a-sscc56115.2022.9980537,https://ieeexplore.ieee.org/stamp/stamp.jsp?arnumber=9980537,https://doi.org/10.1109/a-sscc56115.2022.9980537,9980537,90.2,crossref_venue_year:2022,publisher_pdf_requires_session,2
Spike-CIM: A 290TOPS/W Spike-Encoding Sparsity-Adaptive Computing-in-Memory Macro with Differential Charge-Domain Integrate-and-Fire,Jiahao Song; Xiyuan Tang; Haoyang Luo; Kuan Xu; Yuan Wang; Zhigang Ji; Runsheng Wang; Ru Huang,,2022 IEEE Asian Solid-State Circuits Conference (A-SSCC),2022,ASSCC,A,Memory & Compute-in-Memory,,10.1109/a-sscc56115.2022.9980797,https://ieeexplore.ieee.org/stamp/stamp.jsp?arnumber=9980797,https://doi.org/10.1109/a-sscc56115.2022.9980797,9980797,110.5,crossref_venue_year:2022,publisher_pdf_requires_session,9
Sub-GHz RF Energy Harvester including a Small Loop Antenna,Darshan Shetty; Christoph Steffan; Wolfgang Bosch; Jasmin Grosinger,,2022 IEEE Asian Solid-State Circuits Conference (A-SSCC),2022,ASSCC,A,RF/mmWave & Wireline,,10.1109/a-sscc56115.2022.9980653,https://ieeexplore.ieee.org/stamp/stamp.jsp?arnumber=9980653,https://doi.org/10.1109/a-sscc56115.2022.9980653,9980653,90.3,crossref_venue_year:2022,publisher_pdf_requires_session,6
Traffic Flow and Floor Plan,,,2022 IEEE Asian Solid-State Circuits Conference (A-SSCC),2022,ASSCC,A,General IC,,10.1109/a-sscc56115.2022.9980706,https://ieeexplore.ieee.org/stamp/stamp.jsp?arnumber=9980706,https://doi.org/10.1109/a-sscc56115.2022.9980706,9980706,90.1,crossref_venue_year:2022,publisher_pdf_requires_session,0
Welcome Message,,,2022 IEEE Asian Solid-State Circuits Conference (A-SSCC),2022,ASSCC,A,General IC,,10.1109/a-sscc56115.2022.9980824,https://ieeexplore.ieee.org/stamp/stamp.jsp?arnumber=9980824,https://doi.org/10.1109/a-sscc56115.2022.9980824,9980824,90.1,crossref_venue_year:2022,publisher_pdf_requires_session,0
2-20-V Wide Input Range Active Rectifier with Single-Multiplexing Adaptive Delay Compensation and Low-Voltage Enhancement for Wireless Power Transmission,Chao Xie; Guangshu Zhao; Junliang Wei; Man-Kay Law; Milin Zhang,,2023 IEEE Asian Solid-State Circuits Conference (A-SSCC),2023,ASSCC,A,General IC,,10.1109/a-sscc58667.2023.10347950,https://ieeexplore.ieee.org/stamp/stamp.jsp?arnumber=10347950,https://doi.org/10.1109/a-sscc58667.2023.10347950,10347950,90.6,crossref_venue_year:2023,publisher_pdf_requires_session,3
248 GHz Compact Mixer-Last Direct-Conversion Transmitter with I/Q Imbalance and LO Feedthrough Calibration Capability,Seunghoon Lee; Junhyeong Kim; Ho-Jin Song,,2023 IEEE Asian Solid-State Circuits Conference (A-SSCC),2023,ASSCC,A,RF/mmWave & Wireline,,10.1109/a-sscc58667.2023.10347920,https://ieeexplore.ieee.org/stamp/stamp.jsp?arnumber=10347920,https://doi.org/10.1109/a-sscc58667.2023.10347920,10347920,100.6,crossref_venue_year:2023,publisher_pdf_requires_session,4
3D-ISC: A 65nm 3D Compatible In-Sensor Computing Accelerator with Reconfigurable Tile Architecture for Real-Time DVS Data Compression,Gokul Krishnan; Gopikrishnan Raveendran Nair; Jonghyun Oh; Anupreetham Anupreetham; Pragnya Sudershan Nalla; Ahmed Hassan; Injune Yeo; Kishore Kasichainula; Jae-sun Seo; Mingoo Seok; Yu Cao,,2023 IEEE Asian Solid-State Circuits Conference (A-SSCC),2023,ASSCC,A,Digital IC & Architecture,,10.1109/a-sscc58667.2023.10347978,https://ieeexplore.ieee.org/stamp/stamp.jsp?arnumber=10347978,https://doi.org/10.1109/a-sscc58667.2023.10347978,10347978,90.5,crossref_venue_year:2023,publisher_pdf_requires_session,1
5G Lessons Learned and an Outlook on 6G,Bongtae Kim,,2023 IEEE Asian Solid-State Circuits Conference (A-SSCC),2023,ASSCC,A,General IC,,10.1109/a-sscc58667.2023.10347947,https://ieeexplore.ieee.org/stamp/stamp.jsp?arnumber=10347947,https://doi.org/10.1109/a-sscc58667.2023.10347947,10347947,90.5,crossref_venue_year:2023,publisher_pdf_requires_session,1
A $142.8-\mu \text{W}$ 98.1dB-SNDR Power/Bandwidth Configurable Fully Dynamic Discrete-Time Zoom ADC with Interstage Leakage Shaping,Yuke Shen; Shubin Liu; Kui Wen; Yanbo Zhang; Yi Shen; Ruixue Ding; Zhangming Zhu,,2023 IEEE Asian Solid-State Circuits Conference (A-SSCC),2023,ASSCC,A,Analog & Mixed-Signal,,10.1109/a-sscc58667.2023.10348008,https://ieeexplore.ieee.org/stamp/stamp.jsp?arnumber=10348008,https://doi.org/10.1109/a-sscc58667.2023.10348008,10348008,90.5,crossref_venue_year:2023,publisher_pdf_requires_session,2
A $\boldsymbol{4} \times \boldsymbol{112}-\mathbf{Gb}/\mathbf{s}$ PAM-4 Silicon-Photonic Transceiver Front-End for Linear-Drive Co-Packaged Optics,Han Liu; Nan Qi; Donglai Lu; Zizheng Dong; Zhihan Zhang; Jian He; Guike Li; Leliang Li; Ye Liu; Ziyue Dang; Daigao Chen; Zhao Zhang; Jian Liu; Nanjian Wu; Xi Xiao; Liyuan Liu,,2023 IEEE Asian Solid-State Circuits Conference (A-SSCC),2023,ASSCC,A,RF/mmWave & Wireline,,10.1109/a-sscc58667.2023.10347914,https://ieeexplore.ieee.org/stamp/stamp.jsp?arnumber=10347914,https://doi.org/10.1109/a-sscc58667.2023.10347914,10347914,110.5,crossref_venue_year:2023,publisher_pdf_requires_session,2
A $\mathbf{160}\times \mathbf{120}$ Indirect Time-of-Flight Sensor with Pixel-Level Adaptive $\Delta\Sigma$-Operations for Background Light Cancellation,Yongjae Park; Jubin Kang; Dahwan Park; Insang Son; Jung-Hye Hwang; Seong-Jin Kim,,2023 IEEE Asian Solid-State Circuits Conference (A-SSCC),2023,ASSCC,A,General IC,,10.1109/a-sscc58667.2023.10347975,https://ieeexplore.ieee.org/stamp/stamp.jsp?arnumber=10347975,https://doi.org/10.1109/a-sscc58667.2023.10347975,10347975,90.5,crossref_venue_year:2023,publisher_pdf_requires_session,1
A 0.000261 mm 2 Single-Channel 1 GS/s 8-Bit 3-Stage Capacitor Array-Assisted Charge-Injection DAC-Based SAR ADC in 28 nm CMOS,Chan-Ho Kye; Kyojin Choo,,2023 IEEE Asian Solid-State Circuits Conference (A-SSCC),2023,ASSCC,A,Analog & Mixed-Signal,,10.1109/a-sscc58667.2023.10347948,https://ieeexplore.ieee.org/stamp/stamp.jsp?arnumber=10347948,https://doi.org/10.1109/a-sscc58667.2023.10347948,10347948,110.7,crossref_venue_year:2023,publisher_pdf_requires_session,7
A 0.12-V 200-Hz-BW 10-Bit ADC Using Quad-Channel VCO and Interpolation Linearization,Shea Smith; Taylor Barton; Yen-Cheng Kuan; Armin Tajalli; Mau-Chung Frank Chang; Shiuh-Hua Wood Chiang,,2023 IEEE Asian Solid-State Circuits Conference (A-SSCC),2023,ASSCC,A,Analog & Mixed-Signal,,10.1109/a-sscc58667.2023.10347931,https://ieeexplore.ieee.org/stamp/stamp.jsp?arnumber=10347931,https://doi.org/10.1109/a-sscc58667.2023.10347931,10347931,90.7,crossref_venue_year:2023,publisher_pdf_requires_session,5
A 0.5-to-1.5GHz BW-Extended Gain-Boosted N-Path Filter Using a Switched $\mathbf{g}_{\mathbf{m}}-\mathbf{C}$ Network Achieving 50MHz BW and 18.2dBm OB-IIP 3,Gengzhen Qi; Pui-In Mak,,2023 IEEE Asian Solid-State Circuits Conference (A-SSCC),2023,ASSCC,A,Analog & Mixed-Signal,,10.1109/a-sscc58667.2023.10348010,https://ieeexplore.ieee.org/stamp/stamp.jsp?arnumber=10348010,https://doi.org/10.1109/a-sscc58667.2023.10348010,10348010,90.6,crossref_venue_year:2023,publisher_pdf_requires_session,3
"A 1.01V 8.5Gb/s/pin 16Gb LPDDR5x SDRAM with Self-Pre-Emphasized Stacked-Tx, Supply Voltage Insensitive Rx, and Optimized Clock Using 4th-Generation 10nm DRAM Process for High-Speed and Low-Power Applications",Hyun-A Ahn; Yoo-Chang Sung; Yong-Hun Kim; Janghoo Kim; Kihan Kim; Donghun Lee; Young-Gil Go; Jae-Woo Lee; Jae-Woo Jung; Yong-Hyun Kim; Ga-Ram Choi; Jun-Seo Park; Bo-Hyeon Lee; Jinhyeok Baek; Daesik Moon; Daihyun Lim; Seung-Jun Bae; Young-soo Sohn; Changsik Yoo; Tae-Young Oh,,2023 IEEE Asian Solid-State Circuits Conference (A-SSCC),2023,ASSCC,A,Memory & Compute-in-Memory,,10.1109/a-sscc58667.2023.10348005,https://ieeexplore.ieee.org/stamp/stamp.jsp?arnumber=10348005,https://doi.org/10.1109/a-sscc58667.2023.10348005,10348005,100.5,crossref_venue_year:2023,publisher_pdf_requires_session,2
A 1.08ms Ultrafast Scanning Capacitive Touch-Screen Sensor Interface with Charge-Interpolated Common-Mode Compensation and Host-Based Adaptive Median Filtering,Jonghang Choi; Subin Kim; Yongjun Lee; Sanghyun Heo; Keum-Dong Jung; Young-Ha Hwang; Jun-Eun Park,,2023 IEEE Asian Solid-State Circuits Conference (A-SSCC),2023,ASSCC,A,Analog & Mixed-Signal,,10.1109/a-sscc58667.2023.10347943,https://ieeexplore.ieee.org/stamp/stamp.jsp?arnumber=10347943,https://doi.org/10.1109/a-sscc58667.2023.10347943,10347943,100.6,crossref_venue_year:2023,publisher_pdf_requires_session,3
A 1.2 V 2.3 µW 94.7 dB DR Delta-Sigma Modulator With Dynamic-Range Enhancement and Tri-Level CDAC,Cong Wei; Rongshan Wei; Lijie Huang; Gongxing Huang; Jinze Lai; Zhichao Tan,,2023 IEEE Asian Solid-State Circuits Conference (A-SSCC),2023,ASSCC,A,Analog & Mixed-Signal,,10.1109/a-sscc58667.2023.10348006,https://ieeexplore.ieee.org/stamp/stamp.jsp?arnumber=10348006,https://doi.org/10.1109/a-sscc58667.2023.10348006,10348006,100.5,crossref_venue_year:2023,publisher_pdf_requires_session,0
A 10TFLOPS Datacenter-Oriented GPU with 4-Corner Stacked 64GB Memory by The Means of 2.5D Packaging Technology,Shuang Wang; Weiliang Chen; Xueqing Li; Leibo Liu; Huazhong Yang,,2023 IEEE Asian Solid-State Circuits Conference (A-SSCC),2023,ASSCC,A,Digital IC & Architecture,,10.1109/a-sscc58667.2023.10347909,https://ieeexplore.ieee.org/stamp/stamp.jsp?arnumber=10347909,https://doi.org/10.1109/a-sscc58667.2023.10347909,10347909,90.5,crossref_venue_year:2023,publisher_pdf_requires_session,1
"A 11.6-to-13.6GHz, 47-fsrms Jitter Integer-N PLL with Simultaneous Differential 2ND-Harmonic Output using a - 128dBc/Hz Phase Noise at 1MHz offset Quad-Core VCO in 65nm CMOS",Ruichang Ma; Haikun Jia; Hongzhuo Liu; Wei Deng; Zhihua Wang; Baoyong Chi,,2023 IEEE Asian Solid-State Circuits Conference (A-SSCC),2023,ASSCC,A,Clocking & Frequency Generation,,10.1109/a-sscc58667.2023.10347958,https://ieeexplore.ieee.org/stamp/stamp.jsp?arnumber=10347958,https://doi.org/10.1109/a-sscc58667.2023.10347958,10347958,110.5,crossref_venue_year:2023,publisher_pdf_requires_session,0
A 110-160 GHz ASK Receiver with Isomorphic Low Noise Power Amplifier and Multi-Mode Interface in 28-nm CMOS,Dawei Tang; Zekun Li; Leyang Huang; Rui Zhang; Liqun Lu; Chun Yang; Zheng Yan; Peigen Zhou; Zhe Chen; Jixin Chen; Wei Hong,,2023 IEEE Asian Solid-State Circuits Conference (A-SSCC),2023,ASSCC,A,RF/mmWave & Wireline,,10.1109/a-sscc58667.2023.10348003,https://ieeexplore.ieee.org/stamp/stamp.jsp?arnumber=10348003,https://doi.org/10.1109/a-sscc58667.2023.10348003,10348003,110.7,crossref_venue_year:2023,publisher_pdf_requires_session,6
"A 12.75-to-16-GHz Spur-Jitter-Joint-Optimization SS-PLL Achieving -94.55-dBc Reference Spur, 31.9-fs Integrated Jitter and -260.1-dB FoM",Yixi Li; Zhao Zhang; Yong Chen; Xinyu Shen; Zhaoyu Zhang; Nan Qi; Jian Liu; Nanjian Wu; Liyuan Liu,,2023 IEEE Asian Solid-State Circuits Conference (A-SSCC),2023,ASSCC,A,Clocking & Frequency Generation,,10.1109/a-sscc58667.2023.10347983,https://ieeexplore.ieee.org/stamp/stamp.jsp?arnumber=10347983,https://doi.org/10.1109/a-sscc58667.2023.10347983,10347983,100.9,crossref_venue_year:2023,publisher_pdf_requires_session,12
A 2 x 24Gb/s Single-Ended Transceiver with Channel-Independent Encoder-Based Crosstalk Cancellation in 28nm CMOS,Hongzhi Wu; Weitao Wu; Liping Zhong; Xuxu Cheng; Xiongshi Luo; Zhenghao Li; Dongfan Xu; Quan Pan,,2023 IEEE Asian Solid-State Circuits Conference (A-SSCC),2023,ASSCC,A,RF/mmWave & Wireline,,10.1109/a-sscc58667.2023.10347980,https://ieeexplore.ieee.org/stamp/stamp.jsp?arnumber=10347980,https://doi.org/10.1109/a-sscc58667.2023.10347980,10347980,90.7,crossref_venue_year:2023,publisher_pdf_requires_session,7
"A 2-W, 90%-Efficiency Single-Stage Dual-Output Wireless Power Receiver with 0.1 to 700-mA Output Current Range Through Dynamic Delay Compensation and Bootstrap Adaptive Body Biasing Circuit",Yutang Chen; Yuxuan Luo; Jianping Guo; Xian Tang; Dihu Chen,,2023 IEEE Asian Solid-State Circuits Conference (A-SSCC),2023,ASSCC,A,Analog & Mixed-Signal,,10.1109/a-sscc58667.2023.10348004,https://ieeexplore.ieee.org/stamp/stamp.jsp?arnumber=10348004,https://doi.org/10.1109/a-sscc58667.2023.10348004,10348004,90.6,crossref_venue_year:2023,publisher_pdf_requires_session,4
A 200MHz Bandwidth 84% Peak Efficiency AC-Coupled Envelope Tracking Supply Modulator with 10MHz Constant Switching Frequency,Peng Xu; Xueli Zhang; Tao Wang; Peng Cao; Jiawei Xu; Zhiliang Hong,,2023 IEEE Asian Solid-State Circuits Conference (A-SSCC),2023,ASSCC,A,General IC,,10.1109/a-sscc58667.2023.10347974,https://ieeexplore.ieee.org/stamp/stamp.jsp?arnumber=10347974,https://doi.org/10.1109/a-sscc58667.2023.10347974,10347974,90.5,crossref_venue_year:2023,publisher_pdf_requires_session,1
A 226 GHz Coupled Harmonic VCO with 9.34% Tuning Range Utilizing Three-Coil Transformer with Switched Inductor in 65nm CMOS,Yue Liang; Qin Chen; Xu Wu; Xiangning Fan; Lianming Li,,2023 IEEE Asian Solid-State Circuits Conference (A-SSCC),2023,ASSCC,A,Clocking & Frequency Generation,,10.1109/a-sscc58667.2023.10347961,https://ieeexplore.ieee.org/stamp/stamp.jsp?arnumber=10347961,https://doi.org/10.1109/a-sscc58667.2023.10347961,10347961,90.6,crossref_venue_year:2023,publisher_pdf_requires_session,4
A 23.9 µW 13.6-bit Period Modulation-Based Capacitance-to-Digital Converter with Dynamic Current Mirror Front-end Achieving Capacitor Range of 1 to 68 pF,Hyeyeon Lee; Donguk Seo; Young-Jin Woo; Yoonmyung Lee; Inhee Lee; Youngcheol Chae,,2023 IEEE Asian Solid-State Circuits Conference (A-SSCC),2023,ASSCC,A,RF/mmWave & Wireline,,10.1109/a-sscc58667.2023.10347985,https://ieeexplore.ieee.org/stamp/stamp.jsp?arnumber=10347985,https://doi.org/10.1109/a-sscc58667.2023.10347985,10347985,90.5,crossref_venue_year:2023,publisher_pdf_requires_session,0
A 25kHz-BW 97.4dB-SNDR 100.2dB-DR 3 rd -Order SAR-Assisted CT DSM with 1–0 MASH and DNC,Kent Edrian Lozada; Dong-Hun Lee; Ye-Dam Kim; Ho-Jin Kim; Youngjae Cho; Michael Choi; Seung-Tak Ryu,,2023 IEEE Asian Solid-State Circuits Conference (A-SSCC),2023,ASSCC,A,Analog & Mixed-Signal,,10.1109/a-sscc58667.2023.10347940,https://ieeexplore.ieee.org/stamp/stamp.jsp?arnumber=10347940,https://doi.org/10.1109/a-sscc58667.2023.10347940,10347940,90.5,crossref_venue_year:2023,publisher_pdf_requires_session,2
A 26-30GHz Digitally-Controlled Variable Gain Power Amplifier with Phase Compensation and Third Order Nonlinearity Cancellation Technique,Haoqi Qin; Junjie Gu; Hao Xu; Weitian Liu; Kefeng Han; Rui Yin; Zongming Duan; Hao Gao; Na Yan,,2023 IEEE Asian Solid-State Circuits Conference (A-SSCC),2023,ASSCC,A,Analog & Mixed-Signal,,10.1109/a-sscc58667.2023.10347966,https://ieeexplore.ieee.org/stamp/stamp.jsp?arnumber=10347966,https://doi.org/10.1109/a-sscc58667.2023.10347966,10347966,90.5,crossref_venue_year:2023,publisher_pdf_requires_session,2
A 26.9-GHz 4-Element Code-Domain Hybrid Beamforming Phased-Array Receiver,Ziyi Lin; Haikun Jia; Chuanming Zhu; Wei Deng; Huabing Liao; Bao Shi; Lujie Hao; Xiangrong Huang; Baoyong Chi,,2023 IEEE Asian Solid-State Circuits Conference (A-SSCC),2023,ASSCC,A,RF/mmWave & Wireline,,10.1109/a-sscc58667.2023.10347977,https://ieeexplore.ieee.org/stamp/stamp.jsp?arnumber=10347977,https://doi.org/10.1109/a-sscc58667.2023.10347977,10347977,90.5,crossref_venue_year:2023,publisher_pdf_requires_session,2
A 27-to-31.6 GHz 8-Element Phased-Array Transmitter Front-End with Inter-Element-Interference Cancellation Scheme in 65 nm CMOS,Dongze Li; Wei Deng; Xintao Li; Ruiheng Qiu; Haikun Jia; Xiangrong Huang; Ziyuan Guo; Baoyong Chi,,2023 IEEE Asian Solid-State Circuits Conference (A-SSCC),2023,ASSCC,A,RF/mmWave & Wireline,,10.1109/a-sscc58667.2023.10347988,https://ieeexplore.ieee.org/stamp/stamp.jsp?arnumber=10347988,https://doi.org/10.1109/a-sscc58667.2023.10347988,10347988,110.5,crossref_venue_year:2023,publisher_pdf_requires_session,0
A 28-nW Noise-Robust Voice Activity Detector with Background Aware Feature Extraction,Jingsen Yang; Liangjian Lyu; Zirui Dong; Heyu Ren; C.-J. Richard Shi,,2023 IEEE Asian Solid-State Circuits Conference (A-SSCC),2023,ASSCC,A,General IC,,10.1109/a-sscc58667.2023.10347926,https://ieeexplore.ieee.org/stamp/stamp.jsp?arnumber=10347926,https://doi.org/10.1109/a-sscc58667.2023.10347926,10347926,90.5,crossref_venue_year:2023,publisher_pdf_requires_session,1
A 28nm 386.5GOPS/W Coarse-Grained DSP Using Configurable Processing Elements for Always-on Computation with FPGA Implementation,Hedi Wang; Zengwei Wang; Yaolei Li; Chen Tang; Jinxu Gao; Huazhong Yang; Yongpan Liu,,2023 IEEE Asian Solid-State Circuits Conference (A-SSCC),2023,ASSCC,A,General IC,,10.1109/a-sscc58667.2023.10347929,https://ieeexplore.ieee.org/stamp/stamp.jsp?arnumber=10347929,https://doi.org/10.1109/a-sscc58667.2023.10347929,10347929,90.5,crossref_venue_year:2023,publisher_pdf_requires_session,0
"A 28nm 49.7TOPS/W Sparse Transformer Processor with Random-Projection-Based Speculation, Multi-Stationary Dataflow, and Redundant Partial Product Elimination",Yubin Qin; Yang Wang; Dazheng Deng; Xiaolong Yang; Zhiren Zhao; Yang Zhou; Yuanqi Fan; Jingchuan Wei; Tianbao Chen; Leibo Liu; Shaojun Wei; Yang Hu; Shouyi Yin,,2023 IEEE Asian Solid-State Circuits Conference (A-SSCC),2023,ASSCC,A,Digital IC & Architecture,,10.1109/a-sscc58667.2023.10347953,https://ieeexplore.ieee.org/stamp/stamp.jsp?arnumber=10347953,https://doi.org/10.1109/a-sscc58667.2023.10347953,10347953,90.5,crossref_venue_year:2023,publisher_pdf_requires_session,1
A 2D Beam-Steerable 252-285-GHz 25.8-Gbit/s CMOS Receiver Module,Takeshi Yoshida; Shinsuke Hara; Tatsuo Hagino; Mohamed H. Mubarak; Akifumi Kasamatsu; Kyoya Takano; Yoshiki Sugimoto; Kunio Sakakibara; Shuhei Amakawa; Minoru Fujishima,,2023 IEEE Asian Solid-State Circuits Conference (A-SSCC),2023,ASSCC,A,RF/mmWave & Wireline,,10.1109/a-sscc58667.2023.10347997,https://ieeexplore.ieee.org/stamp/stamp.jsp?arnumber=10347997,https://doi.org/10.1109/a-sscc58667.2023.10347997,10347997,90.9,crossref_venue_year:2023,publisher_pdf_requires_session,11
A 2pA/√Hz Current-Conveyor-Assisted Ultrasound Receiver with 25pF CMUT Parasitic Capacitance,Gichan Yun; Kyeongwon Jeong; Haidam Choi; Seunghyeon Nam; Chaerin Oh; Hyunjoo Jenny Lee; Sohmyung Ha; Minkyu Je,,2023 IEEE Asian Solid-State Circuits Conference (A-SSCC),2023,ASSCC,A,RF/mmWave & Wireline,,10.1109/a-sscc58667.2023.10347934,https://ieeexplore.ieee.org/stamp/stamp.jsp?arnumber=10347934,https://doi.org/10.1109/a-sscc58667.2023.10347934,10347934,90.5,crossref_venue_year:2023,publisher_pdf_requires_session,1
A 33.6 FPS Embedding based Real-time Neural Rendering Accelerator with Switchable Computation Skipping Architecture on Edge Device,Jongjun Park; Donghyeon Han; Junha Ryu; Dongseok Im; Gwangtae Park; Hoi-jun Yoo,,2023 IEEE Asian Solid-State Circuits Conference (A-SSCC),2023,ASSCC,A,Digital IC & Architecture,,10.1109/a-sscc58667.2023.10347991,https://ieeexplore.ieee.org/stamp/stamp.jsp?arnumber=10347991,https://doi.org/10.1109/a-sscc58667.2023.10347991,10347991,90.8,crossref_venue_year:2023,publisher_pdf_requires_session,9
A 4-Element 4-Beam Ka-Band Phased-Array Receiver Using Mesh Topology in 65 nm CMOS,Xiangrong Huang; Haikun Jia; Wei Deng; Chuanming Zhu; Zhihua Wang; Xuzhi Liu; Zhiming Chen; Baoyong Chi,,2023 IEEE Asian Solid-State Circuits Conference (A-SSCC),2023,ASSCC,A,RF/mmWave & Wireline,,10.1109/a-sscc58667.2023.10347938,https://ieeexplore.ieee.org/stamp/stamp.jsp?arnumber=10347938,https://doi.org/10.1109/a-sscc58667.2023.10347938,10347938,90.8,crossref_venue_year:2023,publisher_pdf_requires_session,8
A 400MHz 249.1TOPS/W 64Kb Fully-Reconfigurable SRAM-Based Digital Compute-in-Memory Macro for Accelerating CNNs,Xin Zhang; Vishal Sharma; Yuncheng Lu; Yongjun Jo; Tony Tae-Hyoung Kim,,2023 IEEE Asian Solid-State Circuits Conference (A-SSCC),2023,ASSCC,A,Memory & Compute-in-Memory,,10.1109/a-sscc58667.2023.10347952,https://ieeexplore.ieee.org/stamp/stamp.jsp?arnumber=10347952,https://doi.org/10.1109/a-sscc58667.2023.10347952,10347952,120.6,crossref_venue_year:2023,publisher_pdf_requires_session,4
A 40nm $\boldsymbol{2.76}\boldsymbol{\mu}\mathbf{J}/\mathbf{Op}$ Energy-Efficient Secure Post-Quantum Crypto-Processor for Crystals-Kyber on Module-LWE,Aobo Li; Jiahao Lu; Dongsheng Liu; Xiang Li; Shuo Yang; Tianze Huang; Jiaming Zhang; Siqi Xiong; Chenjun Yang,,2023 IEEE Asian Solid-State Circuits Conference (A-SSCC),2023,ASSCC,A,Digital IC & Architecture,,10.1109/a-sscc58667.2023.10347915,https://ieeexplore.ieee.org/stamp/stamp.jsp?arnumber=10347915,https://doi.org/10.1109/a-sscc58667.2023.10347915,10347915,90.7,crossref_venue_year:2023,publisher_pdf_requires_session,5
A 4ns Settling Time FVF-Based Fast LDO Using Bandwidth Extension Techniques for HBM3,Jinook Jung; Jun-Han Choi; Kyoung-Jun Roh; Jaewoo Park; Won-Mook Lim; Tae-Sung Kim; Han-Ki Jeong; Myoungbo Kwak; Jae-Youn Youn; Jeong-Don Ihm; Changsik Yoo; Youngdon Choi; Jung-Hwan Choi; Hyungjong Ko,,2023 IEEE Asian Solid-State Circuits Conference (A-SSCC),2023,ASSCC,A,Power Management,,10.1109/a-sscc58667.2023.10348011,https://ieeexplore.ieee.org/stamp/stamp.jsp?arnumber=10348011,https://doi.org/10.1109/a-sscc58667.2023.10348011,10348011,90.5,crossref_venue_year:2023,publisher_pdf_requires_session,1
A 5.2GHz Trifilar Transformer-Based Class-F23 Noise Circulating VCO with FoM of 192.6 dBc/Hz,Hanzhang Cao; Tongde Huang; Xiaolong Liu; Hao Wang; Jin Jin; Wen Wu,,2023 IEEE Asian Solid-State Circuits Conference (A-SSCC),2023,ASSCC,A,Clocking & Frequency Generation,,10.1109/a-sscc58667.2023.10347969,https://ieeexplore.ieee.org/stamp/stamp.jsp?arnumber=10347969,https://doi.org/10.1109/a-sscc58667.2023.10347969,10347969,90.7,crossref_venue_year:2023,publisher_pdf_requires_session,6
A 5.37-TSOPS/W Reconfigurable Neuron Array with Dual-mode Neurons and Asynchronous Synapses for Energy-Efficient Inference and Biological Neural Network Simulation,Xiangao Qi; Yuqing Lou; Yongfu Li; Guoxing Wang; Kea-Tiong Tang; Jian Zhao,,2023 IEEE Asian Solid-State Circuits Conference (A-SSCC),2023,ASSCC,A,General IC,,10.1109/a-sscc58667.2023.10347993,https://ieeexplore.ieee.org/stamp/stamp.jsp?arnumber=10347993,https://doi.org/10.1109/a-sscc58667.2023.10347993,10347993,90.5,crossref_venue_year:2023,publisher_pdf_requires_session,1
A 54-to-69-GHz Wideband 2T2R FMCW Radar Transceiver Employing Cascaded-PLL Topology and PTAT-Enhanced Temperature Compensation in 40-nm CMOS,Chenyu Xu; Xiaofei Liao; Feifan Hong; Mengru Yang; Peijuan Ju; Wendi Chen; Pengfei Diao; Hao Gong; Xiang Liu; Xiaohu You; Dixian Zhao,,2023 IEEE Asian Solid-State Circuits Conference (A-SSCC),2023,ASSCC,A,RF/mmWave & Wireline,,10.1109/a-sscc58667.2023.10347951,https://ieeexplore.ieee.org/stamp/stamp.jsp?arnumber=10347951,https://doi.org/10.1109/a-sscc58667.2023.10347951,10347951,90.6,crossref_venue_year:2023,publisher_pdf_requires_session,4
A 5GS/s 38.04dB SNDR Single-Channel TDC-Assisted Hybrid ADC with $\lambda/4$ Transmission Line Based Time Quantizer Achieving a PVT Robustness 416.6fs Time Step,Hongzhi Liang; Yi Shen; Jun Chang; Shubin Liu; Ruixue Ding; Zhangming Zhu,,2023 IEEE Asian Solid-State Circuits Conference (A-SSCC),2023,ASSCC,A,Analog & Mixed-Signal,,10.1109/a-sscc58667.2023.10347964,https://ieeexplore.ieee.org/stamp/stamp.jsp?arnumber=10347964,https://doi.org/10.1109/a-sscc58667.2023.10347964,10347964,90.6,crossref_venue_year:2023,publisher_pdf_requires_session,3
A 6.4Gbps/pin NAND Flash Memory Multi-Chip Package Employing a Frequency Multiplying Bridge Chip for Scalable Performance and Capacity Storage Systems,Shinichi Ikeda; Akira Iwata; Goichi Otomo; Tomoaki Suzuki; Hiroaki Iijima; Mikio Shiraishi; Shinya Kawakami; Masatomo Eimitsu; Yoshiki Matsuoka; Kiyohito Sato; Shigehiro Tsuchiya; Yoshinori Shigeta; Takuma Aoyama,,2023 IEEE Asian Solid-State Circuits Conference (A-SSCC),2023,ASSCC,A,Memory & Compute-in-Memory,,10.1109/a-sscc58667.2023.10348001,https://ieeexplore.ieee.org/stamp/stamp.jsp?arnumber=10348001,https://doi.org/10.1109/a-sscc58667.2023.10348001,10348001,110.5,crossref_venue_year:2023,publisher_pdf_requires_session,0
A 6.78-MHz Wireless Power Transfer System with Voltage-/Current-Mode 0X/1X Regulating Rectifier and Global-Loop Power Control,Bing-Jen Wu; Dao-Han Yao; Po-Hung Chen,,2023 IEEE Asian Solid-State Circuits Conference (A-SSCC),2023,ASSCC,A,General IC,,10.1109/a-sscc58667.2023.10347962,https://ieeexplore.ieee.org/stamp/stamp.jsp?arnumber=10347962,https://doi.org/10.1109/a-sscc58667.2023.10347962,10347962,90.5,crossref_venue_year:2023,publisher_pdf_requires_session,0
A 69μW Dual-Mode Electrochemical miR-21 Detection SoC with 3 rd -Harmonic Direct-Solution Technique,Xiangdong Feng; Xin Liu; Yangfan Xuan; Fengheng Li; Yuxuan Luo; Ping Wang; Bo Zhao,,2023 IEEE Asian Solid-State Circuits Conference (A-SSCC),2023,ASSCC,A,Digital IC & Architecture,,10.1109/a-sscc58667.2023.10348000,https://ieeexplore.ieee.org/stamp/stamp.jsp?arnumber=10348000,https://doi.org/10.1109/a-sscc58667.2023.10348000,10348000,90.5,crossref_venue_year:2023,publisher_pdf_requires_session,0
"A 71-to-86GHz, 20.4dBm $\mathbf{P}_{\mathbf{out}}$, 6.0dB NF Transceiver with Quadrature Direct-Modulated Transmitter and Reflection-Less Heterodyne Receiver in 40nm CMOS",Jie Zhou; Changxuan Han; Wen Chen; Bingzheng Yang; Xun Luo,,2023 IEEE Asian Solid-State Circuits Conference (A-SSCC),2023,ASSCC,A,RF/mmWave & Wireline,,10.1109/a-sscc58667.2023.10347913,https://ieeexplore.ieee.org/stamp/stamp.jsp?arnumber=10347913,https://doi.org/10.1109/a-sscc58667.2023.10347913,10347913,110.5,crossref_venue_year:2023,publisher_pdf_requires_session,1
A 73.8K Inference/mJ SVM Learning Accelerator for Brain Pattern Recognition,Tzu-Wei Tong; Yi-Yen Hsieh; Tai-Jung Chen; Chia-Hsiang Yang,,2023 IEEE Asian Solid-State Circuits Conference (A-SSCC),2023,ASSCC,A,Digital IC & Architecture,,10.1109/a-sscc58667.2023.10347944,https://ieeexplore.ieee.org/stamp/stamp.jsp?arnumber=10347944,https://doi.org/10.1109/a-sscc58667.2023.10347944,10347944,90.5,crossref_venue_year:2023,publisher_pdf_requires_session,1
A 74.0 dB-SNDR 175.4 dB-FoM Pipelined-SAR ADC Using a Cyclically Charged Floating Inverter Amplifier,Changjoo Park; Jeongmyeong Kim; Kyounghun Kang; Minkyu Yang; Byeongmin Moon; Siheon Lee; Wanyeong Jung,,2023 IEEE Asian Solid-State Circuits Conference (A-SSCC),2023,ASSCC,A,Analog & Mixed-Signal,,10.1109/a-sscc58667.2023.10347995,https://ieeexplore.ieee.org/stamp/stamp.jsp?arnumber=10347995,https://doi.org/10.1109/a-sscc58667.2023.10347995,10347995,110.7,crossref_venue_year:2023,publisher_pdf_requires_session,5
A 80Gb/s/pin Single-Ended PAM-4 Transmitter With an Edge Boosting Auxiliary Driver and a 4-Tap FFE in 28-nm CMOS,Dae-Won Rho; Jae-Koo Park; Seung-Jae Yang; Woo-Young Choi,,2023 IEEE Asian Solid-State Circuits Conference (A-SSCC),2023,ASSCC,A,RF/mmWave & Wireline,,10.1109/a-sscc58667.2023.10347963,https://ieeexplore.ieee.org/stamp/stamp.jsp?arnumber=10347963,https://doi.org/10.1109/a-sscc58667.2023.10347963,10347963,100.5,crossref_venue_year:2023,publisher_pdf_requires_session,1
A 92.7%-Efficiency 6.78-MHz Dual-Output Energy-Resuscitating Resonant Regulating Rectifier for Wirelessly Powered Systems,Hyun-Su Lee; Hyung-Min Lee,,2023 IEEE Asian Solid-State Circuits Conference (A-SSCC),2023,ASSCC,A,General IC,,10.1109/a-sscc58667.2023.10347911,https://ieeexplore.ieee.org/stamp/stamp.jsp?arnumber=10347911,https://doi.org/10.1109/a-sscc58667.2023.10347911,10347911,90.7,crossref_venue_year:2023,publisher_pdf_requires_session,5
"A Compact 1,257-Gbps/W Byte-Serial AES Accelerator for IoT Applications in 22 nm",Shutao Zhang; Malte Wabnitz; Tobias Gemmeke,,2023 IEEE Asian Solid-State Circuits Conference (A-SSCC),2023,ASSCC,A,Digital IC & Architecture,,10.1109/a-sscc58667.2023.10347968,https://ieeexplore.ieee.org/stamp/stamp.jsp?arnumber=10347968,https://doi.org/10.1109/a-sscc58667.2023.10347968,10347968,100.7,crossref_venue_year:2023,publisher_pdf_requires_session,6
A Compact E-Band Load-Modulation Balanced Power Amplifier Using Coupled Transmission-Line Output Network Achieving 22.1-dBm Psat and 34.9%/12.2% Efficiency at Psat/6-dB PBO,Xiangrong Huang; Haikun Jia; Wei Deng; Zhihua Wang; Baoyong Chi,,2023 IEEE Asian Solid-State Circuits Conference (A-SSCC),2023,ASSCC,A,Analog & Mixed-Signal,,10.1109/a-sscc58667.2023.10347927,https://ieeexplore.ieee.org/stamp/stamp.jsp?arnumber=10347927,https://doi.org/10.1109/a-sscc58667.2023.10347927,10347927,90.5,crossref_venue_year:2023,publisher_pdf_requires_session,2
A Cross-Coupled Hybrid SC Converter with Extended VCR Range and Intrinsic Loss Balance Achieving 90% Average Efficiency with 1.5% Variation Over Full Li-ion Battery Input Range and 0.95A/mm 2 Peak Current Density,Qiaobo Ma; Huihua Li; Xiongjie Zhang; Anyang Zhao; Yang Jiang; Man-Kay Law; Rui P. Martins; Pui-In Mak,,2023 IEEE Asian Solid-State Circuits Conference (A-SSCC),2023,ASSCC,A,General IC,,10.1109/a-sscc58667.2023.10347925,https://ieeexplore.ieee.org/stamp/stamp.jsp?arnumber=10347925,https://doi.org/10.1109/a-sscc58667.2023.10347925,10347925,90.5,crossref_venue_year:2023,publisher_pdf_requires_session,1
A Cryo-CMOS 4.5~7GHz Dual-Qubit Homodyne Reflectometer Array with High Q Degenerate Parametric Amplifier Through Dynamic Mode Coupling,Yujie Geng; Haichuan Lin; Bo Wang; Cheng Wang,,2023 IEEE Asian Solid-State Circuits Conference (A-SSCC),2023,ASSCC,A,Analog & Mixed-Signal,,10.1109/a-sscc58667.2023.10347990,https://ieeexplore.ieee.org/stamp/stamp.jsp?arnumber=10347990,https://doi.org/10.1109/a-sscc58667.2023.10347990,10347990,90.5,crossref_venue_year:2023,publisher_pdf_requires_session,2
"A Crystal-Less Clock Generator for Low-Power and Low-Cost Sensor Transceivers with 12.9MHz-to-3.3GHz Range, 16.67ppm/°C Inaccuracy from −25°C to 85°C, and 0.25us Settle-Time",Sangdon Jung; Jehyeok Yu; Minsu Park; Jung-Hoon Chun,,2023 IEEE Asian Solid-State Circuits Conference (A-SSCC),2023,ASSCC,A,RF/mmWave & Wireline,,10.1109/a-sscc58667.2023.10347937,https://ieeexplore.ieee.org/stamp/stamp.jsp?arnumber=10347937,https://doi.org/10.1109/a-sscc58667.2023.10347937,10347937,90.6,crossref_venue_year:2023,publisher_pdf_requires_session,3
A D-Band ASK Transmitter with 50GHz RF Bandwidth and Multi-Mode Interface Implemented in 28nm CMOS,Rui Zhang; Dawei Tang; Zhe Chen; Liqun Lu; Peigen Zhou; Jixin Chen; Wei Hong,,2023 IEEE Asian Solid-State Circuits Conference (A-SSCC),2023,ASSCC,A,RF/mmWave & Wireline,,10.1109/a-sscc58667.2023.10347971,https://ieeexplore.ieee.org/stamp/stamp.jsp?arnumber=10347971,https://doi.org/10.1109/a-sscc58667.2023.10347971,10347971,100.6,crossref_venue_year:2023,publisher_pdf_requires_session,4
A DRAM Bandwidth-Scalable Sparse Matrix-Vector Multiplication Accelerator with 89% Bandwidth Utilization Efficiency for Large Sparse Matrix,Hyunji Kim; Eunkyung Ham; Sunyoung Park; Hana Kim; Ji-Hoon Kim,,2023 IEEE Asian Solid-State Circuits Conference (A-SSCC),2023,ASSCC,A,Digital IC & Architecture,,10.1109/a-sscc58667.2023.10347989,https://ieeexplore.ieee.org/stamp/stamp.jsp?arnumber=10347989,https://doi.org/10.1109/a-sscc58667.2023.10347989,10347989,90.5,crossref_venue_year:2023,publisher_pdf_requires_session,0
A Fully Integrated Bit-to-Bit 24/48Gb/s QPSK/16-QAM D-Band Transceiver with Mixed-Signal Baseband in 28nm CMOS Technology,Pingda Guan; Haikun Jia; Wei Deng; Ruichang Ma; Mingxing Deng; Jiamin Xue; Angxiao Yan; Shiyan Sun; Zhihua Wang; Baoyong Chi,,2023 IEEE Asian Solid-State Circuits Conference (A-SSCC),2023,ASSCC,A,RF/mmWave & Wireline,,10.1109/a-sscc58667.2023.10347912,https://ieeexplore.ieee.org/stamp/stamp.jsp?arnumber=10347912,https://doi.org/10.1109/a-sscc58667.2023.10347912,10347912,90.7,crossref_venue_year:2023,publisher_pdf_requires_session,7
A Hybrid Integrated W-Band 4-Element Phased-Array Transceiver Front-End Achieving 21.6% Full TX Peak PAE at 14.8dBm Output Power and <1°/dB Phase/Gain Resolution in 65-nm CMOS Technology,Wei Zhu; Jian Zhang; Jiazhi Ying; Xiangjie Yi; Yan Wang; Houjun Sun,,2023 IEEE Asian Solid-State Circuits Conference (A-SSCC),2023,ASSCC,A,RF/mmWave & Wireline,,10.1109/a-sscc58667.2023.10347955,https://ieeexplore.ieee.org/stamp/stamp.jsp?arnumber=10347955,https://doi.org/10.1109/a-sscc58667.2023.10347955,10347955,100.5,crossref_venue_year:2023,publisher_pdf_requires_session,0
A Ka-Band Mutual Coupling Resilient Balanced PA with Magnetic Coupling Self-Cancelling Inductor Achieving 21.2dBm OP 1dB and 27.6% PAE 1dB,Jian Zhang; Wei Zhu; Dawei Wang; Xiangjie Yi; Ruitao Wang; Yan Wang,,2023 IEEE Asian Solid-State Circuits Conference (A-SSCC),2023,ASSCC,A,General IC,,10.1109/a-sscc58667.2023.10347979,https://ieeexplore.ieee.org/stamp/stamp.jsp?arnumber=10347979,https://doi.org/10.1109/a-sscc58667.2023.10347979,10347979,90.6,crossref_venue_year:2023,publisher_pdf_requires_session,4
A Low Noise 8Mpixel CMOS Image Sensor with 5.36GHz Global Counter and Dual Latch Skew Canceler for Surveillance AI Camera System,Yoichi Iizuka; Akihide Maezono; Wataru Saito; Atsushi Yamane; Kazuhiko Takami; Fukashi Morishita,,2023 IEEE Asian Solid-State Circuits Conference (A-SSCC),2023,ASSCC,A,"Biomedical, Sensor & Imaging IC",,10.1109/a-sscc58667.2023.10347970,https://ieeexplore.ieee.org/stamp/stamp.jsp?arnumber=10347970,https://doi.org/10.1109/a-sscc58667.2023.10347970,10347970,100.5,crossref_venue_year:2023,publisher_pdf_requires_session,0
A Low-Voltage Bias-Current-Free Pseudo-Differential Hybrid PLL Using a Time-Interleaving Flip-Flop Phase Detector,Liqun Feng; Qianxian Liao; Woogeun Rhee; Zhihua Wang,,2023 IEEE Asian Solid-State Circuits Conference (A-SSCC),2023,ASSCC,A,Analog & Mixed-Signal,,10.1109/a-sscc58667.2023.10347998,https://ieeexplore.ieee.org/stamp/stamp.jsp?arnumber=10347998,https://doi.org/10.1109/a-sscc58667.2023.10347998,10347998,90.6,crossref_venue_year:2023,publisher_pdf_requires_session,4
A PAM4 Level Mismatch Adjustment Scheme for 48-Gb/s PAM4 Memory Tester Bridge,Daeho Yun; Minsu Park; Kahyun Kim; Kyungmin Baek; Eonhui Lee; Woo-Seok Choi; Deog-Kyoon Jeong,,2023 IEEE Asian Solid-State Circuits Conference (A-SSCC),2023,ASSCC,A,Memory & Compute-in-Memory,,10.1109/a-sscc58667.2023.10347967,https://ieeexplore.ieee.org/stamp/stamp.jsp?arnumber=10347967,https://doi.org/10.1109/a-sscc58667.2023.10347967,10347967,90.6,crossref_venue_year:2023,publisher_pdf_requires_session,3
A Primary Driver with Real-Time Resonance Tracking for Wireless-Powered Implantable Medical Devices,Xiaodong Meng; Xing Li; Yuan Yao; Chi-Ying Tsui; Wing-Hung Ki,,2023 IEEE Asian Solid-State Circuits Conference (A-SSCC),2023,ASSCC,A,"Devices, Process & 3D Integration",,10.1109/a-sscc58667.2023.10347922,https://ieeexplore.ieee.org/stamp/stamp.jsp?arnumber=10347922,https://doi.org/10.1109/a-sscc58667.2023.10347922,10347922,90.5,crossref_venue_year:2023,publisher_pdf_requires_session,0
"A Resistor/Trimming-Less Self-Biased Current Reference Class with Area Down to $3,500\ \mu \mathrm{m}^{2}$, 42.8 pW Power and 10.4% Accuracy across Corner Wafers in 180 nm",Luigi Fassio; Hoang Hong Hanh; Massimo Alioto,,2023 IEEE Asian Solid-State Circuits Conference (A-SSCC),2023,ASSCC,A,Analog & Mixed-Signal,,10.1109/a-sscc58667.2023.10347973,https://ieeexplore.ieee.org/stamp/stamp.jsp?arnumber=10347973,https://doi.org/10.1109/a-sscc58667.2023.10347973,10347973,100.5,crossref_venue_year:2023,publisher_pdf_requires_session,0
A Resource-Efficient Super-Resolution FPGA Processor with Heterogeneous CNN and SNN Core Architecture,Jiwon Choi; Sangyeob Kim; Wonhoon Park; Wooyoung Jo; Hoi-Jun Yoo,,2023 IEEE Asian Solid-State Circuits Conference (A-SSCC),2023,ASSCC,A,Digital IC & Architecture,,10.1109/a-sscc58667.2023.10347994,https://ieeexplore.ieee.org/stamp/stamp.jsp?arnumber=10347994,https://doi.org/10.1109/a-sscc58667.2023.10347994,10347994,90.7,crossref_venue_year:2023,publisher_pdf_requires_session,6
A Transient Enhancement Digital LDO with Adaptive Ripple Cancelation Based on Optimal Compensation Period Approximation,Angxiao Yan; Wei Deng; Haikun Jia; Shiwei Zhang; Baoyong Chi,,2023 IEEE Asian Solid-State Circuits Conference (A-SSCC),2023,ASSCC,A,Power Management,,10.1109/a-sscc58667.2023.10347917,https://ieeexplore.ieee.org/stamp/stamp.jsp?arnumber=10347917,https://doi.org/10.1109/a-sscc58667.2023.10347917,10347917,90.5,crossref_venue_year:2023,publisher_pdf_requires_session,0
A Triple-Band Radio for WLAN 11b/g/n/ax in 45nm CMOS,D Sahu; V Srinivas; R Chatterjee; M Agrawal; P Agrawal; R Juluri; M. Mukherjee; Vimal E; A. Yerramsetty; G Bakalzuk; O Rahmanony; K Rajmohan; A Sancheti; R Anand,,2023 IEEE Asian Solid-State Circuits Conference (A-SSCC),2023,ASSCC,A,General IC,,10.1109/a-sscc58667.2023.10347982,https://ieeexplore.ieee.org/stamp/stamp.jsp?arnumber=10347982,https://doi.org/10.1109/a-sscc58667.2023.10347982,10347982,100.5,crossref_venue_year:2023,publisher_pdf_requires_session,0
"A Wide Frequency Range, Small Area and Low Supply Memory Interface PLL Using a Process and Temperature Variation Aware Current Reference in 3 nm Gate-All Around CMOS",Kyungmin Lee; Jaehong Jung; Gyusik Kim; Joomyoung Kim; Seungjin Kim; Seunghyun Oh; Sung Min Park; Jongwoo Lee,,2023 IEEE Asian Solid-State Circuits Conference (A-SSCC),2023,ASSCC,A,Analog & Mixed-Signal,,10.1109/a-sscc58667.2023.10348012,https://ieeexplore.ieee.org/stamp/stamp.jsp?arnumber=10348012,https://doi.org/10.1109/a-sscc58667.2023.10348012,10348012,90.5,crossref_venue_year:2023,publisher_pdf_requires_session,2
"A Wideband Low-Noise Linear LiDAR Analog Front-End Achieving 1.6 GHz Bandwidth, $\boldsymbol{2.7}\ \mathbf{pA}/\mathbf{Hz}^{\boldsymbol{0.5}}$ Input Referred Noise, and 103 $\mathbf{dB}\mathbf{\Omega}$ Transimpedance Gain",Yidan Zhang; Zhao Zhang; Yiqing Xu; Xinyu Shen; Nan Qi; Nanjian Wu; Jian Liu; Liyuan Liu,,2023 IEEE Asian Solid-State Circuits Conference (A-SSCC),2023,ASSCC,A,RF/mmWave & Wireline,,10.1109/a-sscc58667.2023.10347910,https://ieeexplore.ieee.org/stamp/stamp.jsp?arnumber=10347910,https://doi.org/10.1109/a-sscc58667.2023.10347910,10347910,90.5,crossref_venue_year:2023,publisher_pdf_requires_session,2
Advance Program,,,2023 IEEE Asian Solid-State Circuits Conference (A-SSCC),2023,ASSCC,A,General IC,,10.1109/a-sscc58667.2023.10347954,https://ieeexplore.ieee.org/stamp/stamp.jsp?arnumber=10347954,https://doi.org/10.1109/a-sscc58667.2023.10347954,10347954,90.5,crossref_venue_year:2023,publisher_pdf_requires_session,0
An $8.73\mathrm{G}\Omega$ Input Impedance VCO-Based Neural Front-End with Autonomous Time-Domain Impedance Boosting Technique and Maximum 0.215s Re-Calibration Time,Huaiyu Liu; Yang Lin; Guoxing Wang; Yan Liu,,2023 IEEE Asian Solid-State Circuits Conference (A-SSCC),2023,ASSCC,A,RF/mmWave & Wireline,,10.1109/a-sscc58667.2023.10347941,https://ieeexplore.ieee.org/stamp/stamp.jsp?arnumber=10347941,https://doi.org/10.1109/a-sscc58667.2023.10347941,10347941,90.6,crossref_venue_year:2023,publisher_pdf_requires_session,3
An $890\quad \mu\mathrm{W}$ Multichannel Injection-Locked OOK Transmitter with 23% Global Efficiency and 22 pJ/bit Energy Efficiency,Sheng-Kai Chang; Shao-Ting Chang; Zhi-Wei Lin; Kuang-Wei Cheng,,2023 IEEE Asian Solid-State Circuits Conference (A-SSCC),2023,ASSCC,A,RF/mmWave & Wireline,,10.1109/a-sscc58667.2023.10347946,https://ieeexplore.ieee.org/stamp/stamp.jsp?arnumber=10347946,https://doi.org/10.1109/a-sscc58667.2023.10347946,10347946,90.5,crossref_venue_year:2023,publisher_pdf_requires_session,0
An 11bit 360MS/s Pipelined SAR ADC with Dynamic Negative-C Assisted Residue Amplifier,Yigi Kwon; Sangwoo Lee; Changuk Lee; Hyunchul Yoon; Byounghan Min; Youngcheol Chae,,2023 IEEE Asian Solid-State Circuits Conference (A-SSCC),2023,ASSCC,A,Analog & Mixed-Signal,,10.1109/a-sscc58667.2023.10347949,https://ieeexplore.ieee.org/stamp/stamp.jsp?arnumber=10347949,https://doi.org/10.1109/a-sscc58667.2023.10347949,10347949,110.7,crossref_venue_year:2023,publisher_pdf_requires_session,7
"An 18-nW, 170°C Temperature Range, Voltage and Current Reference Circuit with Low Line Sensitivity",I-Fan Lin; Yu-Chu Tsai; Heng-Li Lin; Yu-Te Liao,,2023 IEEE Asian Solid-State Circuits Conference (A-SSCC),2023,ASSCC,A,Analog & Mixed-Signal,,10.1109/a-sscc58667.2023.10348002,https://ieeexplore.ieee.org/stamp/stamp.jsp?arnumber=10348002,https://doi.org/10.1109/a-sscc58667.2023.10348002,10348002,90.7,crossref_venue_year:2023,publisher_pdf_requires_session,5
"An 8.5ps Resolution, $2000\mu\mathrm{m}^{2}$ Phase-Domain Delta-Sigma TDC for Lidar Applications",Yoondeok Na; Seokho Yun; Myung-Jae Lee; Youngcheol Chae,,2023 IEEE Asian Solid-State Circuits Conference (A-SSCC),2023,ASSCC,A,Analog & Mixed-Signal,,10.1109/a-sscc58667.2023.10347976,https://ieeexplore.ieee.org/stamp/stamp.jsp?arnumber=10347976,https://doi.org/10.1109/a-sscc58667.2023.10347976,10347976,90.5,crossref_venue_year:2023,publisher_pdf_requires_session,0
An 80-dB Dynamic Range Hybrid Pulse-Phase Analog Front-End Circuit Cooperating With a Low-Resolution TDC for LiDAR,Zeli Li; Tianrui Lyu; Kaiyou Li; Haoxin Zheng; Zhuohang Ye; Shengzhao Su; Jianping Guo; Yang Liu,,2023 IEEE Asian Solid-State Circuits Conference (A-SSCC),2023,ASSCC,A,RF/mmWave & Wireline,,10.1109/a-sscc58667.2023.10347924,https://ieeexplore.ieee.org/stamp/stamp.jsp?arnumber=10347924,https://doi.org/10.1109/a-sscc58667.2023.10347924,10347924,90.5,crossref_venue_year:2023,publisher_pdf_requires_session,0
An 83.6dB-SNDR 101.6dB-SFDR 4 th -Order Noise-Shaping SAR with 2 nd -Order Nonlinearity Error Shaping,Yanbo Zhang; Xianghui Zhang; Li Tian; Shubin Liu; Zhangming Zhu,,2023 IEEE Asian Solid-State Circuits Conference (A-SSCC),2023,ASSCC,A,Analog & Mixed-Signal,,10.1109/a-sscc58667.2023.10347981,https://ieeexplore.ieee.org/stamp/stamp.jsp?arnumber=10347981,https://doi.org/10.1109/a-sscc58667.2023.10347981,10347981,90.6,crossref_venue_year:2023,publisher_pdf_requires_session,4
An Adaptive-Sampling Digital LDO with Statistical Comparator Selection Achieving 99.99% Maximum Current Efficiency and 0.25ps FoM in 65nm,Shun Yamaguchi; Takashi Hisakado; Osami Wada; Mahfuzul Islam,,2023 IEEE Asian Solid-State Circuits Conference (A-SSCC),2023,ASSCC,A,Analog & Mixed-Signal,,10.1109/a-sscc58667.2023.10347918,https://ieeexplore.ieee.org/stamp/stamp.jsp?arnumber=10347918,https://doi.org/10.1109/a-sscc58667.2023.10347918,10347918,90.5,crossref_venue_year:2023,publisher_pdf_requires_session,1
An Area and Power Efficient Fully Nonlinear 10-bit Column Driver with Time-Shared Multi-Gamma-Slope DAC and Time-Interleaved Sampling Buffer for Mobile AMOLEDs,Seung Hun Choi; Jeongmin Kim; Jaewoong Ahn; Junyeol An; Jiwoong Kim; Ohjo Kwon; Ki-Duk Kim; Hyung-Min Lee,,2023 IEEE Asian Solid-State Circuits Conference (A-SSCC),2023,ASSCC,A,Analog & Mixed-Signal,,10.1109/a-sscc58667.2023.10347984,https://ieeexplore.ieee.org/stamp/stamp.jsp?arnumber=10347984,https://doi.org/10.1109/a-sscc58667.2023.10347984,10347984,90.7,crossref_venue_year:2023,publisher_pdf_requires_session,6
An Energy-Efficient Heterogeneous Fourier Transform-Based Transformer Accelerator with Frequency-Wise Dynamic Bit-Precision,Jingu Lee; Sangjin Kim; Wooyoung Jo; Hoi-Jun Yoo,,2023 IEEE Asian Solid-State Circuits Conference (A-SSCC),2023,ASSCC,A,Digital IC & Architecture,,10.1109/a-sscc58667.2023.10347933,https://ieeexplore.ieee.org/stamp/stamp.jsp?arnumber=10347933,https://doi.org/10.1109/a-sscc58667.2023.10347933,10347933,90.5,crossref_venue_year:2023,publisher_pdf_requires_session,1
An Instant-Setup On-Delay Compensation Scheme Based on Phase Detection for Series-Resonant Wireless Power Receiver with Up-to-4.41% Efficiency Enhancement,Yuxuan Luo; Yutang Chen; Jianping Guo; Xian Tang; Dihu Chen,,2023 IEEE Asian Solid-State Circuits Conference (A-SSCC),2023,ASSCC,A,RF/mmWave & Wireline,,10.1109/a-sscc58667.2023.10347956,https://ieeexplore.ieee.org/stamp/stamp.jsp?arnumber=10347956,https://doi.org/10.1109/a-sscc58667.2023.10347956,10347956,90.5,crossref_venue_year:2023,publisher_pdf_requires_session,1
An On-Chip DC-DC Converter and Power Management System Achieving Zero Standby-to-Active Transition Time in MCU,Toyohiro Shimogawa; Makoto Nonaka; Toma Ogata; Toshiki Kiryu; Yasuto Igarashi; Kosuke Yayama; Masahiro Kitamura; Hiromichi Ishikura; Mitsuru Hiraki; Masao Ito; Takashi Kono,,2023 IEEE Asian Solid-State Circuits Conference (A-SSCC),2023,ASSCC,A,Power Management,,10.1109/a-sscc58667.2023.10347999,https://ieeexplore.ieee.org/stamp/stamp.jsp?arnumber=10347999,https://doi.org/10.1109/a-sscc58667.2023.10347999,10347999,100.5,crossref_venue_year:2023,publisher_pdf_requires_session,1
Architecture Challenges for Heterogeneous Processors in Embedded SoCs,Masayuki Ito,,2023 IEEE Asian Solid-State Circuits Conference (A-SSCC),2023,ASSCC,A,Digital IC & Architecture,,10.1109/a-sscc58667.2023.10348007,https://ieeexplore.ieee.org/stamp/stamp.jsp?arnumber=10348007,https://doi.org/10.1109/a-sscc58667.2023.10348007,10348007,100.5,crossref_venue_year:2023,publisher_pdf_requires_session,1
CIMFormer: A 38.9TOPS/W-8b Systolic CIM-Array Based Transformer Processor with Token-Slimmed Attention Reformulating and Principal Possibility Gathering,Ruiqi Guo; Yang Wang; Xiaofeng Chen; Lei Wang; Hao Sun; Jingchuan Wei; Leibo Liu; Shaojun Wei; Yang Hu; Shouyi Yin,,2023 IEEE Asian Solid-State Circuits Conference (A-SSCC),2023,ASSCC,A,Digital IC & Architecture,,10.1109/a-sscc58667.2023.10347930,https://ieeexplore.ieee.org/stamp/stamp.jsp?arnumber=10347930,https://doi.org/10.1109/a-sscc58667.2023.10347930,10347930,90.6,crossref_venue_year:2023,publisher_pdf_requires_session,3
Committees,,,2023 IEEE Asian Solid-State Circuits Conference (A-SSCC),2023,ASSCC,A,General IC,,10.1109/a-sscc58667.2023.10347972,https://ieeexplore.ieee.org/stamp/stamp.jsp?arnumber=10347972,https://doi.org/10.1109/a-sscc58667.2023.10347972,10347972,90.5,crossref_venue_year:2023,publisher_pdf_requires_session,0
Cover Page,,,2023 IEEE Asian Solid-State Circuits Conference (A-SSCC),2023,ASSCC,A,General IC,,10.1109/a-sscc58667.2023.10347987,https://ieeexplore.ieee.org/stamp/stamp.jsp?arnumber=10347987,https://doi.org/10.1109/a-sscc58667.2023.10347987,10347987,90.5,crossref_venue_year:2023,publisher_pdf_requires_session,0
ESD Protection is About Circuit Design: Practices and Perspectives,Weiquan Hao; Xunyu Li; Zijin Pan; Runyu Miao; Albert Wang,,2023 IEEE Asian Solid-State Circuits Conference (A-SSCC),2023,ASSCC,A,General IC,,10.1109/a-sscc58667.2023.10347928,https://ieeexplore.ieee.org/stamp/stamp.jsp?arnumber=10347928,https://doi.org/10.1109/a-sscc58667.2023.10347928,10347928,90.5,crossref_venue_year:2023,publisher_pdf_requires_session,0
Flexible and Efficient Implementation of CRYSTALS-KYBER SIMD RISC-V Coprocessor Based on Customized Vector Instruction-Set Extension,Jiaming Zhang; Jiahao Lu; Dongsheng Liu; Aobo Li; Xiang Li; Shuo Yang; Ang Hu; Xuecheng Zou,,2023 IEEE Asian Solid-State Circuits Conference (A-SSCC),2023,ASSCC,A,Digital IC & Architecture,,10.1109/a-sscc58667.2023.10347942,https://ieeexplore.ieee.org/stamp/stamp.jsp?arnumber=10347942,https://doi.org/10.1109/a-sscc58667.2023.10347942,10347942,100.5,crossref_venue_year:2023,publisher_pdf_requires_session,0
Floor Plan,,,2023 IEEE Asian Solid-State Circuits Conference (A-SSCC),2023,ASSCC,A,General IC,,10.1109/a-sscc58667.2023.10347960,https://ieeexplore.ieee.org/stamp/stamp.jsp?arnumber=10347960,https://doi.org/10.1109/a-sscc58667.2023.10347960,10347960,90.5,crossref_venue_year:2023,publisher_pdf_requires_session,0
Foreword,Ken Takeuchi,,2023 IEEE Asian Solid-State Circuits Conference (A-SSCC),2023,ASSCC,A,General IC,,10.1109/a-sscc58667.2023.10347965,https://ieeexplore.ieee.org/stamp/stamp.jsp?arnumber=10347965,https://doi.org/10.1109/a-sscc58667.2023.10347965,10347965,90.5,crossref_venue_year:2023,publisher_pdf_requires_session,0
Fully Integrated Reconfigurable Solar Energy Harvester for $100\mu\mathrm{A}$ Burst Output Current Delivery with 78.6% Peak Energy Extraction Efficiency and Minimum Startup Incident Light Power of 0.27mW/cm 2,Jiangchao Wu; Guangshu Zhao; Litao Zhang; Yu Jia; Yang Jiang; Pui In Mak; Rui P. Martins; Man Kay Law,,2023 IEEE Asian Solid-State Circuits Conference (A-SSCC),2023,ASSCC,A,General IC,,10.1109/a-sscc58667.2023.10347935,https://ieeexplore.ieee.org/stamp/stamp.jsp?arnumber=10347935,https://doi.org/10.1109/a-sscc58667.2023.10347935,10347935,90.5,crossref_venue_year:2023,publisher_pdf_requires_session,0
GCFP-ACIM: A 40nm 4.74TFLOPS/W General Complex Float-Point Analog Compute-in-Memory with Adaptive Power-Saving for HDR Signal Processing Applications,Zizhao Ma; Xianwu Hu; Gan Wen; Yihao Wang; Zeming Wang; Yukai Lin; Yu Wang; Yuhao Guo; Yanlei Li; Xingdong Liang; Xiaoyang Zeng; Yufeng Xie,,2023 IEEE Asian Solid-State Circuits Conference (A-SSCC),2023,ASSCC,A,Memory & Compute-in-Memory,,10.1109/a-sscc58667.2023.10347986,https://ieeexplore.ieee.org/stamp/stamp.jsp?arnumber=10347986,https://doi.org/10.1109/a-sscc58667.2023.10347986,10347986,110.6,crossref_venue_year:2023,publisher_pdf_requires_session,4
Integrated Circuit to Compensate Parasitic Leakage Component for WL Leakage Current in NAND Flash Memory,Bu-il Nam; Jayang Yoon; Kyunghea Lee; Sol Kim; Junhong Park; Chi-Weon Yoon; Eunkyoung Kim,,2023 IEEE Asian Solid-State Circuits Conference (A-SSCC),2023,ASSCC,A,Memory & Compute-in-Memory,,10.1109/a-sscc58667.2023.10347919,https://ieeexplore.ieee.org/stamp/stamp.jsp?arnumber=10347919,https://doi.org/10.1109/a-sscc58667.2023.10347919,10347919,110.5,crossref_venue_year:2023,publisher_pdf_requires_session,0
K/Ka-Band 4-Element 4-Beam Hybrid Phased-Array Transmitter and Receiver Front-Ends with Compact Layout Floor-Plans and Fault-Tolerant Digital Circuits,Mengru Yang; Chenyu Xu; Peng Gu; Yongran Yi; Mohan Guo; Liangliang Liu; Xiangxi Yan; Xiaohu You; Dixian Zhao,,2023 IEEE Asian Solid-State Circuits Conference (A-SSCC),2023,ASSCC,A,RF/mmWave & Wireline,,10.1109/a-sscc58667.2023.10347957,https://ieeexplore.ieee.org/stamp/stamp.jsp?arnumber=10347957,https://doi.org/10.1109/a-sscc58667.2023.10347957,10347957,110.6,crossref_venue_year:2023,publisher_pdf_requires_session,3
LOG-CIM: A 116.4 TOPS/W Digital Computing-In-Memory Processor Supporting a Wide Range of Logarithmic Quantization with Zero-Aware 6T Dual-WL Cell,Soyeon Um; Sangjin Kim; Seongyon Hong; Sangyeob Kim; Hoi-Jun Yoo,,2023 IEEE Asian Solid-State Circuits Conference (A-SSCC),2023,ASSCC,A,Memory & Compute-in-Memory,,10.1109/a-sscc58667.2023.10347959,https://ieeexplore.ieee.org/stamp/stamp.jsp?arnumber=10347959,https://doi.org/10.1109/a-sscc58667.2023.10347959,10347959,110.5,crossref_venue_year:2023,publisher_pdf_requires_session,2
MSN: Battery-Less Multiple Subcarrier Multiple Access Sensor Node with Full-Duplex Backscatter Concurrent Data Streaming,Yuxiao Zhao; Hanyang Wang; Yongming Xu; Zhongyuan Ying; Yu Lu; Jinlin Liu; Tuo Hu; Jin Mitsugi; Hao Min,,2023 IEEE Asian Solid-State Circuits Conference (A-SSCC),2023,ASSCC,A,General IC,,10.1109/a-sscc58667.2023.10347996,https://ieeexplore.ieee.org/stamp/stamp.jsp?arnumber=10347996,https://doi.org/10.1109/a-sscc58667.2023.10347996,10347996,90.6,crossref_venue_year:2023,publisher_pdf_requires_session,3
MorphBungee: A 65nm 7.2mm 2 27μJ/image Digital Edge Neuromorphic Chip with On-Chip 802 Frame/s Multi-Layer Spiking Neural Network Learning,Tengxiao Wang; Min Tian; Zhengqing Zhong; Haibing Wang; Junxian He; Fang Tang; Xichuan Zhou; Shuangming Yu; Nanjian Wu; Liyuan Liu; Cong Shi,,2023 IEEE Asian Solid-State Circuits Conference (A-SSCC),2023,ASSCC,A,General IC,,10.1109/a-sscc58667.2023.10347936,https://ieeexplore.ieee.org/stamp/stamp.jsp?arnumber=10347936,https://doi.org/10.1109/a-sscc58667.2023.10347936,10347936,110.7,crossref_venue_year:2023,publisher_pdf_requires_session,5
Program,,,2023 IEEE Asian Solid-State Circuits Conference (A-SSCC),2023,ASSCC,A,General IC,,10.1109/a-sscc58667.2023.10347992,https://ieeexplore.ieee.org/stamp/stamp.jsp?arnumber=10347992,https://doi.org/10.1109/a-sscc58667.2023.10347992,10347992,90.5,crossref_venue_year:2023,publisher_pdf_requires_session,0
SESOMP: A Scalable and Energy-Efficient Self-Organizing Map Processor with Computing-In-Memory and Dead Neuron Pruning,Yuncheng Lu; Xin Zhang; Zehao Li; Bo Wang; Tony Tae-Hyoung Kim,,2023 IEEE Asian Solid-State Circuits Conference (A-SSCC),2023,ASSCC,A,Memory & Compute-in-Memory,,10.1109/a-sscc58667.2023.10347932,https://ieeexplore.ieee.org/stamp/stamp.jsp?arnumber=10347932,https://doi.org/10.1109/a-sscc58667.2023.10347932,10347932,110.7,crossref_venue_year:2023,publisher_pdf_requires_session,5
Semiconductor Chip Design in a Legoland,Chih-Ming Hung,,2023 IEEE Asian Solid-State Circuits Conference (A-SSCC),2023,ASSCC,A,General IC,,10.1109/a-sscc58667.2023.10347923,https://ieeexplore.ieee.org/stamp/stamp.jsp?arnumber=10347923,https://doi.org/10.1109/a-sscc58667.2023.10347923,10347923,110.7,crossref_venue_year:2023,publisher_pdf_requires_session,5
TEPD: A Compound Timing Detection of Both Data-Transition and Path-Activation for Reliable In-Situ Timing Error Detection and Correction in 28nm CMOS,Zhengguo Shen; Junyi Qian; Keran Li; Ziyu Li; Lishuo Deng; Weiwei Shan,,2023 IEEE Asian Solid-State Circuits Conference (A-SSCC),2023,ASSCC,A,General IC,,10.1109/a-sscc58667.2023.10348009,https://ieeexplore.ieee.org/stamp/stamp.jsp?arnumber=10348009,https://doi.org/10.1109/a-sscc58667.2023.10348009,10348009,100.7,crossref_venue_year:2023,publisher_pdf_requires_session,5
Task-Specific Low-Power Beamforming MIMO Receiver Using 2-Bit Analog-to-Digital Converters,Timur Zirtiloglu; Peter Crary; Eyyup Tasci; Arslan Riaz; Yonina C. Eldar; Nir Shlezinger; Rabia Tugce Yazicigil,,2023 IEEE Asian Solid-State Circuits Conference (A-SSCC),2023,ASSCC,A,Analog & Mixed-Signal,,10.1109/a-sscc58667.2023.10347945,https://ieeexplore.ieee.org/stamp/stamp.jsp?arnumber=10347945,https://doi.org/10.1109/a-sscc58667.2023.10347945,10347945,90.5,crossref_venue_year:2023,publisher_pdf_requires_session,0
Welcome Message,Leibo Liu,,2023 IEEE Asian Solid-State Circuits Conference (A-SSCC),2023,ASSCC,A,General IC,,10.1109/a-sscc58667.2023.10347916,https://ieeexplore.ieee.org/stamp/stamp.jsp?arnumber=10347916,https://doi.org/10.1109/a-sscc58667.2023.10347916,10347916,90.5,crossref_venue_year:2023,publisher_pdf_requires_session,0
22-nm Data Backup SRAM Using 3.3V IO MOSs with Ultralow-Voltage-Drop Erasure Technique for Secure IoT Applications,Daiki Kitagata; Shunya Nagata; Kouji Satou; Daisuke Nakamura; Koji Tanaka; Miki Tanaka,,2024 IEEE Asian Solid-State Circuits Conference (A-SSCC),2024,ASSCC,A,Memory & Compute-in-Memory,,10.1109/a-sscc60305.2024.10848623,https://ieeexplore.ieee.org/stamp/stamp.jsp?arnumber=10848623,https://doi.org/10.1109/a-sscc60305.2024.10848623,10848623,90.8,crossref_venue_year:2024,publisher_pdf_requires_session,0
35-60GHz Switchless IF Bi-Directional Amplifier Using 65nm CMOS for 300GHz-Band Transceivers,Abanob Shehata; Hans Herdian; Chun Wang; Chenxin Liu; Kazuaki Kunihiro; Hiroyuki Sakai; Atsushi Shirane; Kenichi Okada,,2024 IEEE Asian Solid-State Circuits Conference (A-SSCC),2024,ASSCC,A,Analog & Mixed-Signal,,10.1109/a-sscc60305.2024.10849327,https://ieeexplore.ieee.org/stamp/stamp.jsp?arnumber=10849327,https://doi.org/10.1109/a-sscc60305.2024.10849327,10849327,90.8,crossref_venue_year:2024,publisher_pdf_requires_session,0
"A -60 to 145 °C, 216 fJ·K2 Energy-Efficient MOS-Based Temperature Sensor Achieving 71.8 mK Resolution",Jooeun Kim; Jeongmyeong Kim; Minkyu Yang; Kyounghun Kang; Wanyeong Jung,,2024 IEEE Asian Solid-State Circuits Conference (A-SSCC),2024,ASSCC,A,General IC,,10.1109/a-sscc60305.2024.10849025,https://ieeexplore.ieee.org/stamp/stamp.jsp?arnumber=10849025,https://doi.org/10.1109/a-sscc60305.2024.10849025,10849025,90.8,crossref_venue_year:2024,publisher_pdf_requires_session,1
A 0.0006-mm 2 0.13-pJ/bit 9–21-Gb/s Sampling CDR with Inverter-Based Frequency Multiplier and Embedded 1:3 DEMUX in 65-nm CMOS,Zhicheng Dong; Xiaoteng Zhao; Zekai Yang; Xianting Su; Haolin Han; Feng Bu; Rong Zhou; Depeng Sun; Yong Chen; Shubin Liu; Ruixue Ding; Zhangming Zhu,,2024 IEEE Asian Solid-State Circuits Conference (A-SSCC),2024,ASSCC,A,RF/mmWave & Wireline,,10.1109/a-sscc60305.2024.10848772,https://ieeexplore.ieee.org/stamp/stamp.jsp?arnumber=10848772,https://doi.org/10.1109/a-sscc60305.2024.10848772,10848772,90.9,crossref_venue_year:2024,publisher_pdf_requires_session,2
A 0.036mm 2 80Mb/s-to-15.96Gb/s C-PHY and D-PHY Combo Receiver with Background Calibrations in 4nm FinFET,Woongki Min; Soomin Lee; Taejin Jang; Yunsik Jo; Hyoungjoong Kim; Younggyun Oh; Myeong-Cheol Kim; Hyeonji Han; Cheolhwan Lim; Seungjun Lee; Jihoon Lee; Yon Jun Shin; Sangho Kim; Jongwoo Lee,,2024 IEEE Asian Solid-State Circuits Conference (A-SSCC),2024,ASSCC,A,RF/mmWave & Wireline,,10.1109/a-sscc60305.2024.10848819,https://ieeexplore.ieee.org/stamp/stamp.jsp?arnumber=10848819,https://doi.org/10.1109/a-sscc60305.2024.10848819,10848819,90.9,crossref_venue_year:2024,publisher_pdf_requires_session,2
A 0.04 μJ/ Classification High-Accuracy Energy-Efficient ECG Processor with SNN On-Chip Backpropagation and Adaptive Threshold Encoding,Haodong Fan; Junlu Zhou; Zilong Guo; Zhiyuan Chang; Xi Yang; Zhicheng Hu; Jiahao Zeng; Shuisheng Lin; Liang Zhou; Jun Zhou; Li Zhang; Jinxi Huang; Jianlei Su; Wei Gao; Qiang Wu; Liang Chang,,2024 IEEE Asian Solid-State Circuits Conference (A-SSCC),2024,ASSCC,A,Digital IC & Architecture,,10.1109/a-sscc60305.2024.10848982,https://ieeexplore.ieee.org/stamp/stamp.jsp?arnumber=10848982,https://doi.org/10.1109/a-sscc60305.2024.10848982,10848982,90.9,crossref_venue_year:2024,publisher_pdf_requires_session,2
A 0.28V 80.9μW Transformer-Based DCO with 80kHz 1/f 3 corner and 192.6dBc/Hz FoM,Feng Gao; Yuxiao Zhao; Yulin Xie; Zhongyuan Ying; Hao Min,,2024 IEEE Asian Solid-State Circuits Conference (A-SSCC),2024,ASSCC,A,Clocking & Frequency Generation,,10.1109/a-sscc60305.2024.10849209,https://ieeexplore.ieee.org/stamp/stamp.jsp?arnumber=10849209,https://doi.org/10.1109/a-sscc60305.2024.10849209,10849209,90.8,crossref_venue_year:2024,publisher_pdf_requires_session,0
A 0.40pJ/Spike 10μs-Latency Asynchronous Spiking Neural Network with Compact Nonideality-Tolerating CIM-Synapses for Always-On Near-Sensor AI,Lichen Feng; Hongwei Shan; Libo Qian; Zhangming Zhu,,2024 IEEE Asian Solid-State Circuits Conference (A-SSCC),2024,ASSCC,A,General IC,,10.1109/a-sscc60305.2024.10848713,https://ieeexplore.ieee.org/stamp/stamp.jsp?arnumber=10848713,https://doi.org/10.1109/a-sscc60305.2024.10848713,10848713,90.8,crossref_venue_year:2024,publisher_pdf_requires_session,1
A 0.6V Fully-Integrated BLE Transmitter in 65nm CMOS Using a Common-Mode-Ripple-Cancelled Hybrid PLL and a Duty-Cycle-Controlled Class-E/F 2 PA Achieving 25% System Efficiency at 0dBm,Liqun Feng; Qianxian Liao; Longhao Kuang; Jiahao Zhao; Woogeun Rhee; Zhihua Wang,,2024 IEEE Asian Solid-State Circuits Conference (A-SSCC),2024,ASSCC,A,RF/mmWave & Wireline,,10.1109/a-sscc60305.2024.10848567,https://ieeexplore.ieee.org/stamp/stamp.jsp?arnumber=10848567,https://doi.org/10.1109/a-sscc60305.2024.10848567,10848567,90.8,crossref_venue_year:2024,publisher_pdf_requires_session,1
A 0.91-pJ/b 20.8–32-Gb/s Reference-Less Sub-Baud-Rate CDR Circuit,Yao-Hung Tsai; Wen-Chi Huang; Shen-Iuan Liu,,2024 IEEE Asian Solid-State Circuits Conference (A-SSCC),2024,ASSCC,A,Analog & Mixed-Signal,,10.1109/a-sscc60305.2024.10848998,https://ieeexplore.ieee.org/stamp/stamp.jsp?arnumber=10848998,https://doi.org/10.1109/a-sscc60305.2024.10848998,10848998,90.9,crossref_venue_year:2024,publisher_pdf_requires_session,2
A 0.9V CMOS Voltage Reference with 0.41% Untrimmed Accuracy and 44.7 ppm/°C TC from -35°C to 130°C,Xuanlin Chen; Jiangchao Wu; Bo Wang; Man Kay Law,,2024 IEEE Asian Solid-State Circuits Conference (A-SSCC),2024,ASSCC,A,Analog & Mixed-Signal,,10.1109/a-sscc60305.2024.10848578,https://ieeexplore.ieee.org/stamp/stamp.jsp?arnumber=10848578,https://doi.org/10.1109/a-sscc60305.2024.10848578,10848578,90.9,crossref_venue_year:2024,publisher_pdf_requires_session,3
"A 1.06V 5Gb/s/pin 16Gb LPDDR4x DRAM Adopting Sense Amplifier with AC-Coupled Equalizer, Stacked Output Driver, and Clock MUX with Inverter-Based Transmission Gate for Mobile and Automotive Application",Young-Gil Go; Hyun-A Ahn; Yoo-Chang Sung; Myung-Hun Jung; Ji-Geon Yeom; Hun-Dae Choi; Janghoo Kim; Hyunjin Ko; Miyoung Woo; Seong-O Huh; Seung-Jun Bae; Tae-Young Oh,,2024 IEEE Asian Solid-State Circuits Conference (A-SSCC),2024,ASSCC,A,Memory & Compute-in-Memory,,10.1109/a-sscc60305.2024.10849277,https://ieeexplore.ieee.org/stamp/stamp.jsp?arnumber=10849277,https://doi.org/10.1109/a-sscc60305.2024.10849277,10849277,100.8,crossref_venue_year:2024,publisher_pdf_requires_session,0
A 1.12nJ/Pixel High-Accuracy and Memory-Efficient Real-Time Object Detection Processor for Neuromorphic Vision Sensors,Zehao Li; Wenhao Lu; Yuncheng Lu; Junying Li; Yucen Shi; Yuanjin Zheng; Tony Tae-Hyoung Kim,,2024 IEEE Asian Solid-State Circuits Conference (A-SSCC),2024,ASSCC,A,Digital IC & Architecture,,10.1109/a-sscc60305.2024.10848614,https://ieeexplore.ieee.org/stamp/stamp.jsp?arnumber=10848614,https://doi.org/10.1109/a-sscc60305.2024.10848614,10848614,90.8,crossref_venue_year:2024,publisher_pdf_requires_session,0
A 1.27-mW Battery-Powered Multimodal Biosensor Interface IC for Wireless Motion Intention Recognition in Wearable Robots,Jimin Koo; Haidam Choi; Yoontae Jung; Ji-Hoon Suh; Sein Oh; Changhun Seok; Yegeun Kim; Injun Choi; Heewon Choee; Sunglim Han; Jiho Chun; Hoyong Seong; Sohmyung Ha; Minkyu Je,,2024 IEEE Asian Solid-State Circuits Conference (A-SSCC),2024,ASSCC,A,"Biomedical, Sensor & Imaging IC",,10.1109/a-sscc60305.2024.10849060,https://ieeexplore.ieee.org/stamp/stamp.jsp?arnumber=10849060,https://doi.org/10.1109/a-sscc60305.2024.10849060,10849060,100.8,crossref_venue_year:2024,publisher_pdf_requires_session,0
A 1.2GS/s 11b Time-Interleaved SAR ADC with Low-Cost Derivative-Based Background Timing-Skew Calibration and Variable-Load Comparators,Mingyang Gu; Yunsong Tao; Xiyu He; Yi Zhong; Lu Jie; Nan Sun,,2024 IEEE Asian Solid-State Circuits Conference (A-SSCC),2024,ASSCC,A,Analog & Mixed-Signal,,10.1109/a-sscc60305.2024.10849123,https://ieeexplore.ieee.org/stamp/stamp.jsp?arnumber=10849123,https://doi.org/10.1109/a-sscc60305.2024.10849123,10849123,110.9,crossref_venue_year:2024,publisher_pdf_requires_session,2
A 1.3mW 10MHz-BW 71dB-SNDR Two-Step TDC-Assisted Continuous-Time Noise-Shaping SAR ADC,Sein Oh; Gichan Yun; Heewon Choee; Yoontae Jung; Jimin Koo; Sohmyung Ha; Minkyu Je,,2024 IEEE Asian Solid-State Circuits Conference (A-SSCC),2024,ASSCC,A,Analog & Mixed-Signal,,10.1109/a-sscc60305.2024.10848679,https://ieeexplore.ieee.org/stamp/stamp.jsp?arnumber=10848679,https://doi.org/10.1109/a-sscc60305.2024.10848679,10848679,110.9,crossref_venue_year:2024,publisher_pdf_requires_session,2
A 1.92nJ/Conv Pulse-Width Locked-Loop Time Domain Readout IC with VCO-Integrator and Pipeline TDC for Wheatstone Bridge Wearable Strain Sensing System,Siyuan Xu; Longhuang Li; Yiyang Du; Huiru Yang; Huaiyu Ye; Huan Hu,,2024 IEEE Asian Solid-State Circuits Conference (A-SSCC),2024,ASSCC,A,Clocking & Frequency Generation,,10.1109/a-sscc60305.2024.10849316,https://ieeexplore.ieee.org/stamp/stamp.jsp?arnumber=10849316,https://doi.org/10.1109/a-sscc60305.2024.10849316,10849316,100.9,crossref_venue_year:2024,publisher_pdf_requires_session,3
A 1.96Vpp Input-Range 3rd-order Noise-Shaping Pipelined-SAR ADC with Self-Boosted Impedance and Active Charge Sharing for Biosignal Acquisition,Rucheng Jiang; Chne-Wuen Tsai; Benjamin Lee Ho Yin; Jia Yi Fong; Jerald Yoo,,2024 IEEE Asian Solid-State Circuits Conference (A-SSCC),2024,ASSCC,A,Analog & Mixed-Signal,,10.1109/a-sscc60305.2024.10848701,https://ieeexplore.ieee.org/stamp/stamp.jsp?arnumber=10848701,https://doi.org/10.1109/a-sscc60305.2024.10848701,10848701,100.8,crossref_venue_year:2024,publisher_pdf_requires_session,1
A 10.5 Gbps 0.55 pJ/bit PAM-3 Transceiver Using a Self-driven Dual TIA Receiver and Floating Impedance Matching for Parallel On-chip Transmission Lines,Donghyun Yoon; Junsen He; Kwang-Hyun Baek; Youngdon Choi; Junghwan Choi; Tony Tae-Hyoung Kim,,2024 IEEE Asian Solid-State Circuits Conference (A-SSCC),2024,ASSCC,A,RF/mmWave & Wireline,,10.1109/a-sscc60305.2024.10848925,https://ieeexplore.ieee.org/stamp/stamp.jsp?arnumber=10848925,https://doi.org/10.1109/a-sscc60305.2024.10848925,10848925,100.9,crossref_venue_year:2024,publisher_pdf_requires_session,2
A 105.8dB A-weighted DR CT Delta-Sigma Audio ADC Using Current-Steering DAC Current Recycling Amplifier,Moo-Yeol Choi; Myungjin Lee; Minsung Kim; Dongsu Kim; Jongwoo Lee,,2024 IEEE Asian Solid-State Circuits Conference (A-SSCC),2024,ASSCC,A,Analog & Mixed-Signal,,10.1109/a-sscc60305.2024.10848646,https://ieeexplore.ieee.org/stamp/stamp.jsp?arnumber=10848646,https://doi.org/10.1109/a-sscc60305.2024.10848646,10848646,120.9,crossref_venue_year:2024,publisher_pdf_requires_session,3
A 10kHz-BW 24.9μW 90.1dB SNDR Noise-Shaping SAR ADC With Complementary Parametric Amplifiers,Yifan Chen; Lei Qian; Yifan Zhao; Wei Chen; Liang Qi; Yongfu Li; Yan Liu,,2024 IEEE Asian Solid-State Circuits Conference (A-SSCC),2024,ASSCC,A,Analog & Mixed-Signal,,10.1109/a-sscc60305.2024.10849289,https://ieeexplore.ieee.org/stamp/stamp.jsp?arnumber=10849289,https://doi.org/10.1109/a-sscc60305.2024.10849289,10849289,110.9,crossref_venue_year:2024,publisher_pdf_requires_session,2
A 12b 3 GS/s Passive T/H Assisted Time-Interleaved Pipelined SAR ADC with Metastability Reduction Technique and Dynamic-Bias RA,Qiang Yu; Zheng Zhu; Chao Li Ang; Qin Huang; Shanshan Han; Feng Tai; Rongbin Yang; Shuangyi Wu; Qiang Li,,2024 IEEE Asian Solid-State Circuits Conference (A-SSCC),2024,ASSCC,A,Analog & Mixed-Signal,,10.1109/a-sscc60305.2024.10848634,https://ieeexplore.ieee.org/stamp/stamp.jsp?arnumber=10848634,https://doi.org/10.1109/a-sscc60305.2024.10848634,10848634,111,crossref_venue_year:2024,publisher_pdf_requires_session,4
"A 13-34 TOPS/W Edge-AI Processor Featuring Booth-Value-Confined Accelerator, Near-Memory Computing, and Contiguity-Aware Mapping",Quan Cheng; Longyang Lin; Mingqiang Huang; Qiufeng Li; Zhengke Yang; Liuyao Dai; Hao Yu; Yu-Jen Chen; Yiyu Shi; Masanori Hashimoto,,2024 IEEE Asian Solid-State Circuits Conference (A-SSCC),2024,ASSCC,A,Digital IC & Architecture,,10.1109/a-sscc60305.2024.10849341,https://ieeexplore.ieee.org/stamp/stamp.jsp?arnumber=10849341,https://doi.org/10.1109/a-sscc60305.2024.10849341,10849341,100.9,crossref_venue_year:2024,publisher_pdf_requires_session,2
A 13.75-14.75-GHz 32.1-fs RMS Jitter -100.6-dBc Reference Spur -261.4-dB FoM Sub-Sampling PLL Using a KPD-Doubled Isolated Sub-Sampling Phase Detector for Reliable Spur-Jitter-Joint Optimization,Yiqing Xu; Yixi Li; Zhao Zhang; Nan Qi; Jian Liu; Nanjian Wu; Liyuan Liu,,2024 IEEE Asian Solid-State Circuits Conference (A-SSCC),2024,ASSCC,A,Clocking & Frequency Generation,,10.1109/a-sscc60305.2024.10848887,https://ieeexplore.ieee.org/stamp/stamp.jsp?arnumber=10848887,https://doi.org/10.1109/a-sscc60305.2024.10848887,10848887,101,crossref_venue_year:2024,publisher_pdf_requires_session,4
A 130-to-170 GHz Reconfigurable Heterodyne/Homodyne Transceiver Achieving 20.5-dBm P sat for Emerging Integrated Wireless Access and Backhaul Networks,Qixiu Wu; Wei Deng; Ziyuan Guo; Haikun Jia; Taikun Ma; Qiuyu Peng; Chang Liu; Baoyong Chi,,2024 IEEE Asian Solid-State Circuits Conference (A-SSCC),2024,ASSCC,A,RF/mmWave & Wireline,,10.1109/a-sscc60305.2024.10849216,https://ieeexplore.ieee.org/stamp/stamp.jsp?arnumber=10849216,https://doi.org/10.1109/a-sscc60305.2024.10849216,10849216,90.8,crossref_venue_year:2024,publisher_pdf_requires_session,0
A 14.7mW Blocker-Tolerant Wideband Receiver Using a Transformer-Based N-Path Passive-LNA and a 2 nd -Order TIA Achieving 110MHz RF-BW and 13dBm OB-IIP3,Gengzhen Qi; Pui-In Mak,,2024 IEEE Asian Solid-State Circuits Conference (A-SSCC),2024,ASSCC,A,RF/mmWave & Wireline,,10.1109/a-sscc60305.2024.10849137,https://ieeexplore.ieee.org/stamp/stamp.jsp?arnumber=10849137,https://doi.org/10.1109/a-sscc60305.2024.10849137,10849137,100.8,crossref_venue_year:2024,publisher_pdf_requires_session,1
A 16-30Gb/s 1.03pJ/b Referenceless Baud-Rate CDR with Integrated Pattern Decoding Technique for Fast Frequency Acquisition,Yoojin Jung; Young-Wook Kim; Sinho Lee; Suil Kang; Kwanseo Park,,2024 IEEE Asian Solid-State Circuits Conference (A-SSCC),2024,ASSCC,A,Analog & Mixed-Signal,,10.1109/a-sscc60305.2024.10849287,https://ieeexplore.ieee.org/stamp/stamp.jsp?arnumber=10849287,https://doi.org/10.1109/a-sscc60305.2024.10849287,10849287,90.9,crossref_venue_year:2024,publisher_pdf_requires_session,3
A 16-bit SAR ADC with Capacitor Dielectric Relaxation Effect Canceler in a 22-nm Microcontroller for Multi-Input Channel Applications,Tomohiko Ebata; Atsushi Ochi; Iori Sakai; Cheng Yuan; Takanobu Nimiya; Daiki Matsumoto; Qiaoyu Wang; Shinsuke Yoshimura; Tetsuo Matsui,,2024 IEEE Asian Solid-State Circuits Conference (A-SSCC),2024,ASSCC,A,Analog & Mixed-Signal,,10.1109/a-sscc60305.2024.10849003,https://ieeexplore.ieee.org/stamp/stamp.jsp?arnumber=10849003,https://doi.org/10.1109/a-sscc60305.2024.10849003,10849003,100.8,crossref_venue_year:2024,publisher_pdf_requires_session,0
A 16nm 231mW Channel MLP Optimized Neural Processing Unit for 80.3% Top-1 ImageNet Classification Accuracy at 102fps,Yong-Tai Chen; Hong-Chuan Liao; Hui-Yun Tsai; Kai-Feng Chang; Chao-Tsung Huang,,2024 IEEE Asian Solid-State Circuits Conference (A-SSCC),2024,ASSCC,A,General IC,,10.1109/a-sscc60305.2024.10849116,https://ieeexplore.ieee.org/stamp/stamp.jsp?arnumber=10849116,https://doi.org/10.1109/a-sscc60305.2024.10849116,10849116,90.8,crossref_venue_year:2024,publisher_pdf_requires_session,1
A 174nW Event-Driven Keyword Spotting ASIC with DC-Drift-Resilient Dual-Mode Delta/SAR Quantizer and Multiplier-Less Processor,Ning Pu; Nan Wu; Kaiji Liu; Yihuai Yang; Siqi Zhang; Sining Pan; Yanshu Guo; Zhihua Wang; Hanjun Jiang,,2024 IEEE Asian Solid-State Circuits Conference (A-SSCC),2024,ASSCC,A,Analog & Mixed-Signal,,10.1109/a-sscc60305.2024.10849242,https://ieeexplore.ieee.org/stamp/stamp.jsp?arnumber=10849242,https://doi.org/10.1109/a-sscc60305.2024.10849242,10849242,90.8,crossref_venue_year:2024,publisher_pdf_requires_session,1
"A 185-μW, ±2.5-ppm -40°C-80°C Analog TCXO With A Differential-Pair-Based Polynomial Temperature Compensation Technique",Chia-Hsi Fang; Chun-Yu Lin; Shuan Yang; Shan-Chih Tsou; Shon-Hang Wen; Kuan-Dar Chen; Tsung-Hsien Lin,,2024 IEEE Asian Solid-State Circuits Conference (A-SSCC),2024,ASSCC,A,General IC,,10.1109/a-sscc60305.2024.10849211,https://ieeexplore.ieee.org/stamp/stamp.jsp?arnumber=10849211,https://doi.org/10.1109/a-sscc60305.2024.10849211,10849211,90.9,crossref_venue_year:2024,publisher_pdf_requires_session,3
A 19.58-to-21.38-GHz Low-Power Quad-Core VCO with Compact 3 rd -Order Q-boost Inductors Achieving -191.8-dBc/Hz FoM and -205.4-dBc/Hz FoM A,Xiangjian Kong; Shuai Deng; Zhao Zhang,,2024 IEEE Asian Solid-State Circuits Conference (A-SSCC),2024,ASSCC,A,Clocking & Frequency Generation,,10.1109/a-sscc60305.2024.10849131,https://ieeexplore.ieee.org/stamp/stamp.jsp?arnumber=10849131,https://doi.org/10.1109/a-sscc60305.2024.10849131,10849131,90.9,crossref_venue_year:2024,publisher_pdf_requires_session,2
A 1kHz-to-62MHz 2.06zF rms Resolution Lock-in Amplifier with SAR-assisted Parasitic and Baseline Capacitance Compensation,Minge Jiang; Shen Ye; Tianxiang Qu; Tian Dong; Qinjing Pan; Zhiliang Hong; Jiawei Xu,,2024 IEEE Asian Solid-State Circuits Conference (A-SSCC),2024,ASSCC,A,Analog & Mixed-Signal,,10.1109/a-sscc60305.2024.10849222,https://ieeexplore.ieee.org/stamp/stamp.jsp?arnumber=10849222,https://doi.org/10.1109/a-sscc60305.2024.10849222,10849222,100.8,crossref_venue_year:2024,publisher_pdf_requires_session,1
A 2.8-to-7.2GT/s DDR5 Registering Clock Driver IC with Parallel-Data Timing and Pin-to-Pin Skew Calibration for a Dual In-Line Memory Module,Joomyoung Kim; Jaehong Jung; Kwangmin Lim; Barosaim Sung; Jaekwon Kim; Baekmin Lim; Tae-Gun Noh; Jaehoon Lee; Hyun-Gi Seok; Youngsea Cho; Gyusik Kim; Takahiro Nomiyama; Sunhye Kang; Yeongcheol Jeong; Sanguk Cho; Gyumin Kim; Do-Hyun Oh; Jaenam Kim; Yong Lim; Seungjin Kim; Seunghyun Oh; Jongwoo Lee,,2024 IEEE Asian Solid-State Circuits Conference (A-SSCC),2024,ASSCC,A,Memory & Compute-in-Memory,,10.1109/a-sscc60305.2024.10848669,https://ieeexplore.ieee.org/stamp/stamp.jsp?arnumber=10848669,https://doi.org/10.1109/a-sscc60305.2024.10848669,10848669,90.8,crossref_venue_year:2024,publisher_pdf_requires_session,1
"A 200Gb/s, 3.5pJ/bit Monolithically Integrated WDM SiPhotonic Transceiver for Chiplet Optical I/O",Qianli Ma; Ang Li; Yongliang Xiong; Yingjie Ma; Haoran Yin; Han Liu; Minye Zhu; Menghan Yang; Ye Jin; Daofa Wang; Peng Wang; Yang Qu; Yujun Xie; Guike Li; Liyuan Liu; Nan Qi; Ming Li,,2024 IEEE Asian Solid-State Circuits Conference (A-SSCC),2024,ASSCC,A,RF/mmWave & Wireline,,10.1109/a-sscc60305.2024.10848817,https://ieeexplore.ieee.org/stamp/stamp.jsp?arnumber=10848817,https://doi.org/10.1109/a-sscc60305.2024.10848817,10848817,90.9,crossref_venue_year:2024,publisher_pdf_requires_session,3
"A 22T Static Contention-free Conjoined Master-Slave Flip-flop for Low-Voltage, Low-Power, and Low-Area Applications",Gicheol Shin; Shin Han; Minhyeok Jeong; Donguk Seo; Yoonmyung Lee,,2024 IEEE Asian Solid-State Circuits Conference (A-SSCC),2024,ASSCC,A,General IC,,10.1109/a-sscc60305.2024.10848826,https://ieeexplore.ieee.org/stamp/stamp.jsp?arnumber=10848826,https://doi.org/10.1109/a-sscc60305.2024.10848826,10848826,90.8,crossref_venue_year:2024,publisher_pdf_requires_session,1
"A 24% Efficient, 15.36 dBm Output Power, Multi-Standard Digital Polar Transmitter with 7-bit Phase Interpolator-based BFSK Modulator and 23 dB Sidelobe Suppressed PA for Low-Power Wide Area Networks",Hafiz Usman Mahmood; Keun-Mok Kim; Dinh Thinh Tran; Jinglong Xu; Abdul Qahir; Jinho Ko; Jusung Kim; Sang-Gug Lee; Kyung-Sik Choi,,2024 IEEE Asian Solid-State Circuits Conference (A-SSCC),2024,ASSCC,A,RF/mmWave & Wireline,,10.1109/a-sscc60305.2024.10849255,https://ieeexplore.ieee.org/stamp/stamp.jsp?arnumber=10849255,https://doi.org/10.1109/a-sscc60305.2024.10849255,10849255,90.8,crossref_venue_year:2024,publisher_pdf_requires_session,0
A 24.25–29.5-GHz Transmitter with Built-in Automatic Calibration of LO Feedthrough and I/Q Imbalance in 65-nm CMOS,Hengzhi Wan; Pengfei Diao; Chenyu Xu; Enqi Zheng; Dixian Zhao,,2024 IEEE Asian Solid-State Circuits Conference (A-SSCC),2024,ASSCC,A,RF/mmWave & Wireline,,10.1109/a-sscc60305.2024.10849086,https://ieeexplore.ieee.org/stamp/stamp.jsp?arnumber=10849086,https://doi.org/10.1109/a-sscc60305.2024.10849086,10849086,90.8,crossref_venue_year:2024,publisher_pdf_requires_session,1
A 24V-to-1.8V Low Input Current Ripple SC Hybrid Converter with Conducted EMI Noise Suppression Mechanism for Automobile Application,Yu-Tse Shih; Jen-Wei Chang; Tz-Han Hsu; Wei-Chieh Hung; Yu-Jia Wei; Ke-Horng Chen; Tsung-Heng Tsai; Kuo-Lin Zheng; Ying-Hsi Lin; Min-Chu Chien,,2024 IEEE Asian Solid-State Circuits Conference (A-SSCC),2024,ASSCC,A,General IC,,10.1109/a-sscc60305.2024.10848592,https://ieeexplore.ieee.org/stamp/stamp.jsp?arnumber=10848592,https://doi.org/10.1109/a-sscc60305.2024.10848592,10848592,90.8,crossref_venue_year:2024,publisher_pdf_requires_session,1
A 26.5-to-29.5GHz Transformer-Based Doherty Phased-Array Transceiver Front-End With 7-Bit Phase Shifter and 16% Back-Off Drain Efficiency,Shaogang Wang; Huiyan Gao; Hang Lu; Nayu Li; Chunyi Song; Qun Gu; Zhiwei Xu,,2024 IEEE Asian Solid-State Circuits Conference (A-SSCC),2024,ASSCC,A,RF/mmWave & Wireline,,10.1109/a-sscc60305.2024.10848644,https://ieeexplore.ieee.org/stamp/stamp.jsp?arnumber=10848644,https://doi.org/10.1109/a-sscc60305.2024.10848644,10848644,100.9,crossref_venue_year:2024,publisher_pdf_requires_session,2
A 273.48 TOPS/W and 1.58 Mb/mm 2 Analog-Digital Hybrid CIM Processor with Transpose Ternary-eDRAM Bitcell,Hoichang Jeong; Seungbin Kim; Jeongmin Shin; Keonhee Park; Kyuho Jason Lee,,2024 IEEE Asian Solid-State Circuits Conference (A-SSCC),2024,ASSCC,A,Digital IC & Architecture,,10.1109/a-sscc60305.2024.10849108,https://ieeexplore.ieee.org/stamp/stamp.jsp?arnumber=10849108,https://doi.org/10.1109/a-sscc60305.2024.10849108,10849108,90.9,crossref_venue_year:2024,publisher_pdf_requires_session,2
A 28-nm 141.4TOPS/W Scalable Reconfigurable Deep Learning SoC for Large-Scale Neural Networks,I-Hsuan Liu; I-Ting Lin; Yueh-Feng Tsai; Jeng-Sheng Hsieh; Vincent Chen; Chuei-Tang Wang; Chia-Hsiang Yang; Douglas C. H. Yu,,2024 IEEE Asian Solid-State Circuits Conference (A-SSCC),2024,ASSCC,A,Digital IC & Architecture,,10.1109/a-sscc60305.2024.10849343,https://ieeexplore.ieee.org/stamp/stamp.jsp?arnumber=10849343,https://doi.org/10.1109/a-sscc60305.2024.10849343,10849343,90.8,crossref_venue_year:2024,publisher_pdf_requires_session,0
A 28-nm 323 TOPS/mm 2 /b and 2007 TOPS/W/b Ternary Latch Based Sparsity-Aware CIM Macro With Double-Sampling Ternary ADC,Myoung Kim; Hoichang Jeong; Woo-Seok Kim; Yesong Jeong; Young-Eun Choi; Junyoung Park; Min Woo Ryu; Yong Kyu Lee; Kyuho Jason Lee; Kyung Rok Kim,,2024 IEEE Asian Solid-State Circuits Conference (A-SSCC),2024,ASSCC,A,Analog & Mixed-Signal,,10.1109/a-sscc60305.2024.10848571,https://ieeexplore.ieee.org/stamp/stamp.jsp?arnumber=10848571,https://doi.org/10.1109/a-sscc60305.2024.10848571,10848571,90.9,crossref_venue_year:2024,publisher_pdf_requires_session,2
"A 280.580 μm 2 /Grid, 30.7pJ TMRA-PIM (Time-Multiplexed Random-Access Processing-in-Memory) Programmable Accelerator for Partial Differential Equations Solving and Edge Processing",Zhengzhe Wei; Yuqi Su; Tony Tae-Hyoung Kim; Yuanjin Zheng,,2024 IEEE Asian Solid-State Circuits Conference (A-SSCC),2024,ASSCC,A,Memory & Compute-in-Memory,,10.1109/a-sscc60305.2024.10849257,https://ieeexplore.ieee.org/stamp/stamp.jsp?arnumber=10849257,https://doi.org/10.1109/a-sscc60305.2024.10849257,10849257,100.8,crossref_venue_year:2024,publisher_pdf_requires_session,1
A 28nm 118.26TOPS/W Multi-Dimensional Fault-Tolerant Al Processor Enabling Voltage-Frequency Scaling Below Point-of-First-Failure,Yang Wang; Xiaolong Yang; Yubin Qin; Zhiren Zhao; Ruiqi Guo; Zhiheng Yue; Shaojun Wei; Yang Hu; Shouyi Yin,,2024 IEEE Asian Solid-State Circuits Conference (A-SSCC),2024,ASSCC,A,Digital IC & Architecture,,10.1109/a-sscc60305.2024.10848818,https://ieeexplore.ieee.org/stamp/stamp.jsp?arnumber=10848818,https://doi.org/10.1109/a-sscc60305.2024.10848818,10848818,90.8,crossref_venue_year:2024,publisher_pdf_requires_session,0
A 28nm 128-kb Exponent- and Mantissa-Computation-InMemory Dual-macro for Floating-point and INT CNNs,An Guo; Xueshan Dong; Fangyuan Dong; Dongqi Li; Yiran Zhang; Jingmin Zhang; Yuchen Tang; Yuhui Shi; Xiao Tan; Bo Liu; Weiwei Shan; Hao Cai; Jun Yang; Xin Si,,2024 IEEE Asian Solid-State Circuits Conference (A-SSCC),2024,ASSCC,A,Memory & Compute-in-Memory,,10.1109/a-sscc60305.2024.10849190,https://ieeexplore.ieee.org/stamp/stamp.jsp?arnumber=10849190,https://doi.org/10.1109/a-sscc60305.2024.10849190,10849190,90.8,crossref_venue_year:2024,publisher_pdf_requires_session,1
A 28nm 166.9 TOPS/W x Mb/mm 2 DRAM-Free QLC Compute-in-ROM Macro Supporting High Task-Level Inference Energy Efficiency for Tiny AI Edge Devices,Ling-An Cheong; Chen Wang; Mufeng Zhou; Tianyu Liao; Mingyen Lee; Yue Ke; Wenjun Tang; Yiming Chen; Xirui Du; Yongpan Liu; Huazhong Yang; Xueqing Li,,2024 IEEE Asian Solid-State Circuits Conference (A-SSCC),2024,ASSCC,A,Memory & Compute-in-Memory,,10.1109/a-sscc60305.2024.10849083,https://ieeexplore.ieee.org/stamp/stamp.jsp?arnumber=10849083,https://doi.org/10.1109/a-sscc60305.2024.10849083,10849083,91.1,crossref_venue_year:2024,publisher_pdf_requires_session,7
A 28nm 76.25TOPS/W RRAM/SRAM-Collaborative CIM Fine-Tuning Accelerator with RRAM-Endurance/Latency-Aware Weight Allocation for CNN and Transformer,Chen Mu; Zhirui Huang; Hao Jiang; Jie Liao; Bo Jiao; Yuliang Zhou; Haozhe Zhu; Jianguo Yang; Qi Liu; Chixiao Chen,,2024 IEEE Asian Solid-State Circuits Conference (A-SSCC),2024,ASSCC,A,Memory & Compute-in-Memory,,10.1109/a-sscc60305.2024.10848596,https://ieeexplore.ieee.org/stamp/stamp.jsp?arnumber=10848596,https://doi.org/10.1109/a-sscc60305.2024.10848596,10848596,101,crossref_venue_year:2024,publisher_pdf_requires_session,4
A 28nm CMOS 12-bit-600-MS/s 15.6mW Pipelined ADC with Two-Stage Gainboosting FIA-based RA,Bo Gao; Lizhen Zhang; Raymond Mabilangan; Chang-Un Park; Kent Edrian Lozada; Ho-Jin Kim; Youngjae Cho; Michael Choi; Seung-Tak Ryu,,2024 IEEE Asian Solid-State Circuits Conference (A-SSCC),2024,ASSCC,A,Analog & Mixed-Signal,,10.1109/a-sscc60305.2024.10848587,https://ieeexplore.ieee.org/stamp/stamp.jsp?arnumber=10848587,https://doi.org/10.1109/a-sscc60305.2024.10848587,10848587,91,crossref_venue_year:2024,publisher_pdf_requires_session,5
A 29.5W Switched-Capacitor based Dual-Output Hybrid Secondary Charger Providing Simultaneous Two-Cell Battery Charging and System Supply Voltage with Input Current Limiting Feature,Chanjung Park; Seongil Yeo; Jeu Lee; Geuntae Park; Seungjin Baek; Seunghoon Lee; Kunhee Cho,,2024 IEEE Asian Solid-State Circuits Conference (A-SSCC),2024,ASSCC,A,Power Management,,10.1109/a-sscc60305.2024.10848737,https://ieeexplore.ieee.org/stamp/stamp.jsp?arnumber=10848737,https://doi.org/10.1109/a-sscc60305.2024.10848737,10848737,90.8,crossref_venue_year:2024,publisher_pdf_requires_session,1
A 3-D Ising Machine with 12-Way Supply-and-Bulk Injection Locking Oscillators for Combinatorial Problem Solving,Jiaer Chen; Yingna Huang; Jiamin Li; Longyang Lin; Han Wu; Jerald Yoo,,2024 IEEE Asian Solid-State Circuits Conference (A-SSCC),2024,ASSCC,A,Clocking & Frequency Generation,,10.1109/a-sscc60305.2024.10849161,https://ieeexplore.ieee.org/stamp/stamp.jsp?arnumber=10849161,https://doi.org/10.1109/a-sscc60305.2024.10849161,10849161,90.8,crossref_venue_year:2024,publisher_pdf_requires_session,1
A 3-to-40 GHz 64QAM/256QAM/4096QAM Zero-IF CMOS Transceiver Chipset for Millimeter-wave Software-defined Radios,Wenjing Ye; Wei Deng; Haikun Jia; Jingling Zhang; Linjun Gu; Fuyuan Zhao; Ruichen Wan; Baoyong Chi,,2024 IEEE Asian Solid-State Circuits Conference (A-SSCC),2024,ASSCC,A,RF/mmWave & Wireline,,10.1109/a-sscc60305.2024.10848653,https://ieeexplore.ieee.org/stamp/stamp.jsp?arnumber=10848653,https://doi.org/10.1109/a-sscc60305.2024.10848653,10848653,100.8,crossref_venue_year:2024,publisher_pdf_requires_session,0
A 300-GHz-Band 36-Gb/s Scalable 2x2 2D Phased-Array CMOS Receiver,Satoshi Tanaka; Shinsuke Hara; Kyoya Takano; Akifumi Kasamatsu; Yoshiki Sugimoto; Kunio Sakakibara; Shunichi Kubo; Takeshi Yoshida; Shuhei Amakawa; Minoru Fujishima,,2024 IEEE Asian Solid-State Circuits Conference (A-SSCC),2024,ASSCC,A,RF/mmWave & Wireline,,10.1109/a-sscc60305.2024.10849080,https://ieeexplore.ieee.org/stamp/stamp.jsp?arnumber=10849080,https://doi.org/10.1109/a-sscc60305.2024.10849080,10849080,91,crossref_venue_year:2024,publisher_pdf_requires_session,6
A 300W 1.27kW/inch 3 98.0% Peak Efficiency 48V-to-12V Switch Tank Converter Controller with Integrated Multilevel Driver and Adaptive ZCS On-time Control,Zhi-Yi Lin; Xin-Ce Gong; Xin Ming; Jia-Hui Huang; Bo Zhang,,2024 IEEE Asian Solid-State Circuits Conference (A-SSCC),2024,ASSCC,A,General IC,,10.1109/a-sscc60305.2024.10849119,https://ieeexplore.ieee.org/stamp/stamp.jsp?arnumber=10849119,https://doi.org/10.1109/a-sscc60305.2024.10849119,10849119,90.8,crossref_venue_year:2024,publisher_pdf_requires_session,0
A 31.92% Efficiency Colpitts DCO-PA for BLE TX with Implicit RX Clock Generation Using DM-to-CM Mode-switching,Bowen Yu; Kai Xu; Wei Li; Hongtao Xu,,2024 IEEE Asian Solid-State Circuits Conference (A-SSCC),2024,ASSCC,A,Clocking & Frequency Generation,,10.1109/a-sscc60305.2024.10848745,https://ieeexplore.ieee.org/stamp/stamp.jsp?arnumber=10848745,https://doi.org/10.1109/a-sscc60305.2024.10848745,10848745,90.9,crossref_venue_year:2024,publisher_pdf_requires_session,2
A 320MHz BW NS TD-ADC Assisted C/DT Hybrid Pipelined ADC with SAB-based Residue Amplifying Filter,Kai Xing; Yan Zhu; Rui Paulo Martins; Chi-Hang Chan,,2024 IEEE Asian Solid-State Circuits Conference (A-SSCC),2024,ASSCC,A,Analog & Mixed-Signal,,10.1109/a-sscc60305.2024.10849229,https://ieeexplore.ieee.org/stamp/stamp.jsp?arnumber=10849229,https://doi.org/10.1109/a-sscc60305.2024.10849229,10849229,100.9,crossref_venue_year:2024,publisher_pdf_requires_session,2
A 32×32 SPAD LiDAR Sensor with In-pixel Spatial-temporal Coincidence and Per-SPAD Pulse Delay for Resolution-lossless Imaging,Bu Chen; Zhangcheng Huang; Jingyi Wang; Hongyang Shang; Hankun Lv; Qi Liu; Ming Liu,,2024 IEEE Asian Solid-State Circuits Conference (A-SSCC),2024,ASSCC,A,"Biomedical, Sensor & Imaging IC",,10.1109/a-sscc60305.2024.10849012,https://ieeexplore.ieee.org/stamp/stamp.jsp?arnumber=10849012,https://doi.org/10.1109/a-sscc60305.2024.10849012,10849012,100.8,crossref_venue_year:2024,publisher_pdf_requires_session,1
A 33.6nW Capacitively Coupled Chopper Amplifier with Stacked Input-Boosted Gate-and-Bulk-Driven Inverter Achieving 0.59 NEF and 0.42 PEF in 180nm CMOS,Ke Hu; Jiangchao Wu; Bo Wang; Man Kay Law,,2024 IEEE Asian Solid-State Circuits Conference (A-SSCC),2024,ASSCC,A,Analog & Mixed-Signal,,10.1109/a-sscc60305.2024.10848564,https://ieeexplore.ieee.org/stamp/stamp.jsp?arnumber=10848564,https://doi.org/10.1109/a-sscc60305.2024.10848564,10848564,90.9,crossref_venue_year:2024,publisher_pdf_requires_session,3
A 39-Gb/s PAM-3 Transmitter and ADC-Based Receiver Chipset in CMOS Technologies,Yen-Po Lin; Chun-Chang Lu; Mei-Hsuan Lu; Yueh-Cheng Tsai; Ping-Hsuan Hsieh; Pen-Jui Peng,,2024 IEEE Asian Solid-State Circuits Conference (A-SSCC),2024,ASSCC,A,RF/mmWave & Wireline,,10.1109/a-sscc60305.2024.10849048,https://ieeexplore.ieee.org/stamp/stamp.jsp?arnumber=10849048,https://doi.org/10.1109/a-sscc60305.2024.10849048,10849048,100.9,crossref_venue_year:2024,publisher_pdf_requires_session,2
A 4-Phase Integrated Voltage Regulator with In-Package Inductors Achieving 89.0% Peak Efficiency and 65% Droop Improvement for 6A/2ns Transient,Kai Yuan; Chenzhou Ding; Junmin Jiang; Tiantian Tang; Junyi Ruan; Yelei Xie; Faen Liu; Shuguo Jiang; Tao Liu; Ka Nang Leung; Xun Liu,,2024 IEEE Asian Solid-State Circuits Conference (A-SSCC),2024,ASSCC,A,Power Management,,10.1109/a-sscc60305.2024.10849005,https://ieeexplore.ieee.org/stamp/stamp.jsp?arnumber=10849005,https://doi.org/10.1109/a-sscc60305.2024.10849005,10849005,90.8,crossref_venue_year:2024,publisher_pdf_requires_session,0
A 4-nm 9.6-Gb/s/pin LPDDR5X PHY With Adaptive Driver Strength Control and Fast Periodic Training for Full DVFS DRAM,Yoonjae Choi; Jaegeun Song; Daero Kim; Myunggon Kim; Jiyeon Park; Jinho Choi; Changki Kwon; Minho Seo; Jihun Oh; Shinyoung Yi; Billy Koo; Kwanyeob Chae; Jongshin Shin,,2024 IEEE Asian Solid-State Circuits Conference (A-SSCC),2024,ASSCC,A,Memory & Compute-in-Memory,,10.1109/a-sscc60305.2024.10848950,https://ieeexplore.ieee.org/stamp/stamp.jsp?arnumber=10848950,https://doi.org/10.1109/a-sscc60305.2024.10848950,10848950,100.8,crossref_venue_year:2024,publisher_pdf_requires_session,0
A 400 × 112 CMOS LiDAR Sensor with Reconfigurable-Resolution Histogramming Time-to-Digital Converters and Sub-cm Depth Refining Filter,Wonjong Roh; Hyeongseok Seo; Canxing Piao; Heesung Lee; Minkyung Kim; Myung-Jae Lee; Seong-Jin Kim; Jung-Hoon Chun; Jaehyuk Choi,,2024 IEEE Asian Solid-State Circuits Conference (A-SSCC),2024,ASSCC,A,Analog & Mixed-Signal,,10.1109/a-sscc60305.2024.10848932,https://ieeexplore.ieee.org/stamp/stamp.jsp?arnumber=10848932,https://doi.org/10.1109/a-sscc60305.2024.10848932,10848932,90.8,crossref_venue_year:2024,publisher_pdf_requires_session,0
A 428.4mW 6.78Mbps/3.61Mbps Up/Down Data Rate Wireless Chipset with TinyAI Regulation,Yunfang Zhang; Zhijie Lin; Peiyi Zhou; Jie Zhang; Zhezhi He; Hong Zhang; Yongfu Li; Yong Lian; Yang Zhao,,2024 IEEE Asian Solid-State Circuits Conference (A-SSCC),2024,ASSCC,A,General IC,,10.1109/a-sscc60305.2024.10848882,https://ieeexplore.ieee.org/stamp/stamp.jsp?arnumber=10848882,https://doi.org/10.1109/a-sscc60305.2024.10848882,10848882,100.8,crossref_venue_year:2024,publisher_pdf_requires_session,1
A 43.3 bit/cycle Inflate Accelerator Featuring Static-Dynamic Huffman Decoder with Multiple Checkpoints and Optimized End-Of-Block Control for Hyperscale data,Wei Zhang; Yiwei Luo; Yangyi Zhang; Jiaqi Ouyang; Guodong Wang; Xianglong Wang; Gang Shi; Lei Chen; Fengwei An,,2024 IEEE Asian Solid-State Circuits Conference (A-SSCC),2024,ASSCC,A,Digital IC & Architecture,,10.1109/a-sscc60305.2024.10848802,https://ieeexplore.ieee.org/stamp/stamp.jsp?arnumber=10848802,https://doi.org/10.1109/a-sscc60305.2024.10848802,10848802,90.8,crossref_venue_year:2024,publisher_pdf_requires_session,0
A 45-fs rms Accumulated Jitter PLL Using Advanced Design Techniques for PCIe Gen6 Reference Clock Generation in 2 nm MBCFET Technology,Subhadeep Datta; Arnab Banerjee; Ayush Tripathi; Dongmin Kang; Leesunghyuck; Hasung Lim; Wonsik Yu; Kgj Vishnu; Chanyoung Jeong; Sumanth Chakkirala; Avneesh Singh Verma; Sachin Kashyap; Eg Jeevarathinam; Sunil Kumar Pandey; Jongjae Ryu; Sanjeeb Kumar Ghosh,,2024 IEEE Asian Solid-State Circuits Conference (A-SSCC),2024,ASSCC,A,Clocking & Frequency Generation,,10.1109/a-sscc60305.2024.10849120,https://ieeexplore.ieee.org/stamp/stamp.jsp?arnumber=10849120,https://doi.org/10.1109/a-sscc60305.2024.10849120,10849120,100.9,crossref_venue_year:2024,publisher_pdf_requires_session,3
A 48MHz Temperature Compensated Crystal Oscillator Utilizing Time-Domain Accuracy Boosting Techniques Achieving ±1.4ppm Frequency Stability from -55°C to 115°C,Junyang Yin; Wei Deng; Haikun Jia; Minshuo Wang; Baoyong Chi,,2024 IEEE Asian Solid-State Circuits Conference (A-SSCC),2024,ASSCC,A,Clocking & Frequency Generation,,10.1109/a-sscc60305.2024.10849114,https://ieeexplore.ieee.org/stamp/stamp.jsp?arnumber=10849114,https://doi.org/10.1109/a-sscc60305.2024.10849114,10849114,90.9,crossref_venue_year:2024,publisher_pdf_requires_session,3
A 5.76 Gb/s 79.7 pJ/b 128×32 Massive Deep-Learning Uplink MIMO Detector in 28nm CMOS Technology,Sangbu Yun; Youngjoo Lee,,2024 IEEE Asian Solid-State Circuits Conference (A-SSCC),2024,ASSCC,A,General IC,,10.1109/a-sscc60305.2024.10849071,https://ieeexplore.ieee.org/stamp/stamp.jsp?arnumber=10849071,https://doi.org/10.1109/a-sscc60305.2024.10849071,10849071,100.8,crossref_venue_year:2024,publisher_pdf_requires_session,0
A 5.76GS/s 180MHz-BW 74.1dB-DR 2x TI Extrapolated CT DSM with Broadband Hybrid-Inputs Current-Mode Adder in 28nm CMOS,Yuekai Liu; Meng Guo; Yichen Jin; Yan Liu; Mingqiang Guo; Sai-Weng Sin; Zhichao Tan; Liang Qi,,2024 IEEE Asian Solid-State Circuits Conference (A-SSCC),2024,ASSCC,A,General IC,,10.1109/a-sscc60305.2024.10848641,https://ieeexplore.ieee.org/stamp/stamp.jsp?arnumber=10848641,https://doi.org/10.1109/a-sscc60305.2024.10848641,10848641,100.8,crossref_venue_year:2024,publisher_pdf_requires_session,1
A 56Gbps ADC/DAC-Based Jitter-Robust Multicarrier Transceiver with RX MIMO-DSP for > 40dB Loss Channel,Srujan Kumar Kaile; Julian Camilo Gomez Diaz; Yuanming Zhu; Ii-Min Yi; Sebastian Hoyos; Samuel Palermo,,2024 IEEE Asian Solid-State Circuits Conference (A-SSCC),2024,ASSCC,A,Analog & Mixed-Signal,,10.1109/a-sscc60305.2024.10848606,https://ieeexplore.ieee.org/stamp/stamp.jsp?arnumber=10848606,https://doi.org/10.1109/a-sscc60305.2024.10848606,10848606,100.8,crossref_venue_year:2024,publisher_pdf_requires_session,1
A 5× OSR 1MHz-BW 81dB-SNDR 5 th -Order Noise-Shaping SAR ADC with Zero-Optimized 3 rd -Order Integrator,Lizhen Zhang; Bo Gao; Kun-Woo Park; Hyeongjin Kim; Kent Edrian Lozada; Ye-Dam Kim; Jianhui Wu; Seung-Tak Ryu,,2024 IEEE Asian Solid-State Circuits Conference (A-SSCC),2024,ASSCC,A,Analog & Mixed-Signal,,10.1109/a-sscc60305.2024.10849050,https://ieeexplore.ieee.org/stamp/stamp.jsp?arnumber=10849050,https://doi.org/10.1109/a-sscc60305.2024.10849050,10849050,100.8,crossref_venue_year:2024,publisher_pdf_requires_session,1
A 6.1fJ/conv-step 0.0017mm 2 Level Crossing ADC for Compressive Neural Sensing with Event-Driven Ramp Generation and Sparse DAC Switching Scheme,Stan van der Ven; Yuming He; Martijn Timmermans; Hua-Peng Liaw; Pieter Harpe; Roland van Wegberg; Eugenio Cantatore; Yao-Hong Liu,,2024 IEEE Asian Solid-State Circuits Conference (A-SSCC),2024,ASSCC,A,Analog & Mixed-Signal,,10.1109/a-sscc60305.2024.10848955,https://ieeexplore.ieee.org/stamp/stamp.jsp?arnumber=10848955,https://doi.org/10.1109/a-sscc60305.2024.10848955,10848955,100.9,crossref_venue_year:2024,publisher_pdf_requires_session,2
"A 6.4Gb/s/pin HBM3 Digital PHY with Low-Power, Area-Efficient Techniques for Chiplet-Based AI processors in 12-nm CMOS",Jaewoong Choi; Yi-Gyeong Kim; Juyeob Kim; Jaehoon Chung; Young-Deuk Jeon; Min-Hyung Cho; Sujin Park; Jinho Han,,2024 IEEE Asian Solid-State Circuits Conference (A-SSCC),2024,ASSCC,A,Digital IC & Architecture,,10.1109/a-sscc60305.2024.10848683,https://ieeexplore.ieee.org/stamp/stamp.jsp?arnumber=10848683,https://doi.org/10.1109/a-sscc60305.2024.10848683,10848683,90.8,crossref_venue_year:2024,publisher_pdf_requires_session,0
A 639.38GOPS Hybrid-Domain Logic-Compatible Multi-Level Embedded Flash Computing-in-Memory Macro with Spike-Edge Computation,Jiho Chun; Edward Choi; Byeongseon Choi; Donghyeon Yi; Sohmyung Ha; Ik-Joon Chang; Minkyu Je,,2024 IEEE Asian Solid-State Circuits Conference (A-SSCC),2024,ASSCC,A,Memory & Compute-in-Memory,,10.1109/a-sscc60305.2024.10848661,https://ieeexplore.ieee.org/stamp/stamp.jsp?arnumber=10848661,https://doi.org/10.1109/a-sscc60305.2024.10848661,10848661,110.8,crossref_venue_year:2024,publisher_pdf_requires_session,0
A 64-channel SPAD-based LiDAR sensor with Compact Coincidence Detection Circuit and Inter-frame Correlation-based Nonlinear Partial Histogram Builder,Jin Hu; Dong Li; Xiayu Wang; Rui Ma; Yang Liu; Zhangming Zhu,,2024 IEEE Asian Solid-State Circuits Conference (A-SSCC),2024,ASSCC,A,"Biomedical, Sensor & Imaging IC",,10.1109/a-sscc60305.2024.10849217,https://ieeexplore.ieee.org/stamp/stamp.jsp?arnumber=10849217,https://doi.org/10.1109/a-sscc60305.2024.10849217,10849217,101,crossref_venue_year:2024,publisher_pdf_requires_session,4
A 65nm 687.5-TOPS/W Drive Strength-based SRAM Compute-In-Memory Macro with Adaptive Dynamic Range for Edge AI applications,Dong-Gu Choi; Jaehyun Lee; Jahyun Koo; Woo Kyoung Han; Dahoon Park; Jaeha Kung; Junghyup Lee; Jong-Hyeok Yoon,,2024 IEEE Asian Solid-State Circuits Conference (A-SSCC),2024,ASSCC,A,Memory & Compute-in-Memory,,10.1109/a-sscc60305.2024.10848920,https://ieeexplore.ieee.org/stamp/stamp.jsp?arnumber=10848920,https://doi.org/10.1109/a-sscc60305.2024.10848920,10848920,120.8,crossref_venue_year:2024,publisher_pdf_requires_session,1
A 66.6 FPS High Quality Gaussian Splats Rendering FPGA Processor with Reconfigurable Computation Architecture,Hongseok Lee; Gwangtae Park; Wonhoon Park; Wooyoung Jo; Jongjun Park; Hoi-Jun Yoo,,2024 IEEE Asian Solid-State Circuits Conference (A-SSCC),2024,ASSCC,A,Digital IC & Architecture,,10.1109/a-sscc60305.2024.10848911,https://ieeexplore.ieee.org/stamp/stamp.jsp?arnumber=10848911,https://doi.org/10.1109/a-sscc60305.2024.10848911,10848911,91.1,crossref_venue_year:2024,publisher_pdf_requires_session,8
A 75.6Gb/S 22-Bit Floating-Point Reconfigurable DSP Accelerator Embedding 2048×256-Point Complex FFT and 26K-Point 1-D Signal Processing,Xuanzhe Xu; Xianjun Liu; Siyuan Wei; Shuangming Yu; Runjiang Dou; Xu Yang; Zhe Wang; Jian Liu; Nanjian Wu; Liyuan Liu,,2024 IEEE Asian Solid-State Circuits Conference (A-SSCC),2024,ASSCC,A,Digital IC & Architecture,,10.1109/a-sscc60305.2024.10849073,https://ieeexplore.ieee.org/stamp/stamp.jsp?arnumber=10849073,https://doi.org/10.1109/a-sscc60305.2024.10849073,10849073,90.8,crossref_venue_year:2024,publisher_pdf_requires_session,1
A 97.1% Buck-Boost Battery Charger with a Constant Current Extension Technique for 2x Faster Battery Charging with Accurate Termination of Charging Process,Chun-Yuan Chen; Yu-Tse Shih; Ming-Che Tu; Yung-Hsuan Yen; Ke-Horng Chen; Tsung-Heng Tsai; Kuo-Lin Zheng; Ying-Hsi Lin; Min-Chu Chien,,2024 IEEE Asian Solid-State Circuits Conference (A-SSCC),2024,ASSCC,A,Power Management,,10.1109/a-sscc60305.2024.10849312,https://ieeexplore.ieee.org/stamp/stamp.jsp?arnumber=10849312,https://doi.org/10.1109/a-sscc60305.2024.10849312,10849312,110.9,crossref_venue_year:2024,publisher_pdf_requires_session,2
A Compact D-Band Phase Shifter with 0.1-degree Phase Resolution and 0.8-degree RMS Phase Error in 65 nm CMOS,Takaya Uchino; Yudai Yamazaki; Sungwan Park; Chenxin Liu; Anyi Tian; Abanob Shehata; Hiroyuki Sakai; Kazuaki Kunihiro; Atsushi Shirane; Kenichi Okada,,2024 IEEE Asian Solid-State Circuits Conference (A-SSCC),2024,ASSCC,A,General IC,,10.1109/a-sscc60305.2024.10848583,https://ieeexplore.ieee.org/stamp/stamp.jsp?arnumber=10848583,https://doi.org/10.1109/a-sscc60305.2024.10848583,10848583,100.9,crossref_venue_year:2024,publisher_pdf_requires_session,3
A Compact Low-power 16b SAR ADC using Reservoir-Charge-Redistributed DAC and Configurable Floating-Inverter-Based Comparator,Chenxi Yuan; Xianghui Pan; Zihao Zheng; Yan Song; R. P. Martins; Yan Zhu; Chi-Hang Chan,,2024 IEEE Asian Solid-State Circuits Conference (A-SSCC),2024,ASSCC,A,Analog & Mixed-Signal,,10.1109/a-sscc60305.2024.10848951,https://ieeexplore.ieee.org/stamp/stamp.jsp?arnumber=10848951,https://doi.org/10.1109/a-sscc60305.2024.10848951,10848951,120.9,crossref_venue_year:2024,publisher_pdf_requires_session,2
A Compact Optical Image Stabilization Chip with Actuator Trackability Improvement Controller and Double Offset Cancel Hall Amplifier to Improve Camera Shake Correction.,Wataru Saito; Yoichi Lizuka; Tetsuya Takahashi; Toshiya Suzuki; Hiroto Suzuki; Masatomo Shoji; Fukashi Morishita,,2024 IEEE Asian Solid-State Circuits Conference (A-SSCC),2024,ASSCC,A,Analog & Mixed-Signal,,10.1109/a-sscc60305.2024.10849310,https://ieeexplore.ieee.org/stamp/stamp.jsp?arnumber=10849310,https://doi.org/10.1109/a-sscc60305.2024.10849310,10849310,90.8,crossref_venue_year:2024,publisher_pdf_requires_session,0
A Fully Integrated 400MHz Band Transceiver with a 96Mbps 16QAM Transmitter and a Phase Tracking Receiver in 40-nm CMOS,Heng Huang; Xiliang Liu; Zijian Tang; Wei Song; Yuan Ma; Ruixuan Pei; Yuwei Zhang; Xiaoyan Ma; Milin Zhang; Jintao Wang; Kai Lu; Zhihua Wang; Guolin Li,,2024 IEEE Asian Solid-State Circuits Conference (A-SSCC),2024,ASSCC,A,RF/mmWave & Wireline,,10.1109/a-sscc60305.2024.10848726,https://ieeexplore.ieee.org/stamp/stamp.jsp?arnumber=10848726,https://doi.org/10.1109/a-sscc60305.2024.10848726,10848726,110.8,crossref_venue_year:2024,publisher_pdf_requires_session,0
A Fully Integrated 4:1 DC-DC Converter Using Electromagnetically Coupled Class-D LC Oscillators Achieving 74.5% Peak Efficiency and 0.78W/mm² Peak Power Density,Donghyeok Cho; Taekwang Jang; SeongHwan Cho,,2024 IEEE Asian Solid-State Circuits Conference (A-SSCC),2024,ASSCC,A,Clocking & Frequency Generation,,10.1109/a-sscc60305.2024.10848577,https://ieeexplore.ieee.org/stamp/stamp.jsp?arnumber=10848577,https://doi.org/10.1109/a-sscc60305.2024.10848577,10848577,90.8,crossref_venue_year:2024,publisher_pdf_requires_session,1
A Fully-Connected Time-Modulated Phased-Array Transmitter Featuring Physical Security Directional Link and Multi-Beam PAPR Reduction,Xiangrong Huang; Haikun Jia; Wei Deng; Chuanming Zhu; Ruiyang Jiang; Xintao Li; Zhihua Wang; Baoyong Chi,,2024 IEEE Asian Solid-State Circuits Conference (A-SSCC),2024,ASSCC,A,RF/mmWave & Wireline,,10.1109/a-sscc60305.2024.10849177,https://ieeexplore.ieee.org/stamp/stamp.jsp?arnumber=10849177,https://doi.org/10.1109/a-sscc60305.2024.10849177,10849177,90.9,crossref_venue_year:2024,publisher_pdf_requires_session,3
A Hybrid Four-Switch Inductor-First Quadratic Step-Down Converter With Internal Ripple Compensated COT Control,Yufei Sun; Zhitong Chen; Qiwei Zhang; Xiaoya Fan; Yanzhao Ma,,2024 IEEE Asian Solid-State Circuits Conference (A-SSCC),2024,ASSCC,A,General IC,,10.1109/a-sscc60305.2024.10848668,https://ieeexplore.ieee.org/stamp/stamp.jsp?arnumber=10848668,https://doi.org/10.1109/a-sscc60305.2024.10848668,10848668,90.8,crossref_venue_year:2024,publisher_pdf_requires_session,0
A Hybrid-Resonance Single-Stage Dual-Output Rectifier With High Voltage Difference for Wireless Power Transfer System,Fantao Wang; Kai Cui; Zhi Li; Xiaoya Fan; Yanzhao Ma,,2024 IEEE Asian Solid-State Circuits Conference (A-SSCC),2024,ASSCC,A,General IC,,10.1109/a-sscc60305.2024.10848581,https://ieeexplore.ieee.org/stamp/stamp.jsp?arnumber=10848581,https://doi.org/10.1109/a-sscc60305.2024.10848581,10848581,90.8,crossref_venue_year:2024,publisher_pdf_requires_session,1
A Multi-Node Body-Channel-Communication System Using Adaptive Gain Control with ExG Readout ICs for Moving VR Users,Dongyoon Lee; Song-I Cheon; Hyungjoo Cho; Seonghyun Park; Jiho Chun; Haidam Choi; Gichan Yun; Yoonsang Cho; Sohmyung Ha; Minkyu Je,,2024 IEEE Asian Solid-State Circuits Conference (A-SSCC),2024,ASSCC,A,General IC,,10.1109/a-sscc60305.2024.10849111,https://ieeexplore.ieee.org/stamp/stamp.jsp?arnumber=10849111,https://doi.org/10.1109/a-sscc60305.2024.10849111,10849111,90.8,crossref_venue_year:2024,publisher_pdf_requires_session,1
A Non-contact TMR-Based Active Electrode for BCG Recording,Tao Tang; Zhong Zheng; Chen Wang; Tianzi Jiang,,2024 IEEE Asian Solid-State Circuits Conference (A-SSCC),2024,ASSCC,A,General IC,,10.1109/a-sscc60305.2024.10848748,https://ieeexplore.ieee.org/stamp/stamp.jsp?arnumber=10848748,https://doi.org/10.1109/a-sscc60305.2024.10848748,10848748,90.8,crossref_venue_year:2024,publisher_pdf_requires_session,0
A PUF-Integrated Power Amplifier with Harmonic Tunable Matching Network-Controlled Spectral Regrowth Technique for RF Fingerprinting in IoT,Zexin Su; Chang Liu; Zhe Chen; Zhiqiang Li; Guangyin Shi; Qian Luo; Jixin Chen; Wang Ling Goh; Zhengsheng Han; Bo Li,,2024 IEEE Asian Solid-State Circuits Conference (A-SSCC),2024,ASSCC,A,RF/mmWave & Wireline,,10.1109/a-sscc60305.2024.10848976,https://ieeexplore.ieee.org/stamp/stamp.jsp?arnumber=10848976,https://doi.org/10.1109/a-sscc60305.2024.10848976,10848976,100.8,crossref_venue_year:2024,publisher_pdf_requires_session,0
A Passive IoT Bidirectional Tag Demonstrating 95m Downlink through Antenna-Array-Based Power-Data-Fusion Technique,Guanjie Gu; Xin Hu; Qijing Xiao; Yuxuan Luo; Bo Zhao,,2024 IEEE Asian Solid-State Circuits Conference (A-SSCC),2024,ASSCC,A,General IC,,10.1109/a-sscc60305.2024.10849160,https://ieeexplore.ieee.org/stamp/stamp.jsp?arnumber=10849160,https://doi.org/10.1109/a-sscc60305.2024.10849160,10849160,90.8,crossref_venue_year:2024,publisher_pdf_requires_session,0
A Real-Time Event Vision Sensor based Object Detection and Tracking System for Edge Applications,Yuncheng Lu; Yucen Shi; Zehao Li; Junying Li; Tony Tae -Hyoung Kim,,2024 IEEE Asian Solid-State Circuits Conference (A-SSCC),2024,ASSCC,A,General IC,,10.1109/a-sscc60305.2024.10849082,https://ieeexplore.ieee.org/stamp/stamp.jsp?arnumber=10849082,https://doi.org/10.1109/a-sscc60305.2024.10849082,10849082,90.9,crossref_venue_year:2024,publisher_pdf_requires_session,2
A Real-Time Optical-Flow-based SLAM FPGA Accelerator with Inter-Frame Similarity Exploitation and Correlation-Guided Mixed-Precision Flow Update,Mengjie Li; Haozhe Zhu; Yiming Zhang; Siqi He; Qi Liu; Xiaoyang Zeng; Chixiao Chen,,2024 IEEE Asian Solid-State Circuits Conference (A-SSCC),2024,ASSCC,A,Digital IC & Architecture,,10.1109/a-sscc60305.2024.10848536,https://ieeexplore.ieee.org/stamp/stamp.jsp?arnumber=10848536,https://doi.org/10.1109/a-sscc60305.2024.10848536,10848536,90.8,crossref_venue_year:2024,publisher_pdf_requires_session,0
A Single-Channel 3.1GS/s 45dB SNDR Pipelined ADC using Amplify-and-Select Structure in 28nm CMOS,Jaejin Kim; Jintae Kim,,2024 IEEE Asian Solid-State Circuits Conference (A-SSCC),2024,ASSCC,A,Analog & Mixed-Signal,,10.1109/a-sscc60305.2024.10848972,https://ieeexplore.ieee.org/stamp/stamp.jsp?arnumber=10848972,https://doi.org/10.1109/a-sscc60305.2024.10848972,10848972,90.9,crossref_venue_year:2024,publisher_pdf_requires_session,3
A Single-Ended Offset-Compensating Bit-Line Sense-Amplifier with Ground Precharge and Charge Transfer Pre sensing for Sub-1V DRAM,Changyoung Lee; Youngseok Park; Hyunchul Yoon; Seryeong Yoon; Donggeon Kim; Bokyeon Won; Junhwa Song; Injae Bae; Jae-Joon Song; Kyuchang Kang; Jaehyuk Kim; Kyungrak Cho; Incheol Nam; Jungdon Ihm; Younghun Seo; Changsik Yoo; Sangjun Hwang,,2024 IEEE Asian Solid-State Circuits Conference (A-SSCC),2024,ASSCC,A,Analog & Mixed-Signal,,10.1109/a-sscc60305.2024.10848805,https://ieeexplore.ieee.org/stamp/stamp.jsp?arnumber=10848805,https://doi.org/10.1109/a-sscc60305.2024.10848805,10848805,90.8,crossref_venue_year:2024,publisher_pdf_requires_session,1
A Single/Dual-Output Switched-Capacitor DC-DC Converter with Geometrically Arranged Soft VCR Transitions,Donghee Ko; Doojin Jang; Da Won Kim; Jeongmyeong Kim; Byeongmin Moon; Wanyeong Jung,,2024 IEEE Asian Solid-State Circuits Conference (A-SSCC),2024,ASSCC,A,Power Management,,10.1109/a-sscc60305.2024.10848681,https://ieeexplore.ieee.org/stamp/stamp.jsp?arnumber=10848681,https://doi.org/10.1109/a-sscc60305.2024.10848681,10848681,90.8,crossref_venue_year:2024,publisher_pdf_requires_session,0
A TFT-Based Flexible PPG Acquisition Circuit in a 3-μm LTPS Process for Packaging-Free Smart Ring Applications,Hanbo Zhang; Yuqing Lou; Yang Bo; Zhouchen Ma; Hao Wu; Liang Qi; Yongfu Li; Xiaojun Guo; Guoxing Wang; Jian Zhao,,2024 IEEE Asian Solid-State Circuits Conference (A-SSCC),2024,ASSCC,A,Security & Reliability,,10.1109/a-sscc60305.2024.10848710,https://ieeexplore.ieee.org/stamp/stamp.jsp?arnumber=10848710,https://doi.org/10.1109/a-sscc60305.2024.10848710,10848710,90.8,crossref_venue_year:2024,publisher_pdf_requires_session,1
A Tiny 3.15–43.4-GHz 3.6-mW Divide-by-8 Ring-Based Injection-Locked Frequency Divider Using Multiphase Waveform Gating Technique,Feifan Hong; Xi Chen; Anding Zhu; Robert Bogdan Staszewski; Teerachot Siriburanon,,2024 IEEE Asian Solid-State Circuits Conference (A-SSCC),2024,ASSCC,A,General IC,,10.1109/a-sscc60305.2024.10849187,https://ieeexplore.ieee.org/stamp/stamp.jsp?arnumber=10849187,https://doi.org/10.1109/a-sscc60305.2024.10849187,10849187,90.8,crossref_venue_year:2024,publisher_pdf_requires_session,0
A Unified Microrobotic Visual-Perception Processor with 62.2-FPS/mm 2 and 103-uJ/frame Navigation in 28nm,Shuyuan Zhang; Yujin Wang; Yifan He; Yuchen Su; Huazhong Yang; Yongpan Liu; Hongyang Jia,,2024 IEEE Asian Solid-State Circuits Conference (A-SSCC),2024,ASSCC,A,Digital IC & Architecture,,10.1109/a-sscc60305.2024.10848990,https://ieeexplore.ieee.org/stamp/stamp.jsp?arnumber=10848990,https://doi.org/10.1109/a-sscc60305.2024.10848990,10848990,90.8,crossref_venue_year:2024,publisher_pdf_requires_session,1
A W-Band Scalable 1 × 4 Phased-Array Transmitter Front-End with >15/17 dBm OP 1dB /P sat in SiGe BiCMOS,Zongxiang Wang; Jixin Chen; Peigen Zhou; Ziyi Han; Yuyang Xia; Huanbo Li; Zhe Chen; Wei Hong,,2024 IEEE Asian Solid-State Circuits Conference (A-SSCC),2024,ASSCC,A,RF/mmWave & Wireline,,10.1109/a-sscc60305.2024.10848705,https://ieeexplore.ieee.org/stamp/stamp.jsp?arnumber=10848705,https://doi.org/10.1109/a-sscc60305.2024.10848705,10848705,100.9,crossref_venue_year:2024,publisher_pdf_requires_session,2
A W-band Omnidirectional FMCW Radar with 18.18dBm Pout 6.76dB NF 52dB Isolation for 4.7cm Resolution and 10m Detection Distance,Liang Zhang; Yunbo Rao; Kun Huang; Xu Cheng; Jiangan Han; Xianhu Luo; Fengjun Chen; Renai Chen; Jun Jiang; Jianfei An; Binbin Cheng; Xianjin Deng; Hao Gao,,2024 IEEE Asian Solid-State Circuits Conference (A-SSCC),2024,ASSCC,A,General IC,,10.1109/a-sscc60305.2024.10849349,https://ieeexplore.ieee.org/stamp/stamp.jsp?arnumber=10849349,https://doi.org/10.1109/a-sscc60305.2024.10849349,10849349,90.8,crossref_venue_year:2024,publisher_pdf_requires_session,0
A Wide Current Range and Fast Transient Flipped Voltage Follower Based Low Dropout Regulator,Chunlei Qin; Wing-Hung Ki; Man-Kay Law,,2024 IEEE Asian Solid-State Circuits Conference (A-SSCC),2024,ASSCC,A,Power Management,,10.1109/a-sscc60305.2024.10848879,https://ieeexplore.ieee.org/stamp/stamp.jsp?arnumber=10848879,https://doi.org/10.1109/a-sscc60305.2024.10848879,10848879,90.9,crossref_venue_year:2024,publisher_pdf_requires_session,3
A Wireless Battery-Free Cerebral-Oxygen-Monitoring Micro-System Featuring 0.028% Sensing Resolution,Weixiao Wang; Boyu Zhu; Yangfan Xuan; Yili Shen; Qijing Xiao; Zhiyu Wang; Yuxuan Luo; Gang Pan; Bin Su; Bo Zhao,,2024 IEEE Asian Solid-State Circuits Conference (A-SSCC),2024,ASSCC,A,General IC,,10.1109/a-sscc60305.2024.10848595,https://ieeexplore.ieee.org/stamp/stamp.jsp?arnumber=10848595,https://doi.org/10.1109/a-sscc60305.2024.10848595,10848595,90.8,crossref_venue_year:2024,publisher_pdf_requires_session,0
A cryogenic pulse shaper for spin qubit control utilizing 1ns-time-resolution ADCs on an active silicon interposer operating at sub-100 mK temperatures,Ryozo Takahashi; Yusuke Kanno; Takuji Miki; Nobuhiro Kusuno; Hiroyuki Mizuno; Makoto Nagata,,2024 IEEE Asian Solid-State Circuits Conference (A-SSCC),2024,ASSCC,A,Analog & Mixed-Signal,,10.1109/a-sscc60305.2024.10848719,https://ieeexplore.ieee.org/stamp/stamp.jsp?arnumber=10848719,https://doi.org/10.1109/a-sscc60305.2024.10848719,10848719,90.9,crossref_venue_year:2024,publisher_pdf_requires_session,2
A nMOS-Only Pulse-Width Modulation CMOS Imager with Body Effect Mitigation Using Differential Comparison Technique,Yu-Tang Shen; John Carl Joel Salao Marquez; Chih-Cheng Hsieh,,2024 IEEE Asian Solid-State Circuits Conference (A-SSCC),2024,ASSCC,A,General IC,,10.1109/a-sscc60305.2024.10849148,https://ieeexplore.ieee.org/stamp/stamp.jsp?arnumber=10849148,https://doi.org/10.1109/a-sscc60305.2024.10849148,10849148,100.8,crossref_venue_year:2024,publisher_pdf_requires_session,0
A reduced complexity MLSD-based adaptive Duo-PAM4 detector in 28-nm CMOS for 56-Gb/s wireline receiver,Chaolong Xu; Fangxu Lv; Mingche Lai; Zhang Luo; Xingyun Qi; Jiaqing Xu; Qiang Wang; Liquan Xiao; Cewen Liu; Hua Xu,,2024 IEEE Asian Solid-State Circuits Conference (A-SSCC),2024,ASSCC,A,RF/mmWave & Wireline,,10.1109/a-sscc60305.2024.10849154,https://ieeexplore.ieee.org/stamp/stamp.jsp?arnumber=10849154,https://doi.org/10.1109/a-sscc60305.2024.10849154,10849154,100.8,crossref_venue_year:2024,publisher_pdf_requires_session,1
A –51dBc-Reference-Spur and 66fs rms -Jitter D-Band PLL with Complementary Power-Gating Injection-Locked Frequency-Multiplier-Based Phase Detector,Jaeho Kim; Jooeun Bang; Seohee Jung; Myeongho Han; Jaehyouk Choi,,2024 IEEE Asian Solid-State Circuits Conference (A-SSCC),2024,ASSCC,A,Clocking & Frequency Generation,,10.1109/a-sscc60305.2024.10849317,https://ieeexplore.ieee.org/stamp/stamp.jsp?arnumber=10849317,https://doi.org/10.1109/a-sscc60305.2024.10849317,10849317,100.8,crossref_venue_year:2024,publisher_pdf_requires_session,1
ANVMP: A 28nm 52.6 μW 1.25pJ/SOP Asynchronous Non- Volatile-Memory-based Computing-In-Memory Neuromorphic Processor for Edge-Al Applications,Jilin Zhang; Qiumeng Wei; Dexuan Huo; Tao Li; Bin Gao; He Qian; Huaqiang Wu; Kea-Tiong Tang; Hong Chen,,2024 IEEE Asian Solid-State Circuits Conference (A-SSCC),2024,ASSCC,A,Memory & Compute-in-Memory,,10.1109/a-sscc60305.2024.10848953,https://ieeexplore.ieee.org/stamp/stamp.jsp?arnumber=10848953,https://doi.org/10.1109/a-sscc60305.2024.10848953,10848953,110.8,crossref_venue_year:2024,publisher_pdf_requires_session,0
An 8-bit 20.2fJ/conv-step FoM CI-C Asynchronous SAR ADC with Common-mode Level Shifting,Seungjun Song; Kyungmin Lee; Hyungil Chae,,2024 IEEE Asian Solid-State Circuits Conference (A-SSCC),2024,ASSCC,A,Analog & Mixed-Signal,,10.1109/a-sscc60305.2024.10848566,https://ieeexplore.ieee.org/stamp/stamp.jsp?arnumber=10848566,https://doi.org/10.1109/a-sscc60305.2024.10848566,10848566,101,crossref_venue_year:2024,publisher_pdf_requires_session,4
An 8.1-to-353 TOPS/W Energy-Aware Deep-Learning Accelerator Supporting Dynamic Neural Networks,Ting-Yang Chen; Yi-Lin Lo; Tun-Yu Chang; Chia-Hsiang Yang,,2024 IEEE Asian Solid-State Circuits Conference (A-SSCC),2024,ASSCC,A,Digital IC & Architecture,,10.1109/a-sscc60305.2024.10849097,https://ieeexplore.ieee.org/stamp/stamp.jsp?arnumber=10849097,https://doi.org/10.1109/a-sscc60305.2024.10849097,10849097,90.8,crossref_venue_year:2024,publisher_pdf_requires_session,0
"An All-digital, 3.68 mV/LSB Voltage Sensor based Droop Prediction and Fast Mitigation System in 28nm CMOS",Yuxuan Du; Kaize Zhou; Zhuo Chen; Lishuo Deng; Tuo Li; Yan Lu; Weiwei Shan,,2024 IEEE Asian Solid-State Circuits Conference (A-SSCC),2024,ASSCC,A,General IC,,10.1109/a-sscc60305.2024.10848677,https://ieeexplore.ieee.org/stamp/stamp.jsp?arnumber=10848677,https://doi.org/10.1109/a-sscc60305.2024.10848677,10848677,100.8,crossref_venue_year:2024,publisher_pdf_requires_session,0
An Area-Efficient PVT-Dependent Adaptive Assist Termination Technique with SNM Detector for High Density SRAM,Shunya Nagata; Daiki Kitagata; Kouji Satou; Daisuke Nakamura; Koji Tanaka; Miki Tanaka; Haruyuki Okuda; Kenichiro Takiguchi,,2024 IEEE Asian Solid-State Circuits Conference (A-SSCC),2024,ASSCC,A,Memory & Compute-in-Memory,,10.1109/a-sscc60305.2024.10849170,https://ieeexplore.ieee.org/stamp/stamp.jsp?arnumber=10849170,https://doi.org/10.1109/a-sscc60305.2024.10849170,10849170,90.8,crossref_venue_year:2024,publisher_pdf_requires_session,0
An Energy-Efficient Composite Phase Shift 16-QAM Frequency Multiplying TX Achieving a 3.4% EVM in 65nm CMOS,Kaiyuan Luo; Wending Ding; Chung-Ching Lin; Huan Hu,,2024 IEEE Asian Solid-State Circuits Conference (A-SSCC),2024,ASSCC,A,General IC,,10.1109/a-sscc60305.2024.10849162,https://ieeexplore.ieee.org/stamp/stamp.jsp?arnumber=10849162,https://doi.org/10.1109/a-sscc60305.2024.10849162,10849162,100.8,crossref_venue_year:2024,publisher_pdf_requires_session,1
Compact Hybrid Strong SOIPUF Exploiting Secret Key Generation and Dual-Edge Response Extraction for Enhanced Modeling Attack Resistance,Litao Zhang; Chongyao Xu; Man Kay Law,,2024 IEEE Asian Solid-State Circuits Conference (A-SSCC),2024,ASSCC,A,Security & Reliability,,10.1109/a-sscc60305.2024.10849227,https://ieeexplore.ieee.org/stamp/stamp.jsp?arnumber=10849227,https://doi.org/10.1109/a-sscc60305.2024.10849227,10849227,90.8,crossref_venue_year:2024,publisher_pdf_requires_session,1
DPe-CIM: A 4T1C Dual-Port eDRAM Compute-in-Memory for Simultaneous Computing and Refresh with Adaptive Refresh and Data Conversion Reduction Scheme,Dohan Kim; Minyoung Jo; Gi-Seok Kim; Dong-Gyun Ha; Ung-Bin Oh; Seong-Ook Jung,,2024 IEEE Asian Solid-State Circuits Conference (A-SSCC),2024,ASSCC,A,Memory & Compute-in-Memory,,10.1109/a-sscc60305.2024.10848601,https://ieeexplore.ieee.org/stamp/stamp.jsp?arnumber=10848601,https://doi.org/10.1109/a-sscc60305.2024.10848601,10848601,120.9,crossref_venue_year:2024,publisher_pdf_requires_session,2
Development and Applications of a Memory-Traffic-Efficient Convolutional Neural Network,Youn-Long Lin,,2024 IEEE Asian Solid-State Circuits Conference (A-SSCC),2024,ASSCC,A,Memory & Compute-in-Memory,,10.1109/a-sscc60305.2024.10848696,https://ieeexplore.ieee.org/stamp/stamp.jsp?arnumber=10848696,https://doi.org/10.1109/a-sscc60305.2024.10848696,10848696,90.8,crossref_venue_year:2024,publisher_pdf_requires_session,0
EnTADRL: Deep Reinforcement Learning System-on-Chip for End-to-End Training Acceleration,Jingu Lee; Sanghyuk An; Jongjun Park; Jiwon Choi; Haoyang Sang; Sangwoo Ha; Sangjin Kim; Hoi-Jun Yoo,,2024 IEEE Asian Solid-State Circuits Conference (A-SSCC),2024,ASSCC,A,General IC,,10.1109/a-sscc60305.2024.10848728,https://ieeexplore.ieee.org/stamp/stamp.jsp?arnumber=10848728,https://doi.org/10.1109/a-sscc60305.2024.10848728,10848728,110.8,crossref_venue_year:2024,publisher_pdf_requires_session,0
KDA: Kyber and Dilithium Accelerator for CRYSTALS Suite of Post-Quantum Cryptography in Hybrid Multipath Delay Commutator Pipelined Architecture,Aobo Li’; Zehao Li; Jingyang Tang; Yuncheng Lu,,2024 IEEE Asian Solid-State Circuits Conference (A-SSCC),2024,ASSCC,A,Digital IC & Architecture,,10.1109/a-sscc60305.2024.10848993,https://ieeexplore.ieee.org/stamp/stamp.jsp?arnumber=10848993,https://doi.org/10.1109/a-sscc60305.2024.10848993,10848993,90.9,crossref_venue_year:2024,publisher_pdf_requires_session,2
LPNA: A 2.75 ms Low-Latency and 0.40 uJ/point Energy-Efficient LiDAR Point-Cloud Neural Network Accelerator with Cylindrical Bin Partitioning,Bokyoung Seo; Jueun Jung; Donghyeon Han; Kyuho Jason Lee,,2024 IEEE Asian Solid-State Circuits Conference (A-SSCC),2024,ASSCC,A,Digital IC & Architecture,,10.1109/a-sscc60305.2024.10849179,https://ieeexplore.ieee.org/stamp/stamp.jsp?arnumber=10849179,https://doi.org/10.1109/a-sscc60305.2024.10849179,10849179,90.8,crossref_venue_year:2024,publisher_pdf_requires_session,0
PRIM-CAEFA: A 64K-spin Packet-based Reconfigurable Ising Machine with Cross-problem Adjustment-free Energy Feedback Annealing,Yingna Huang; Chne-Wuen Tsai; Jiaer Chen; Zhongqi Li; Longyang Lin; Jiamin Li; Jerald Yoo,,2024 IEEE Asian Solid-State Circuits Conference (A-SSCC),2024,ASSCC,A,General IC,,10.1109/a-sscc60305.2024.10849084,https://ieeexplore.ieee.org/stamp/stamp.jsp?arnumber=10849084,https://doi.org/10.1109/a-sscc60305.2024.10849084,10849084,90.8,crossref_venue_year:2024,publisher_pdf_requires_session,0
RMMIC: A 40 μW Reconfigurable Multi-modal Multi-channel Interface Circuit System for Bio-signals Monitoring,Ting Zhou; Jiajie Huang; Chao Wang; Yuzhi Hao; Yuxin Ji; Zhiwen Gu; Zhuo Gao; Feng Yang; Yuhang Zhang; Yang Zhao; Jian Zhao; Yan Liu; Mingyi Chen; Guoxing Wang; Yong Lian; Yongfu Li,,2024 IEEE Asian Solid-State Circuits Conference (A-SSCC),2024,ASSCC,A,RF/mmWave & Wireline,,10.1109/a-sscc60305.2024.10849021,https://ieeexplore.ieee.org/stamp/stamp.jsp?arnumber=10849021,https://doi.org/10.1109/a-sscc60305.2024.10849021,10849021,90.9,crossref_venue_year:2024,publisher_pdf_requires_session,2
"ROC-Spin: A 28nm 2,000 Ring-Oscillator-Collapse Spins for Solving Combinatorial Optimization Problems",Yuqi Su; Anh Tuan Do; Tony Tae-Hyoung Kim; Bongjin Kim,,2024 IEEE Asian Solid-State Circuits Conference (A-SSCC),2024,ASSCC,A,Clocking & Frequency Generation,,10.1109/a-sscc60305.2024.10848963,https://ieeexplore.ieee.org/stamp/stamp.jsp?arnumber=10848963,https://doi.org/10.1109/a-sscc60305.2024.10848963,10848963,90.8,crossref_venue_year:2024,publisher_pdf_requires_session,0
SRAM Physically Unclonable Function Extracting Static Entropy from Every Bitcell Transistor for 6 bit/bitcell and Data Fingerprinting Capability for Provenance Assurance,Tianqi Wang; Joydeep Basu; Viveka Konandur Rajanna; Massimo Alioto,,2024 IEEE Asian Solid-State Circuits Conference (A-SSCC),2024,ASSCC,A,Memory & Compute-in-Memory,,10.1109/a-sscc60305.2024.10848665,https://ieeexplore.ieee.org/stamp/stamp.jsp?arnumber=10848665,https://doi.org/10.1109/a-sscc60305.2024.10848665,10848665,90.9,crossref_venue_year:2024,publisher_pdf_requires_session,2
Similarity-Aware Transposable SRAM Computation-In-Memory with Pulse-Based SAR ADC,Yong-Jun Jo; Chufeng Yang; Yuanjin Zheng; Tony Tae -Hyoung Kim,,2024 IEEE Asian Solid-State Circuits Conference (A-SSCC),2024,ASSCC,A,Memory & Compute-in-Memory,,10.1109/a-sscc60305.2024.10849128,https://ieeexplore.ieee.org/stamp/stamp.jsp?arnumber=10849128,https://doi.org/10.1109/a-sscc60305.2024.10849128,10849128,110.8,crossref_venue_year:2024,publisher_pdf_requires_session,0
TID-Tolerant StrongARM Comparator and Sampling Network for Satellite Application High-Voltage ADCs,Charlie Tahar; Changyeop Lee; Kun-Woo Park; Kent Edrian Lozada; Hyojun Kim; Ki-Ho Kwon; Seung-Tak Ryu,,2024 IEEE Asian Solid-State Circuits Conference (A-SSCC),2024,ASSCC,A,Analog & Mixed-Signal,,10.1109/a-sscc60305.2024.10848829,https://ieeexplore.ieee.org/stamp/stamp.jsp?arnumber=10848829,https://doi.org/10.1109/a-sscc60305.2024.10848829,10848829,100.8,crossref_venue_year:2024,publisher_pdf_requires_session,1
Where do Innovations stem from?: Further Innovations Beyond Silicon Technology,Yun-Tae Lee,,2024 IEEE Asian Solid-State Circuits Conference (A-SSCC),2024,ASSCC,A,General IC,,10.1109/a-sscc60305.2024.10849239,https://ieeexplore.ieee.org/stamp/stamp.jsp?arnumber=10849239,https://doi.org/10.1109/a-sscc60305.2024.10849239,10849239,100.8,crossref_venue_year:2024,publisher_pdf_requires_session,0
WhiteDwarf: 12.24 TFLOPS/W 40 nm Versatile Neural Inference Engine for Ultra-Compact Execution of CNNs and MLPs Through Triple Unstructured Sparsity Exploitation and Triple Model Compression,Yasuyuki Okoshi; Ángel López García-Arias; Jaehoon Yu; Junnnosuke Suzuki; Hikari Otsuka; Thiem Van Chu; Kazushi Kawamura; Daichi Fujiki; Masato Motomura,,2024 IEEE Asian Solid-State Circuits Conference (A-SSCC),2024,ASSCC,A,RF/mmWave & Wireline,,10.1109/a-sscc60305.2024.10849314,https://ieeexplore.ieee.org/stamp/stamp.jsp?arnumber=10849314,https://doi.org/10.1109/a-sscc60305.2024.10849314,10849314,90.8,crossref_venue_year:2024,publisher_pdf_requires_session,0
0.14% Duty Cycled 930-nW -93-dBm Sensitivity Sub-Sampling OOK/FSK WuRX with Novel LNA and Pulse-Driven MEMS Oscillator,Zhenbo He; Ying Zhang; Yao Zhu; Chun-Huat Heng,,2025 IEEE Asian Solid-State Circuits Conference (A-SSCC),2025,ASSCC,A,Clocking & Frequency Generation,,10.1109/a-sscc67472.2025.11349477,https://ieeexplore.ieee.org/stamp/stamp.jsp?arnumber=11349477,https://doi.org/10.1109/a-sscc67472.2025.11349477,11349477,91.2,crossref_venue_year:2025,publisher_pdf_requires_session,0
22-nm Ultra-High-Speed Area-Efficient ECC using 5T Dynamic XOR/XNOR Gates for High-Performance SRAM Applications,Daiki Kitagata; Kenichiro Takiguchi; Shunya Nagata; Kouji Satou; Daisuke Nakamura; Miki Tanaka; Haruyuki Okuda,,2025 IEEE Asian Solid-State Circuits Conference (A-SSCC),2025,ASSCC,A,RF/mmWave & Wireline,,10.1109/a-sscc67472.2025.11349594,https://ieeexplore.ieee.org/stamp/stamp.jsp?arnumber=11349594,https://doi.org/10.1109/a-sscc67472.2025.11349594,11349594,91.2,crossref_venue_year:2025,publisher_pdf_requires_session,0
802.11b/g Backscattered Transmitter Enabling OFDM and Highly-Scalable 1-18 Mbps Datarate and 0.34-3.67 pJ/bit Energy,Ruiyuan Yang; Karim Ali; Hong Hanh Hoang; Massimo Alioto,,2025 IEEE Asian Solid-State Circuits Conference (A-SSCC),2025,ASSCC,A,RF/mmWave & Wireline,,10.1109/a-sscc67472.2025.11349454,https://ieeexplore.ieee.org/stamp/stamp.jsp?arnumber=11349454,https://doi.org/10.1109/a-sscc67472.2025.11349454,11349454,91.2,crossref_venue_year:2025,publisher_pdf_requires_session,0
A - 247.4dB Jitter-FoM Ring-VCO-based SSPLL with Discrete-Time Phase Noise Cancellation and Adaptive Gain Mismatch Adjustment,Zhen Li; Mingxuan Zheng; Fan Yang; Xing Quan; Yongqian Du; Xiaodong Zhao; Yuanyuan Cui; Xunying Zhang,,2025 IEEE Asian Solid-State Circuits Conference (A-SSCC),2025,ASSCC,A,Clocking & Frequency Generation,,10.1109/a-sscc67472.2025.11349583,https://ieeexplore.ieee.org/stamp/stamp.jsp?arnumber=11349583,https://doi.org/10.1109/a-sscc67472.2025.11349583,11349583,111.2,crossref_venue_year:2025,publisher_pdf_requires_session,0
A 0.014mm 2 Phase-Detector-less Ring-Oscillator-based Multiplying Delay-Locked Loop with 8.8fS RMS -Jitter and -250.2dB FoM J,Yueduo Liu; Rongxin Bao; Xinyu Yang; Zihao Zhu; Zhenyu Tan; Wubo Qin; Hongshuai Zhang; Xiangyu Mao; Jiaxin Liu; Zheng Wang; Jun Yin; Pui-In Mak; Shiheng Yang,,2025 IEEE Asian Solid-State Circuits Conference (A-SSCC),2025,ASSCC,A,Clocking & Frequency Generation,,10.1109/a-sscc67472.2025.11349632,https://ieeexplore.ieee.org/stamp/stamp.jsp?arnumber=11349632,https://doi.org/10.1109/a-sscc67472.2025.11349632,11349632,101.2,crossref_venue_year:2025,publisher_pdf_requires_session,0
A 0.06 mm 2 / ch 6.4 μ W 38.3-dB Multi-Modal Switched Capacitor Amplifier with Embedded Cyclic Slope-Based Charge to Time Data Conversion,Chao Wang; Ting Zhou; Jiajie Huang; Wangzilu Lu; Yuxin Ji; Feng Yang; Jinghua Zhang; Yang Zhao; Yong Lian; Yongfu Li,,2025 IEEE Asian Solid-State Circuits Conference (A-SSCC),2025,ASSCC,A,Analog & Mixed-Signal,,10.1109/a-sscc67472.2025.11349651,https://ieeexplore.ieee.org/stamp/stamp.jsp?arnumber=11349651,https://doi.org/10.1109/a-sscc67472.2025.11349651,11349651,91.2,crossref_venue_year:2025,publisher_pdf_requires_session,0
A 0.07μJ/pixel 4K 30fps Video AI Inference Accelerator with Video Transmission Functionality for Real-Time Edge Devices,Yuya Omori; Daisuke Kobayashi; Hiroyuki Uzawa; Shuhei Yoshida; Yusuke Horishita; Saki Hatta; Yuko Iinuma; Tomoki Onoe; Koyo Nitta; Ken Nakamura,,2025 IEEE Asian Solid-State Circuits Conference (A-SSCC),2025,ASSCC,A,Digital IC & Architecture,,10.1109/a-sscc67472.2025.11349459,https://ieeexplore.ieee.org/stamp/stamp.jsp?arnumber=11349459,https://doi.org/10.1109/a-sscc67472.2025.11349459,11349459,91.2,crossref_venue_year:2025,publisher_pdf_requires_session,1
A 0.081-pJ/bit/dB 17-Gb/s/Pin Transmitter for Low-Power Memory Interfaces with Charge Pump-Aided Sub PreEmphasis Coping with Worst-Case Patterns,Jongchan Lee; Yong-Gyu Yu; Joo-Hyung Chae,,2025 IEEE Asian Solid-State Circuits Conference (A-SSCC),2025,ASSCC,A,RF/mmWave & Wireline,,10.1109/a-sscc67472.2025.11349383,https://ieeexplore.ieee.org/stamp/stamp.jsp?arnumber=11349383,https://doi.org/10.1109/a-sscc67472.2025.11349383,11349383,101.2,crossref_venue_year:2025,publisher_pdf_requires_session,1
A 0.19 -PEF 0.5 kHz -to- 50 kHz Bandwidth/Power Scalable Dynamic Input-Boosted Amplifier,Yihang Cheng; Yihan Zhang; Huaqiang Wu; Sining Pan,,2025 IEEE Asian Solid-State Circuits Conference (A-SSCC),2025,ASSCC,A,Analog & Mixed-Signal,,10.1109/a-sscc67472.2025.11349621,https://ieeexplore.ieee.org/stamp/stamp.jsp?arnumber=11349621,https://doi.org/10.1109/a-sscc67472.2025.11349621,11349621,91.2,crossref_venue_year:2025,publisher_pdf_requires_session,1
A 0.93 p s-ToF-Resolution 14.6mW NIRS IC with Signal-Aware Optical Frontend and Rotational Modulation Data Converter for Psychiatric Disorders Diagnostics,Yuxiang Lin; Zhouchen Ma; Zhipeng Guo; Zisheng Dai; Cheng Chen; Yongfu Li; Kea-Tiong Tang; Tianhong Zhang; Guoxing Wang; Jian Zhao,,2025 IEEE Asian Solid-State Circuits Conference (A-SSCC),2025,ASSCC,A,General IC,,10.1109/a-sscc67472.2025.11349483,https://ieeexplore.ieee.org/stamp/stamp.jsp?arnumber=11349483,https://doi.org/10.1109/a-sscc67472.2025.11349483,11349483,91.2,crossref_venue_year:2025,publisher_pdf_requires_session,0
A 1. 7- 3. 4 GHz Foreground-Self-Calibration Quadrature Digital Power Amplifier Supporting 1024QAM,Feng Xie; Yun Yin; Chunxiao Hu; Zimu Li; Jiaxiang Li; Hongtao Xu; C. -J. Richard Shi,,2025 IEEE Asian Solid-State Circuits Conference (A-SSCC),2025,ASSCC,A,Analog & Mixed-Signal,,10.1109/a-sscc67472.2025.11349630,https://ieeexplore.ieee.org/stamp/stamp.jsp?arnumber=11349630,https://doi.org/10.1109/a-sscc67472.2025.11349630,11349630,91.2,crossref_venue_year:2025,publisher_pdf_requires_session,0
A 1.2-MHz Bandwidth Multipath CMOS Hall Sensor with 1.4 % Sensitivity Variation and Aging Drift Compensation,Tianxiang Qu; Xuecheng Yang; Wenhui Qin; Yun Sheng; Zhiliang Hong; Xiaoyang Zeng; Jiawei Xu,,2025 IEEE Asian Solid-State Circuits Conference (A-SSCC),2025,ASSCC,A,Security & Reliability,,10.1109/a-sscc67472.2025.11349528,https://ieeexplore.ieee.org/stamp/stamp.jsp?arnumber=11349528,https://doi.org/10.1109/a-sscc67472.2025.11349528,11349528,91.2,crossref_venue_year:2025,publisher_pdf_requires_session,0
A 10.6-to-12.6 GHz Type-III Digital PLL with Overlap Snapshot DPD Achieving 0.0027% RMS Frequency Error Under 1ms Chirp Period and 1.47 GHz Chirp Bandwidth For Long-range FMCW Radar Detection,Jiahui Liao; Wei Deng; Angxiao Yan; Haikun Jia; Yumeng Yang; Baoyong Chi,,2025 IEEE Asian Solid-State Circuits Conference (A-SSCC),2025,ASSCC,A,Clocking & Frequency Generation,,10.1109/a-sscc67472.2025.11349536,https://ieeexplore.ieee.org/stamp/stamp.jsp?arnumber=11349536,https://doi.org/10.1109/a-sscc67472.2025.11349536,11349536,91.2,crossref_venue_year:2025,publisher_pdf_requires_session,0
A 100kHz-BW 105.3dB-SFDR Intrinsically Linear MASH SAR ADC with MSA Enhancement and Incremental Correlated Level Shifting,Yanbo Zhang; Guolong Fu; Yuzhou Xiong; Xianghui Zhang; Yuke Shen; Zhang Ming Zhu,,2025 IEEE Asian Solid-State Circuits Conference (A-SSCC),2025,ASSCC,A,Analog & Mixed-Signal,,10.1109/a-sscc67472.2025.11349495,https://ieeexplore.ieee.org/stamp/stamp.jsp?arnumber=11349495,https://doi.org/10.1109/a-sscc67472.2025.11349495,11349495,101.2,crossref_venue_year:2025,publisher_pdf_requires_session,0
A 100kHz-BW 95.3dB-DR SMASH CTDSM with RC Variation Robustness achieving +5.8dBFS MSA,Junqi Liu; Zhaonan Lu; Liang Qi; Menglian Zhao; Zhichao Tan,,2025 IEEE Asian Solid-State Circuits Conference (A-SSCC),2025,ASSCC,A,General IC,,10.1109/a-sscc67472.2025.11349481,https://ieeexplore.ieee.org/stamp/stamp.jsp?arnumber=11349481,https://doi.org/10.1109/a-sscc67472.2025.11349481,11349481,91.2,crossref_venue_year:2025,publisher_pdf_requires_session,0
A 102.5-Hz Real-Time FPGA Robot-Action-Planning Accelerator with Velocity-Estimation-Driven Behavior Prediction for Embodied Artificial Intelligence,Yujie Ma; Siqi He; Sinong Gong; Linqi Li; Mengjie Li; Xiankui Xiong; Chengchen Wang; Haidong Tian; Qi Liu; Xiaoyang Zeng; Chixiao Chen; Haozhe Zhu,,2025 IEEE Asian Solid-State Circuits Conference (A-SSCC),2025,ASSCC,A,Digital IC & Architecture,,10.1109/a-sscc67472.2025.11349515,https://ieeexplore.ieee.org/stamp/stamp.jsp?arnumber=11349515,https://doi.org/10.1109/a-sscc67472.2025.11349515,11349515,91.2,crossref_venue_year:2025,publisher_pdf_requires_session,0
A 1024-Channel VCO-Based CTDSM Neural Readout IC with Slot-Level Channel Replacement,Hyeok-Ki Hong; Joonseong Kang; Byungsu Jung; Nahmil Koo; Seong-Joong Kim; Hankyu Lee; Dong-Jin Chang; Mikyung Kim; Junyeub Suh; Jonghan Kim; Takhyung Lee; Anes Ju; Jaechun Lee; Chang-Woo Shin; Kitae Park; Chisung Bae,,2025 IEEE Asian Solid-State Circuits Conference (A-SSCC),2025,ASSCC,A,Clocking & Frequency Generation,,10.1109/a-sscc67472.2025.11349417,https://ieeexplore.ieee.org/stamp/stamp.jsp?arnumber=11349417,https://doi.org/10.1109/a-sscc67472.2025.11349417,11349417,91.2,crossref_venue_year:2025,publisher_pdf_requires_session,0
A 108Gb/s PAM-8 CTLE+FFE Receiver Frontend with 1.4Vppd Input Range in 28nm,Sangwan Lee; Hanhee Jo; Heedo Jeong; Hwanseok Jung; Jaeduk Han,,2025 IEEE Asian Solid-State Circuits Conference (A-SSCC),2025,ASSCC,A,RF/mmWave & Wireline,,10.1109/a-sscc67472.2025.11349402,https://ieeexplore.ieee.org/stamp/stamp.jsp?arnumber=11349402,https://doi.org/10.1109/a-sscc67472.2025.11349402,11349402,91.2,crossref_venue_year:2025,publisher_pdf_requires_session,0
A 112 Gb /s PAM4 Receiver with Post-1-Tap IIR Equalizer and 3-Tap Direct DFE Achieving 28.4 dB Channel Loss Compensation in 28nm CMOS,Renjie Tang; Ka’Nan Wang; Chenyao Cao; Shangjie Wei; Huanfa Sun; Yu Su; Xiaoyan Gui,,2025 IEEE Asian Solid-State Circuits Conference (A-SSCC),2025,ASSCC,A,RF/mmWave & Wireline,,10.1109/a-sscc67472.2025.11349502,https://ieeexplore.ieee.org/stamp/stamp.jsp?arnumber=11349502,https://doi.org/10.1109/a-sscc67472.2025.11349502,11349502,101.2,crossref_venue_year:2025,publisher_pdf_requires_session,0
A 118.89 Tb/s/mm/pJbit 18-Gb/s/wire Run-LengthTolerant Transition-Driven AC-Coupled Transceiver for Short-Reach Die-to-Die Interfaces,Jun-Cheol Lee; Joo-Hyung Chae,,2025 IEEE Asian Solid-State Circuits Conference (A-SSCC),2025,ASSCC,A,RF/mmWave & Wireline,,10.1109/a-sscc67472.2025.11349438,https://ieeexplore.ieee.org/stamp/stamp.jsp?arnumber=11349438,https://doi.org/10.1109/a-sscc67472.2025.11349438,11349438,101.2,crossref_venue_year:2025,publisher_pdf_requires_session,0
A 12-Channel Multi-Electrode Temporal Interference Stimulation (Multi-TIS) Driver IC with High-Voltage Amplifier and Mismatch Calibration Technique,Hye-Seon Choi; So-Hyun Lee; Myeong-Cheol Hyun; Jae-Ha Lee; Ji-Sun Lee; Myeong-Jun Kim; Kyunghyun Jo; Seongjun Park; Jong-Seok Kim,,2025 IEEE Asian Solid-State Circuits Conference (A-SSCC),2025,ASSCC,A,Analog & Mixed-Signal,,10.1109/a-sscc67472.2025.11349511,https://ieeexplore.ieee.org/stamp/stamp.jsp?arnumber=11349511,https://doi.org/10.1109/a-sscc67472.2025.11349511,11349511,91.2,crossref_venue_year:2025,publisher_pdf_requires_session,1
A 12-Gb/s Source-Synchronous Single-Ended PAM-4 Transceiver with Background Adaptive Crosstalk Equalizer,DongArm Shin; Kuy Youn Chung; Sihoon Yang; SeongHwan Cho,,2025 IEEE Asian Solid-State Circuits Conference (A-SSCC),2025,ASSCC,A,RF/mmWave & Wireline,,10.1109/a-sscc67472.2025.11349600,https://ieeexplore.ieee.org/stamp/stamp.jsp?arnumber=11349600,https://doi.org/10.1109/a-sscc67472.2025.11349600,11349600,111.2,crossref_venue_year:2025,publisher_pdf_requires_session,1
A 128 × 128 Dual-Resolution CMOS Image Sensor with InSensor Temporal and Spatial Gradient Calculations for Optical Flow Pre-Processing,Liang-Yu Huang; John Carl Joel Salao Marquez; Guan-Chen g Chen; Chung-Chuan Lo; Ren-Shuo Liu; Min Sun; Meng-Fan Chang; Kea-Tiong Tang; Chih-Cheng Hsieh,,2025 IEEE Asian Solid-State Circuits Conference (A-SSCC),2025,ASSCC,A,"Biomedical, Sensor & Imaging IC",,10.1109/a-sscc67472.2025.11349365,https://ieeexplore.ieee.org/stamp/stamp.jsp?arnumber=11349365,https://doi.org/10.1109/a-sscc67472.2025.11349365,11349365,101.2,crossref_venue_year:2025,publisher_pdf_requires_session,0
A 16-32GHz 82-fsrms Fractional-N Sampling PLL with Dual-Core Quad-Mode VCO in 28-nm CMOS,Ruichang Ma; Huanyu Ge; Dejian Li; Haikun Jia; Wei Deng; Hongzhuo Liu; Zhihua Wang; Baoyong Chi,,2025 IEEE Asian Solid-State Circuits Conference (A-SSCC),2025,ASSCC,A,Clocking & Frequency Generation,,10.1109/a-sscc67472.2025.11349362,https://ieeexplore.ieee.org/stamp/stamp.jsp?arnumber=11349362,https://doi.org/10.1109/a-sscc67472.2025.11349362,11349362,101.2,crossref_venue_year:2025,publisher_pdf_requires_session,0
A 160kHz-BW 96.7dB-SNDR Two-Step 2-1 MASH Hybrid Incremental ΔΣ ADC with Automatic Inter-Stage Gain Selection,Kwan-Hoon Song; Young-Hun Moon; Kun-Woo Park; Kent Edrian Lozada; Seung-Tak Ryu,,2025 IEEE Asian Solid-State Circuits Conference (A-SSCC),2025,ASSCC,A,Analog & Mixed-Signal,,10.1109/a-sscc67472.2025.11349390,https://ieeexplore.ieee.org/stamp/stamp.jsp?arnumber=11349390,https://doi.org/10.1109/a-sscc67472.2025.11349390,11349390,91.2,crossref_venue_year:2025,publisher_pdf_requires_session,1
A 2.16 μ W Chopper Amplifier with a Feedforward SAR ADC Assisted Mixed-Signal DC-Servo Loop Achieving ±1V DC Offset Cancellation in 2.1s and 1V pp CM Interference Tolerance for Neural Signal Acquisition,Bo Huang; Yun Hao; Jie Zhang; Ruitao Wang; Hong Zhang,,2025 IEEE Asian Solid-State Circuits Conference (A-SSCC),2025,ASSCC,A,Analog & Mixed-Signal,,10.1109/a-sscc67472.2025.11349552,https://ieeexplore.ieee.org/stamp/stamp.jsp?arnumber=11349552,https://doi.org/10.1109/a-sscc67472.2025.11349552,11349552,111.2,crossref_venue_year:2025,publisher_pdf_requires_session,0
A 2.39 nJ/conversion BJT-Based Pulse-Frequency Modulated-Output Temperature Sensor with a SelfInferred Calibration Technique,Jeongho Choi; Joongyu Kim; Minjae Kim; Byeongwoo Yoo; Minsung Kim; Gunwook Park; Daehong Kim; Jongchoen Lim; John P. Seymour; Sung-Yun Park,,2025 IEEE Asian Solid-State Circuits Conference (A-SSCC),2025,ASSCC,A,General IC,,10.1109/a-sscc67472.2025.11349647,https://ieeexplore.ieee.org/stamp/stamp.jsp?arnumber=11349647,https://doi.org/10.1109/a-sscc67472.2025.11349647,11349647,91.2,crossref_venue_year:2025,publisher_pdf_requires_session,0
A 2.6GHz Inductorless PLL with Configurable-Duty-Cycle Ring Oscillator and Zero-ISF Subsampling Phase Detector Achiving -70dBc Reference Spur and 186fs RMS Jitter,Yuyang Zhu; Haoming Zhang; Zunsong Yang; Yongjun He; Huanyu Ren; Fumiya Sakuma; Ritaro Takenaka; Sota Kano; Ximing Wang Wang; Tetsuya Lizuka,,2025 IEEE Asian Solid-State Circuits Conference (A-SSCC),2025,ASSCC,A,Clocking & Frequency Generation,,10.1109/a-sscc67472.2025.11349626,https://ieeexplore.ieee.org/stamp/stamp.jsp?arnumber=11349626,https://doi.org/10.1109/a-sscc67472.2025.11349626,11349626,111.2,crossref_venue_year:2025,publisher_pdf_requires_session,0
A 2.7V-Input 90.5%-Peak-Efficiency 6-Phase Integrated Voltage Regulator with 5% Current Sensing Error and Built-in Loop Stability Calibration,Kui Tang; Wen Sun; Lin Cheng,,2025 IEEE Asian Solid-State Circuits Conference (A-SSCC),2025,ASSCC,A,Power Management,,10.1109/a-sscc67472.2025.11349456,https://ieeexplore.ieee.org/stamp/stamp.jsp?arnumber=11349456,https://doi.org/10.1109/a-sscc67472.2025.11349456,11349456,91.2,crossref_venue_year:2025,publisher_pdf_requires_session,1
A 200 MHz -Bandwidth 88.9%-Peak-Efficiency Multilevel Class-G Supply Modulator With Configurable Capacitor Array for Wideband Power Amplifiers,Mingchao Liang; Yu An; Peng Cao; Jiawei Xu; Zhiliang Hong,,2025 IEEE Asian Solid-State Circuits Conference (A-SSCC),2025,ASSCC,A,Analog & Mixed-Signal,,10.1109/a-sscc67472.2025.11349436,https://ieeexplore.ieee.org/stamp/stamp.jsp?arnumber=11349436,https://doi.org/10.1109/a-sscc67472.2025.11349436,11349436,91.2,crossref_venue_year:2025,publisher_pdf_requires_session,0
A 200Mb/s 273fJ/b metastability-based TRNG without Postprocessing Using Body Biasing Tuning with On-chip Faraday Cage Shielding in 65nm CMOS,Aoyang Zhang; Shaonan Wu; Bohan Yang; Yuanxiao Wang; Zhiqi Yang; Tianxia Zhao; Wenping Zhu; Hanning Wang; Min Zhu; Leibo Liu,,2025 IEEE Asian Solid-State Circuits Conference (A-SSCC),2025,ASSCC,A,Analog & Mixed-Signal,,10.1109/a-sscc67472.2025.11349497,https://ieeexplore.ieee.org/stamp/stamp.jsp?arnumber=11349497,https://doi.org/10.1109/a-sscc67472.2025.11349497,11349497,91.2,crossref_venue_year:2025,publisher_pdf_requires_session,0
A 22-to-64-GHz Ultra-Wideband Vector-Modulated Phase Shifter With Common-mode Rejection in 65-nm CMOS,Weihan Gao; Peigen Yu; Dixian Zhao,,2025 IEEE Asian Solid-State Circuits Conference (A-SSCC),2025,ASSCC,A,General IC,,10.1109/a-sscc67472.2025.11349457,https://ieeexplore.ieee.org/stamp/stamp.jsp?arnumber=11349457,https://doi.org/10.1109/a-sscc67472.2025.11349457,11349457,101.2,crossref_venue_year:2025,publisher_pdf_requires_session,0
A 22Gb/s-54Gb/s Reconfigurable PAM-2/4/8 DSP-based Transmitter with 14-tap Feedforward Equalization,Seung-Mo Jin; Dong-Ho Kim; Kwang-Ho Lee; Haram Ju; Gyu-Seob Jeong; Woorham Bae; Jaeduk Han; Min-Seong Choo,,2025 IEEE Asian Solid-State Circuits Conference (A-SSCC),2025,ASSCC,A,RF/mmWave & Wireline,,10.1109/a-sscc67472.2025.11349396,https://ieeexplore.ieee.org/stamp/stamp.jsp?arnumber=11349396,https://doi.org/10.1109/a-sscc67472.2025.11349396,11349396,91.2,crossref_venue_year:2025,publisher_pdf_requires_session,0
A 22nm 38.9TFLOPS/W Computing-on-BENES-Network LLM Processor with Redundant Weight-bits Elimination and Key-Value Computing Reformulation,Yang Wang; Hu Anyu Wang; Xiaolong Yang; Yubin Qin; Wende Xu; Ruiqi Guo; Zhiheng Yue; Minglei Zhang; Hu Iming Han; Shaojun Wei; Yang Hu; Shouyi Yin,,2025 IEEE Asian Solid-State Circuits Conference (A-SSCC),2025,ASSCC,A,Digital IC & Architecture,,10.1109/a-sscc67472.2025.11349429,https://ieeexplore.ieee.org/stamp/stamp.jsp?arnumber=11349429,https://doi.org/10.1109/a-sscc67472.2025.11349429,11349429,91.2,crossref_venue_year:2025,publisher_pdf_requires_session,0
A 24-Cell Battery Monitoring IC with No DC Current Injection without HV MOSFETs,Guangqian Zhu; Zhiqian Zou; Xinming Huang; Yongyuan Li; Yang Liu; Zhangming Zhu,,2025 IEEE Asian Solid-State Circuits Conference (A-SSCC),2025,ASSCC,A,General IC,,10.1109/a-sscc67472.2025.11349534,https://ieeexplore.ieee.org/stamp/stamp.jsp?arnumber=11349534,https://doi.org/10.1109/a-sscc67472.2025.11349534,11349534,91.2,crossref_venue_year:2025,publisher_pdf_requires_session,0
A 24-Gb/s/pin Single-Ended PAM-3 Transmitter With 8-bit/6-UI Encoding based partial-MTA for Low-Power Memory Interfaces,Jaeyoon Kim; Sanghyuk Seo; Jusung Lee; Jaekwang Yun; Suhwan Kim,,2025 IEEE Asian Solid-State Circuits Conference (A-SSCC),2025,ASSCC,A,RF/mmWave & Wireline,,10.1109/a-sscc67472.2025.11349591,https://ieeexplore.ieee.org/stamp/stamp.jsp?arnumber=11349591,https://doi.org/10.1109/a-sscc67472.2025.11349591,11349591,101.2,crossref_venue_year:2025,publisher_pdf_requires_session,0
A 25.48-29.25 GHz Rotary Traveling-Wave Oscillator Achieving -191dBc/Hz FoM at 10 MHz Offset Using RingInterleaved N/P Cross-Coupled Pairs in 22-nm CMOS,Junlin Li; Juncheng Deng; Zhongjun Zhang; Jing Liu; Zhongguang Xu; Fujiang Lin; Liheng Lou; Robert Bogdan Staszewski; Yizhe Hu,,2025 IEEE Asian Solid-State Circuits Conference (A-SSCC),2025,ASSCC,A,Clocking & Frequency Generation,,10.1109/a-sscc67472.2025.11349518,https://ieeexplore.ieee.org/stamp/stamp.jsp?arnumber=11349518,https://doi.org/10.1109/a-sscc67472.2025.11349518,11349518,91.2,crossref_venue_year:2025,publisher_pdf_requires_session,0
A 250kHz-BW 86.2dB-SNDR 176.7dB-FoMS Fully Dynamic kT/C Noise-Canceled DT DSM with SAR-Assisted Input FF and DNC,Young-Hun Moon; Kun-Woo Park; Kyunghoon Kim; Minho Kwon; Min-Jae Seo; Seung-Tak Ryu,,2025 IEEE Asian Solid-State Circuits Conference (A-SSCC),2025,ASSCC,A,Analog & Mixed-Signal,,10.1109/a-sscc67472.2025.11349367,https://ieeexplore.ieee.org/stamp/stamp.jsp?arnumber=11349367,https://doi.org/10.1109/a-sscc67472.2025.11349367,11349367,91.2,crossref_venue_year:2025,publisher_pdf_requires_session,0
A 26.2-41.3 GHz Temperature-Compensated LNA with Phase-Invariant Loss-Tunable Output Matching Achieving ±0.0011 dB/°C Gain Variation Across −55 °C to 125 °C,Tao Zhang; Dong Liu; Haibin Yang; Xiaoxian Liu; Qijun Lu; Bei Liu; Xin An; Lisheng Chen; Zhangming Zhu,,2025 IEEE Asian Solid-State Circuits Conference (A-SSCC),2025,ASSCC,A,General IC,,10.1109/a-sscc67472.2025.11349366,https://ieeexplore.ieee.org/stamp/stamp.jsp?arnumber=11349366,https://doi.org/10.1109/a-sscc67472.2025.11349366,11349366,91.2,crossref_venue_year:2025,publisher_pdf_requires_session,0
A 28 nm 1.80Mb/mm 2 Digital/Analog Hybrid SRAM-CIM Macro using 2D-Weighted Capacitor Array for Complex Number MAC Operations,Shota Konno; Che-Kai Liu; Sigang Ryu; Samuel Spetalnick; Arijit Raychowdhury,,2025 IEEE Asian Solid-State Circuits Conference (A-SSCC),2025,ASSCC,A,Memory & Compute-in-Memory,,10.1109/a-sscc67472.2025.11349473,https://ieeexplore.ieee.org/stamp/stamp.jsp?arnumber=11349473,https://doi.org/10.1109/a-sscc67472.2025.11349473,11349473,91.2,crossref_venue_year:2025,publisher_pdf_requires_session,0
A 28 nm 68.6TOPS/W Folded-Differential SwitchedCapacitor FIA-Based SRAM CIM Macro With Scalable MAC Sizes for Tiny-ML Inference,Zhonghao Chen; Ling-An Cheong; Tianyi Yu; Yiming Chen; Guodong Yin; Teng Yi; Yongpan Liu; Huazhong Yang; Xueqing Li,,2025 IEEE Asian Solid-State Circuits Conference (A-SSCC),2025,ASSCC,A,Memory & Compute-in-Memory,,10.1109/a-sscc67472.2025.11349620,https://ieeexplore.ieee.org/stamp/stamp.jsp?arnumber=11349620,https://doi.org/10.1109/a-sscc67472.2025.11349620,11349620,91.2,crossref_venue_year:2025,publisher_pdf_requires_session,1
A 28 nm AI microcontroller with tightly coupled zero standby power weight memory featuring standard logic compatible 4 Mb 4-bits/cell embedded flash technology,Daewung Kim; Seong Hwan Jeon; Young Hee Jeon; Kyung-Bae Kwon; Jigon Kim; Yeonghun Choi; Hyunseung Cha; Kitae Kwon; Daesik Park; Jongseuk Lee; Sihwan Kim; Seung Hwan Song,,2025 IEEE Asian Solid-State Circuits Conference (A-SSCC),2025,ASSCC,A,Memory & Compute-in-Memory,,10.1109/a-sscc67472.2025.11349555,https://ieeexplore.ieee.org/stamp/stamp.jsp?arnumber=11349555,https://doi.org/10.1109/a-sscc67472.2025.11349555,11349555,91.2,crossref_venue_year:2025,publisher_pdf_requires_session,0
A 28-Gb/s Receiver with Baud-Rate CDR Employing Integrated Pattern-Based Phase Detector Achieving ISI Invariant Phase Locking,Yoojin Jung; Ho-Joon Shin; Junhak Kim; Sinho Lee; Jun-Soo Park; Kwanseo Park,,2025 IEEE Asian Solid-State Circuits Conference (A-SSCC),2025,ASSCC,A,RF/mmWave & Wireline,,10.1109/a-sscc67472.2025.11349543,https://ieeexplore.ieee.org/stamp/stamp.jsp?arnumber=11349543,https://doi.org/10.1109/a-sscc67472.2025.11349543,11349543,101.2,crossref_venue_year:2025,publisher_pdf_requires_session,0
A 28nm 244.45TOPS/W Winograd-Standard Fusion accelerator with Symmetric Hybrid Domain CIM Groups for Edge Al devices,An Guo; Zhichao Liu; Wentao Zheng; Yutong Zhang; Tianhui Jiao; Fangyuan Dong; Mingzi Wang; Shaochen Li; Zhican Zhang; Yuhui Shi; Xing Wang; Xin Si; Xin Wang; Wenwu Zhu,,2025 IEEE Asian Solid-State Circuits Conference (A-SSCC),2025,ASSCC,A,Digital IC & Architecture,,10.1109/a-sscc67472.2025.11349622,https://ieeexplore.ieee.org/stamp/stamp.jsp?arnumber=11349622,https://doi.org/10.1109/a-sscc67472.2025.11349622,11349622,91.2,crossref_venue_year:2025,publisher_pdf_requires_session,0
A 28nm 77.2 TFLOPS/W Digital Floating-Point Compute-InMemory Macro Employing Dynamic Find-Max and ReducedCycle Bit-Serial Architecture with Approximation,Jaerok Kim; Heeyeon Kim; Yoonmyung Lee,,2025 IEEE Asian Solid-State Circuits Conference (A-SSCC),2025,ASSCC,A,Memory & Compute-in-Memory,,10.1109/a-sscc67472.2025.11349645,https://ieeexplore.ieee.org/stamp/stamp.jsp?arnumber=11349645,https://doi.org/10.1109/a-sscc67472.2025.11349645,11349645,91.2,crossref_venue_year:2025,publisher_pdf_requires_session,0
A 28nm PVT Inner-Tracking Time-Domain Compute-InMemory Macro Featuring Scalable Global Timer and Reconfigurable Pipelined Cascading for Edge-Al Devices,Yuanzhe Zhao; Yuheng Wang; Yan Zhu; Rui P. Martins; Chi-Hang Chan; Minglei Zhang,,2025 IEEE Asian Solid-State Circuits Conference (A-SSCC),2025,ASSCC,A,Memory & Compute-in-Memory,,10.1109/a-sscc67472.2025.11349496,https://ieeexplore.ieee.org/stamp/stamp.jsp?arnumber=11349496,https://doi.org/10.1109/a-sscc67472.2025.11349496,11349496,91.2,crossref_venue_year:2025,publisher_pdf_requires_session,0
A 28nm RRAM-Based 17.0 TOPS / mm 2 and 89.7 TOPS/W Compute-In-Memory Macro Enabled by Source-Follower Cell and IR-Drop-Freed Array,Jianing Li; Peng Yao; Lu Jie; Dong Wu; Sining Pan; Jianshi Tang; Bin Gao; He Qian; Huaqiang Wu,,2025 IEEE Asian Solid-State Circuits Conference (A-SSCC),2025,ASSCC,A,Memory & Compute-in-Memory,,10.1109/a-sscc67472.2025.11349553,https://ieeexplore.ieee.org/stamp/stamp.jsp?arnumber=11349553,https://doi.org/10.1109/a-sscc67472.2025.11349553,11349553,121.2,crossref_venue_year:2025,publisher_pdf_requires_session,0
A 3-Bit Offset-Canceled Sense Amplifier Using a Single-Capacitor SAR ADC for 3D DRAM,Donghwan Kim; Giwoo Lee; SeongHwan Cho,,2025 IEEE Asian Solid-State Circuits Conference (A-SSCC),2025,ASSCC,A,Analog & Mixed-Signal,,10.1109/a-sscc67472.2025.11349640,https://ieeexplore.ieee.org/stamp/stamp.jsp?arnumber=11349640,https://doi.org/10.1109/a-sscc67472.2025.11349640,11349640,111.2,crossref_venue_year:2025,publisher_pdf_requires_session,0
A 3.4 mW 64.5 dB SNDR 800MS/s Pipelined-SAR/TDC ADC with Parallel Amplification and Quantization,Baolong Huang; Hongjiang Chen; Jingxiang Wang; Yutao Peng; Zhifei Lu; Xizhu Peng; He Tang; Liang Qi; Yawei Guo; Sai-Weng Sin; Rui P. Martins; Mingqiang Guo,,2025 IEEE Asian Solid-State Circuits Conference (A-SSCC),2025,ASSCC,A,Analog & Mixed-Signal,,10.1109/a-sscc67472.2025.11349395,https://ieeexplore.ieee.org/stamp/stamp.jsp?arnumber=11349395,https://doi.org/10.1109/a-sscc67472.2025.11349395,11349395,101.2,crossref_venue_year:2025,publisher_pdf_requires_session,0
A 30.28-151.42TFLOPS/W@FP8 Training Accelerator with Hybrid Compute-in-Memory and Workload Scheduling for Edge AI Applications,Mingxuan Li; Qinzhe Zhi; Zhaoyang Zhang; Fangyuan Dong; Wenjie Ren; Jun Yang; Le Ye; Xin Si; Tianyu Jia,,2025 IEEE Asian Solid-State Circuits Conference (A-SSCC),2025,ASSCC,A,Memory & Compute-in-Memory,,10.1109/a-sscc67472.2025.11349491,https://ieeexplore.ieee.org/stamp/stamp.jsp?arnumber=11349491,https://doi.org/10.1109/a-sscc67472.2025.11349491,11349491,111.2,crossref_venue_year:2025,publisher_pdf_requires_session,0
A 300 W Soft-Switching GaN Buck-Boost Converter with Adaptive Bi-Directional GaN Driver Achieving 97.8% Power Efficiency for Movable Solar Panel Applications,Longcheng Pi; Yuhang Zheng; Bin Chen; Wei He; Jianlong Lin; Taihai Chen; Xiang Gao; Lenian He; Kai Huang; Xugang Ke,,2025 IEEE Asian Solid-State Circuits Conference (A-SSCC),2025,ASSCC,A,Power Management,,10.1109/a-sscc67472.2025.11349530,https://ieeexplore.ieee.org/stamp/stamp.jsp?arnumber=11349530,https://doi.org/10.1109/a-sscc67472.2025.11349530,11349530,101.2,crossref_venue_year:2025,publisher_pdf_requires_session,0
A 31.88 A /mm 2 Digital Power Delivery with Surrounding Pass-gates Architecture based on Directional-Selective Nested Quadrant Section Control in 28nm CMOS,Wonae Park; Junyeop Kim; Yuli Han; Gunmo Koo; Joo-Young Kim; Kunhee Cho,,2025 IEEE Asian Solid-State Circuits Conference (A-SSCC),2025,ASSCC,A,General IC,,10.1109/a-sscc67472.2025.11349524,https://ieeexplore.ieee.org/stamp/stamp.jsp?arnumber=11349524,https://doi.org/10.1109/a-sscc67472.2025.11349524,11349524,101.2,crossref_venue_year:2025,publisher_pdf_requires_session,0
A 36-65V Input Quadruple Step-Down Converter with Inherently Current-Matched Dual Inductors with 78mΩ DCR Achieving 90.6% Peak Efficiency,Seunghoon Lee; Seungjin Baek; Seongil Yeo; Kunhee Cho,,2025 IEEE Asian Solid-State Circuits Conference (A-SSCC),2025,ASSCC,A,General IC,,10.1109/a-sscc67472.2025.11349356,https://ieeexplore.ieee.org/stamp/stamp.jsp?arnumber=11349356,https://doi.org/10.1109/a-sscc67472.2025.11349356,11349356,91.2,crossref_venue_year:2025,publisher_pdf_requires_session,0
A 380μW 4Mb/s 2.4GHz Polar Receiver with Q-enhanced noise-cancelling LNA and large signal envelope detection achieving 185dB FoM in 65nm CMOS,Yanshu Guo; Kai Tang; Chuanshi Yang; Wenqiang Huang; Zhu Shu; Zhihua Wang; Hanjun Jiang; Yuanjin Zheng,,2025 IEEE Asian Solid-State Circuits Conference (A-SSCC),2025,ASSCC,A,RF/mmWave & Wireline,,10.1109/a-sscc67472.2025.11349440,https://ieeexplore.ieee.org/stamp/stamp.jsp?arnumber=11349440,https://doi.org/10.1109/a-sscc67472.2025.11349440,11349440,91.2,crossref_venue_year:2025,publisher_pdf_requires_session,0
A 4-24 Gb/s/wire Single-Ended NRZ Die-to-Die Transceiver with Low Latency for UCle Standard Package in 4nm FinFET,Jisu Yook; Jahoon Jin; Younggyun Oh; Soo-Min Lee; Kyunghwan Min; Cheolhwan Lim; Woongki Min; Seungjun Lee; Myung-Cheol Kim; Jinhun Park; Sungsik Park; Hiep Pham; Wanghua Wu; Xinglian Zhao; Chih-Wei Yao; Qilin Gu; HyojunKim; Sangho Kim; Sangmin Yoo,,2025 IEEE Asian Solid-State Circuits Conference (A-SSCC),2025,ASSCC,A,RF/mmWave & Wireline,,10.1109/a-sscc67472.2025.11349581,https://ieeexplore.ieee.org/stamp/stamp.jsp?arnumber=11349581,https://doi.org/10.1109/a-sscc67472.2025.11349581,11349581,91.2,crossref_venue_year:2025,publisher_pdf_requires_session,1
"A 4-to-7GHz, 52.3dB SFDR, and 48K Noise Temperature Cryo-CMOS based Noise-Canceling Receiver for Superconducting Multi-Qubits Read-Out",Hyeonsik Ahn; Juhui Jeong; Putri Assyifa Nur Annisa Rizk; Junhyeop Kim; Jae-Won Nam; Jusung Kim; Junghwan Han,,2025 IEEE Asian Solid-State Circuits Conference (A-SSCC),2025,ASSCC,A,RF/mmWave & Wireline,,10.1109/a-sscc67472.2025.11349425,https://ieeexplore.ieee.org/stamp/stamp.jsp?arnumber=11349425,https://doi.org/10.1109/a-sscc67472.2025.11349425,11349425,91.2,crossref_venue_year:2025,publisher_pdf_requires_session,0
A 415 μ W BLE Receiver with Third-Harmonic Time-Interleaved Passive Mixer and Reconfigurable AFIR Filter Achieving 26.5dBm Out-of-Band IIP3,Zongle Ma; Yicheng Chen; Kaixue Ma; Keping Wang,,2025 IEEE Asian Solid-State Circuits Conference (A-SSCC),2025,ASSCC,A,RF/mmWave & Wireline,,10.1109/a-sscc67472.2025.11349519,https://ieeexplore.ieee.org/stamp/stamp.jsp?arnumber=11349519,https://doi.org/10.1109/a-sscc67472.2025.11349519,11349519,101.2,crossref_venue_year:2025,publisher_pdf_requires_session,0
A 435 KS/s 10-bit Column-Parallel Hybrid ADC Using Range-Partitioned Quantization with Asynchronous Charge-Injection and Single-Slope Conversion,Po-Hsi Lee; Yu-Hsiang Huang; Chih-Cheng Hsieh,,2025 IEEE Asian Solid-State Circuits Conference (A-SSCC),2025,ASSCC,A,Analog & Mixed-Signal,,10.1109/a-sscc67472.2025.11349379,https://ieeexplore.ieee.org/stamp/stamp.jsp?arnumber=11349379,https://doi.org/10.1109/a-sscc67472.2025.11349379,11349379,91.2,crossref_venue_year:2025,publisher_pdf_requires_session,0
A 45W 12-40V Input 94.4% Peak Efficiency Simultaneous 1S/2S Battery Charging and PoL Supply Hybrid Converter with Flying Capacitor Floating Technique and Duty-Cycle Lockout-Release Operations,Xiongjie Zhang; Xinman Li; Qiaobo Ma; Huihua Li; Yang Jiang; Yan Lu; Rui Martins; Pui-In Mak,,2025 IEEE Asian Solid-State Circuits Conference (A-SSCC),2025,ASSCC,A,General IC,,10.1109/a-sscc67472.2025.11349487,https://ieeexplore.ieee.org/stamp/stamp.jsp?arnumber=11349487,https://doi.org/10.1109/a-sscc67472.2025.11349487,11349487,91.2,crossref_venue_year:2025,publisher_pdf_requires_session,0
A 6.25-mW Retina-mimetic CMOS Image Sensor with SPAD-PPD Hybrid Pixel Array for HDR Imaging,Houk Lee; Yongseong Cho; JunHee Cho; Heesung Lee; Jaehyuk Choi,,2025 IEEE Asian Solid-State Circuits Conference (A-SSCC),2025,ASSCC,A,"Biomedical, Sensor & Imaging IC",,10.1109/a-sscc67472.2025.11349610,https://ieeexplore.ieee.org/stamp/stamp.jsp?arnumber=11349610,https://doi.org/10.1109/a-sscc67472.2025.11349610,11349610,111.2,crossref_venue_year:2025,publisher_pdf_requires_session,0
A 6.5-to-12.5Gb/s Reference-Less Dual-Loop CDR with Adaptive Injection Gain Switching and Self-aligned Injection Phase Detection in 28nm CMOS,Minsu Park; Jahoon Jin; Sangdon Jung; Hyunki Park; Jung-Hoon Chun,,2025 IEEE Asian Solid-State Circuits Conference (A-SSCC),2025,ASSCC,A,Analog & Mixed-Signal,,10.1109/a-sscc67472.2025.11349612,https://ieeexplore.ieee.org/stamp/stamp.jsp?arnumber=11349612,https://doi.org/10.1109/a-sscc67472.2025.11349612,11349612,91.2,crossref_venue_year:2025,publisher_pdf_requires_session,0
A 64⨯64 SPAD-based Full-resolution Multimodal Imager with High Background Light Immunity and Reconfigurable Extrapolation Photon Counting,Jin Hu; Qianjin Xu; Rui Ma; Xiayu Wang; Dong Li; Yang Li u; Zhangming Zhu,,2025 IEEE Asian Solid-State Circuits Conference (A-SSCC),2025,ASSCC,A,"Biomedical, Sensor & Imaging IC",,10.1109/a-sscc67472.2025.11349394,https://ieeexplore.ieee.org/stamp/stamp.jsp?arnumber=11349394,https://doi.org/10.1109/a-sscc67472.2025.11349394,11349394,91.2,crossref_venue_year:2025,publisher_pdf_requires_session,0
A 65nm 942-TOPS/W Dual Drive Strength-based SRAM Compute-in-Memory with Symmetrical Adaptive Sensing Margin for CNNs and Transformers in edge AI applications,Dong-Gu Choi; Jaehyun Lee; Jaeha Kung; Minyoung Song; Jong-Hyeok Yoon,,2025 IEEE Asian Solid-State Circuits Conference (A-SSCC),2025,ASSCC,A,Memory & Compute-in-Memory,,10.1109/a-sscc67472.2025.11349431,https://ieeexplore.ieee.org/stamp/stamp.jsp?arnumber=11349431,https://doi.org/10.1109/a-sscc67472.2025.11349431,11349431,121.2,crossref_venue_year:2025,publisher_pdf_requires_session,0
A 65nm Scalable Analog-Computing Feature Extractor Based on Programmable 16 th -Order FIR Filters with Noise-Resistant Natural Sampling and Symmetric Weight Reuse for Always-On Event Detection,Lichen Feng; Lin Wu; Hongwei Shan; Zhangming Zhu,,2025 IEEE Asian Solid-State Circuits Conference (A-SSCC),2025,ASSCC,A,Analog & Mixed-Signal,,10.1109/a-sscc67472.2025.11349646,https://ieeexplore.ieee.org/stamp/stamp.jsp?arnumber=11349646,https://doi.org/10.1109/a-sscc67472.2025.11349646,11349646,91.2,crossref_venue_year:2025,publisher_pdf_requires_session,0
A 7-level 18-wire-state Trio-signaling Transmitter for MIPI C-PHY 3.0 Interfaces,Myeongjin Oh; Junyeong Lee; Kiwoon Kim; Jung-Hoon Chun,,2025 IEEE Asian Solid-State Circuits Conference (A-SSCC),2025,ASSCC,A,RF/mmWave & Wireline,,10.1109/a-sscc67472.2025.11349650,https://ieeexplore.ieee.org/stamp/stamp.jsp?arnumber=11349650,https://doi.org/10.1109/a-sscc67472.2025.11349650,11349650,101.2,crossref_venue_year:2025,publisher_pdf_requires_session,1
A 7.2W 96.6% Peak Efficiency Single-Stage Triple-Output Hybrid DC-DC Converter with Halved-V IN Switching and Autonomous Charge Recycling,Jaemin Kim; Geuntae Park; Seongil Yeo; Kunhee Cho,,2025 IEEE Asian Solid-State Circuits Conference (A-SSCC),2025,ASSCC,A,Power Management,,10.1109/a-sscc67472.2025.11349384,https://ieeexplore.ieee.org/stamp/stamp.jsp?arnumber=11349384,https://doi.org/10.1109/a-sscc67472.2025.11349384,11349384,91.2,crossref_venue_year:2025,publisher_pdf_requires_session,0
"A 7.99-to-11.61 GHz, 2D-Tessellation-Scalable 8-Core Oscillator Featuring -153.7dBc/H z Absolute PN and FoM of 191.8 dBc \ Hz at 10 MHz offset",Juntao Lan; Dejian Li; Wei Deng; Haikun Jia; Baoyong Chi,,2025 IEEE Asian Solid-State Circuits Conference (A-SSCC),2025,ASSCC,A,Clocking & Frequency Generation,,10.1109/a-sscc67472.2025.11349587,https://ieeexplore.ieee.org/stamp/stamp.jsp?arnumber=11349587,https://doi.org/10.1109/a-sscc67472.2025.11349587,11349587,91.2,crossref_venue_year:2025,publisher_pdf_requires_session,0
A 78.2/90.0dB-SNDR/SFDR Pipelined-SAR ADC with Noise-Reducing Stacked Dynamic Source-Follower Amplifiers,Menghe Jin; Kyuik Cho; Kyojin Choo,,2025 IEEE Asian Solid-State Circuits Conference (A-SSCC),2025,ASSCC,A,Analog & Mixed-Signal,,10.1109/a-sscc67472.2025.11349474,https://ieeexplore.ieee.org/stamp/stamp.jsp?arnumber=11349474,https://doi.org/10.1109/a-sscc67472.2025.11349474,11349474,111.2,crossref_venue_year:2025,publisher_pdf_requires_session,0
A 890-nW Dual-Mode Reconfigurable Front-End with Dynamic Compensation Feedback Circuits for Multimodal V/R/I/C Sensing,Ting Zhou; Chao Wang; Jiajie Huang; Jian Zhao; Jinghua Zhang; Yong Lian; Yongfu Li,,2025 IEEE Asian Solid-State Circuits Conference (A-SSCC),2025,ASSCC,A,RF/mmWave & Wireline,,10.1109/a-sscc67472.2025.11349572,https://ieeexplore.ieee.org/stamp/stamp.jsp?arnumber=11349572,https://doi.org/10.1109/a-sscc67472.2025.11349572,11349572,91.2,crossref_venue_year:2025,publisher_pdf_requires_session,0
A 94.6%/98.6% Peak Power/System Efficiency SIDO/DISO SC DC-DC Converter with Cross Regulation Suppression and Fast DVS for Load Stacking Applications,Feiyu Li; Qishen Fang,,2025 IEEE Asian Solid-State Circuits Conference (A-SSCC),2025,ASSCC,A,Power Management,,10.1109/a-sscc67472.2025.11349617,https://ieeexplore.ieee.org/stamp/stamp.jsp?arnumber=11349617,https://doi.org/10.1109/a-sscc67472.2025.11349617,11349617,91.2,crossref_venue_year:2025,publisher_pdf_requires_session,0
A 96pJ/Frame/Pixel and 61pJ/Event Anti-UAV System with Hybrid Object Tracking Modes,Yuncheng Lu; Yucen Shi; Aobo Li; Zehao Li; Junying Li; Bo Wang; Tony Tae-Hyoung Kim,,2025 IEEE Asian Solid-State Circuits Conference (A-SSCC),2025,ASSCC,A,General IC,,10.1109/a-sscc67472.2025.11349578,https://ieeexplore.ieee.org/stamp/stamp.jsp?arnumber=11349578,https://doi.org/10.1109/a-sscc67472.2025.11349578,11349578,91.2,crossref_venue_year:2025,publisher_pdf_requires_session,0
A BLE-to-BLE FDD Backscattering Tag with Harmonic Rejection Uplink and Sub-Sampling Phase-Tracking Downlink Supporting Multi-Tag Communication,Yanshu Guo; Wenqiang Huang; Guo Wei; Xuanyan Liu; Zhihua Wang; Yuanjin Zheng; Hanjun Jiang,,2025 IEEE Asian Solid-State Circuits Conference (A-SSCC),2025,ASSCC,A,General IC,,10.1109/a-sscc67472.2025.11349423,https://ieeexplore.ieee.org/stamp/stamp.jsp?arnumber=11349423,https://doi.org/10.1109/a-sscc67472.2025.11349423,11349423,91.2,crossref_venue_year:2025,publisher_pdf_requires_session,0
A Capacitor-free Hybrid-process LDO with Ultra-high Gain Amplifier and Super Source Follower for 0.297mV/A Load Regulation and 0.024mV/V Line Regulation,Yu-Ting Huang; Tz-Wun Wang; Chi-Yu Chen; Po-Jui Chiu; KeHorng Chen; Philex Ming-Yan Fan; Tsorng-Juu Liang; Hann-Huei Tsai,,2025 IEEE Asian Solid-State Circuits Conference (A-SSCC),2025,ASSCC,A,Analog & Mixed-Signal,,10.1109/a-sscc67472.2025.11349378,https://ieeexplore.ieee.org/stamp/stamp.jsp?arnumber=11349378,https://doi.org/10.1109/a-sscc67472.2025.11349378,11349378,91.2,crossref_venue_year:2025,publisher_pdf_requires_session,0
A Coherent Polar PT-RX for 32-APSK/16-QAM/GFSK Demodulation with High ACR and Relaxed I/Q Generation,Xuansheng Ji; Liqun Feng; Qianxian Liao; Woogeun Rhee; Zhihua Wang,,2025 IEEE Asian Solid-State Circuits Conference (A-SSCC),2025,ASSCC,A,General IC,,10.1109/a-sscc67472.2025.11349648,https://ieeexplore.ieee.org/stamp/stamp.jsp?arnumber=11349648,https://doi.org/10.1109/a-sscc67472.2025.11349648,11349648,91.2,crossref_venue_year:2025,publisher_pdf_requires_session,0
"A DC-95GHz, 4-channel M-Z modulator driver with >4V ppd output and 4.2GBd FoM in 22nm FD-SOI CMOS",Bolun Cui; Bryan Bruins; Jan Filip; John R. Long,,2025 IEEE Asian Solid-State Circuits Conference (A-SSCC),2025,ASSCC,A,General IC,,10.1109/a-sscc67472.2025.11349434,https://ieeexplore.ieee.org/stamp/stamp.jsp?arnumber=11349434,https://doi.org/10.1109/a-sscc67472.2025.11349434,11349434,101.2,crossref_venue_year:2025,publisher_pdf_requires_session,0
A Dual-Mode Sense Amplifier with Switched-Capacitor Amplification for Bitline Crosstalk Immunity in 3D DRAM,Giwoo Lee; Donghwan Kim; SeongHwan Cho,,2025 IEEE Asian Solid-State Circuits Conference (A-SSCC),2025,ASSCC,A,Analog & Mixed-Signal,,10.1109/a-sscc67472.2025.11349391,https://ieeexplore.ieee.org/stamp/stamp.jsp?arnumber=11349391,https://doi.org/10.1109/a-sscc67472.2025.11349391,11349391,91.2,crossref_venue_year:2025,publisher_pdf_requires_session,0
A Fast Start-Up Dual Energy Harvesting IC with BatteryIndependent Synchronous Accumulated Electric Charge Extraction (SAECE) Achieving 660% FoM avg for Piezoelectric Energy Harvesting,Yeon-Woo Jeong; Seung-Ju Lee; Jong-Hun Kim; Mun-Jung Cho; Min-Sik Kim; Myeong-Ho Kim; Hyun-Sik Kim; Se-Un Shin,,2025 IEEE Asian Solid-State Circuits Conference (A-SSCC),2025,ASSCC,A,Power Management,,10.1109/a-sscc67472.2025.11349577,https://ieeexplore.ieee.org/stamp/stamp.jsp?arnumber=11349577,https://doi.org/10.1109/a-sscc67472.2025.11349577,11349577,91.2,crossref_venue_year:2025,publisher_pdf_requires_session,0
A Fractional Spur Compensation Technique in Digital PLLs with over 30dB Spur Suppression,Parham Davami; Guillaume Mocquard; Thomas Burger,,2025 IEEE Asian Solid-State Circuits Conference (A-SSCC),2025,ASSCC,A,Clocking & Frequency Generation,,10.1109/a-sscc67472.2025.11349549,https://ieeexplore.ieee.org/stamp/stamp.jsp?arnumber=11349549,https://doi.org/10.1109/a-sscc67472.2025.11349549,11349549,91.2,crossref_venue_year:2025,publisher_pdf_requires_session,1
A Fuzz-Less DEM-Inherent 103.6-dB DR 20-kHz BW MultiRate Zoom ADC with a VCO-Based Noise-Shaping Coarse Quantizer,Yu-Wei Tseng; Ching-Ju Lu; Shih-Che Kuo; Tang-Wei Chen; Cheng-Wei Wang; Chak-Hong Lam; Chia-Hung Chen,,2025 IEEE Asian Solid-State Circuits Conference (A-SSCC),2025,ASSCC,A,Analog & Mixed-Signal,,10.1109/a-sscc67472.2025.11349466,https://ieeexplore.ieee.org/stamp/stamp.jsp?arnumber=11349466,https://doi.org/10.1109/a-sscc67472.2025.11349466,11349466,91.2,crossref_venue_year:2025,publisher_pdf_requires_session,0
A Heterogeneous Programmable A/D Converter Array Covering 2-500MHz BW and 81.4-58.7dB SNDR with over 170dB FoMs,Zhishuai Zhang; Siyu Huang; Mingyang Gu; Xiyu He; Yunsong Tao; Chaoyang Xing; Guanhua Long; Yi Zhong; Nan Sun; Lu Jie,,2025 IEEE Asian Solid-State Circuits Conference (A-SSCC),2025,ASSCC,A,General IC,,10.1109/a-sscc67472.2025.11349401,https://ieeexplore.ieee.org/stamp/stamp.jsp?arnumber=11349401,https://doi.org/10.1109/a-sscc67472.2025.11349401,11349401,91.2,crossref_venue_year:2025,publisher_pdf_requires_session,0
A High-Efficient 154GHz 4TX/4RX FMCW Radar Chipset in 65nm CMOS,Sunghwan Park; Yudai Yamazaki; Carrel de Gomez; Chenxin Liu; Jun Sakamaki; Hiroyuki Sakai; Kazuaki Kunihiro; Kenichi Okada,,2025 IEEE Asian Solid-State Circuits Conference (A-SSCC),2025,ASSCC,A,General IC,,10.1109/a-sscc67472.2025.11349382,https://ieeexplore.ieee.org/stamp/stamp.jsp?arnumber=11349382,https://doi.org/10.1109/a-sscc67472.2025.11349382,11349382,111.2,crossref_venue_year:2025,publisher_pdf_requires_session,0
"A High-Precision, Power-and-Area-Efficient Stimulator ASIC with ±11V Voltage Compliance and ±5mV Charge Balancing for Implantable Adaptive Neuromodulation",Zhang Qiu; Kangyu Su; Anh Tuan Nguyen; Zhi Yang; Yueming Wang; Jian Xu,,2025 IEEE Asian Solid-State Circuits Conference (A-SSCC),2025,ASSCC,A,"Biomedical, Sensor & Imaging IC",,10.1109/a-sscc67472.2025.11349546,https://ieeexplore.ieee.org/stamp/stamp.jsp?arnumber=11349546,https://doi.org/10.1109/a-sscc67472.2025.11349546,11349546,91.2,crossref_venue_year:2025,publisher_pdf_requires_session,0
A High-accuracy and High-throughput Bio-impedance Measurement IC with Phase-locked Sampling for Real-time Electrical Impedance Spectroscopy,Seonghyun Park; Song-I Cheon; Haidam Choi; Sein Oh; Sohmyung Ha; Minkyu Je,,2025 IEEE Asian Solid-State Circuits Conference (A-SSCC),2025,ASSCC,A,"EDA, CAD & Verification",,10.1109/a-sscc67472.2025.11349499,https://ieeexplore.ieee.org/stamp/stamp.jsp?arnumber=11349499,https://doi.org/10.1109/a-sscc67472.2025.11349499,11349499,91.2,crossref_venue_year:2025,publisher_pdf_requires_session,0
A High-energy-efficiency Charge-domain MultiplyAccumulator with Novel Successive Charge Injection Logic for Edge Al Computing in 22 nm,Wenming Zhu; Yuansheng Zhao; Zixuan Shen; Lei Huang; Yulong Tan; Shunmin Jiang; Chunjiang Tu; Sijun Du; Chao Wang,,2025 IEEE Asian Solid-State Circuits Conference (A-SSCC),2025,ASSCC,A,General IC,,10.1109/a-sscc67472.2025.11349614,https://ieeexplore.ieee.org/stamp/stamp.jsp?arnumber=11349614,https://doi.org/10.1109/a-sscc67472.2025.11349614,11349614,91.2,crossref_venue_year:2025,publisher_pdf_requires_session,0
A K-Band 8-Beam 4-element Phased-Array Transmitter Using GCPW-based Beam-combining Network and Compact 8-shaped Coils for Satellite Communications,Ruiyang Jiang; Haikun Jia; Xiaochuan Duo; Jiankai Zhao; Wei Deng; Zhan Gao; Xiao Zhu; Xiangrong Huang; Baoyong Chi,,2025 IEEE Asian Solid-State Circuits Conference (A-SSCC),2025,ASSCC,A,RF/mmWave & Wireline,,10.1109/a-sscc67472.2025.11349631,https://ieeexplore.ieee.org/stamp/stamp.jsp?arnumber=11349631,https://doi.org/10.1109/a-sscc67472.2025.11349631,11349631,91.2,crossref_venue_year:2025,publisher_pdf_requires_session,0
A Ka-Band Time-Modulated Variable Gain Amplifier with 30-dB Gain Tuning and <0.1-Degree Phase Variation via Duty Cycle Control,Dongfan Xu; Minzhe Tang; Haiyun Gu; Ziyuan Ren; Yilun Chen; Minghao Fan; Yuxuan Liu; Daxu Zhang; Zheng Li; Duo Li; Yuncheng Zhang; Yi Zhang; Kazuaki Kunihiro; Kenichi Okada,,2025 IEEE Asian Solid-State Circuits Conference (A-SSCC),2025,ASSCC,A,Analog & Mixed-Signal,,10.1109/a-sscc67472.2025.11349426,https://ieeexplore.ieee.org/stamp/stamp.jsp?arnumber=11349426,https://doi.org/10.1109/a-sscc67472.2025.11349426,11349426,91.2,crossref_venue_year:2025,publisher_pdf_requires_session,0
A Less than 6.5E-8 BER 36-Way Reconfigurable PUF with 4-bit Stable Responses per Cell Featuring Machine Learning-Based Best-Configuration Selection,Shufan Xu; Kunyang Liu; Nan Wang; Hirofumi Shinohara; Kiichi Niitsu,,2025 IEEE Asian Solid-State Circuits Conference (A-SSCC),2025,ASSCC,A,Security & Reliability,,10.1109/a-sscc67472.2025.11349388,https://ieeexplore.ieee.org/stamp/stamp.jsp?arnumber=11349388,https://doi.org/10.1109/a-sscc67472.2025.11349388,11349388,91.2,crossref_venue_year:2025,publisher_pdf_requires_session,1
A Magnetoelectric Wireless Power Transfer System with a 97.25%-Efficient Load-Adaptive CMOS Rectifier for Miniaturized Implants,Yasemin Engür; Mingxiang Gao; Niels Kuster; Mahsa Shoaran,,2025 IEEE Asian Solid-State Circuits Conference (A-SSCC),2025,ASSCC,A,"Biomedical, Sensor & Imaging IC",,10.1109/a-sscc67472.2025.11349442,https://ieeexplore.ieee.org/stamp/stamp.jsp?arnumber=11349442,https://doi.org/10.1109/a-sscc67472.2025.11349442,11349442,91.2,crossref_venue_year:2025,publisher_pdf_requires_session,1
A Multi-Level Runtime Reconfigurable Array (RTRA) for Multi-Program ML and DSP Acceleration in 16-nm CMOS,Hongseok Lee; Tim Ling; Jack Burd; Yao-Kai Yang; Nian-Shyang Chang; Wen-Ching Chen; Chi-Shi Chen; Tzi-Dar Chiueh; Michael Kuan-Tse Lee; Chia-Hsiang Yang; Dejan Marković,,2025 IEEE Asian Solid-State Circuits Conference (A-SSCC),2025,ASSCC,A,General IC,,10.1109/a-sscc67472.2025.11349537,https://ieeexplore.ieee.org/stamp/stamp.jsp?arnumber=11349537,https://doi.org/10.1109/a-sscc67472.2025.11349537,11349537,101.2,crossref_venue_year:2025,publisher_pdf_requires_session,0
A Multi-Mode Readout IC Achieving 33.9dB SNR at 131Hz for Non-Conductive Touch on a 6.5” AMOLED Panel,Sang Weun Kim; Jun Seong Kim; Dabin Yun; Seunghoon Ko,,2025 IEEE Asian Solid-State Circuits Conference (A-SSCC),2025,ASSCC,A,General IC,,10.1109/a-sscc67472.2025.11349464,https://ieeexplore.ieee.org/stamp/stamp.jsp?arnumber=11349464,https://doi.org/10.1109/a-sscc67472.2025.11349464,11349464,91.2,crossref_venue_year:2025,publisher_pdf_requires_session,1
A Scalable 26.39-29.0 GHz Multi-Core Oscillator Consisting of Fully-Identical Spliceable Basic Cells Achieving 193.5 d Bc/ Hz FoM and -143.0dBc/Hz PN,Junjie Chen; Xiangjian Kong; Zhao Zhang; Jian Liu; Nanjian Wu; Liyuan Liu,,2025 IEEE Asian Solid-State Circuits Conference (A-SSCC),2025,ASSCC,A,Clocking & Frequency Generation,,10.1109/a-sscc67472.2025.11349509,https://ieeexplore.ieee.org/stamp/stamp.jsp?arnumber=11349509,https://doi.org/10.1109/a-sscc67472.2025.11349509,11349509,91.2,crossref_venue_year:2025,publisher_pdf_requires_session,0
A Scalable Area-Efficient Implementation Mechanism for Double-Chain Millimeter-Wave Modules and Transceiver Front Ends,Jian Zhang; Wei Zhu; Yichen Liu; Ming Zhai; Zelin Yin; Yan Wang,,2025 IEEE Asian Solid-State Circuits Conference (A-SSCC),2025,ASSCC,A,RF/mmWave & Wireline,,10.1109/a-sscc67472.2025.11349407,https://ieeexplore.ieee.org/stamp/stamp.jsp?arnumber=11349407,https://doi.org/10.1109/a-sscc67472.2025.11349407,11349407,101.2,crossref_venue_year:2025,publisher_pdf_requires_session,0
A Silicon-Sensor-Integrated CGM Chiplet Achieving 0-40 mM Linear Range by Post-Distortion and EnergyRecycling,Weixiao Wang; Zhuhao Li; Ting-Hsun Wang; Changgui Yang; Yuxuan Luo; Bo Zhao,,2025 IEEE Asian Solid-State Circuits Conference (A-SSCC),2025,ASSCC,A,"Devices, Process & 3D Integration",,10.1109/a-sscc67472.2025.11349635,https://ieeexplore.ieee.org/stamp/stamp.jsp?arnumber=11349635,https://doi.org/10.1109/a-sscc67472.2025.11349635,11349635,91.2,crossref_venue_year:2025,publisher_pdf_requires_session,0
A Single-Channel 12b 400 MS/s Asynchronous MultiBit/Cycle SAR ADC Emulating Single-Bit/Cycle-Like Properties with a 5.2b Digital Slope Quantizer,Hongzhi Zhao; Bingxiang Hu; Minglei Zhang; R. P. Martins; Yan Zhu; Chi-Hang Chan,,2025 IEEE Asian Solid-State Circuits Conference (A-SSCC),2025,ASSCC,A,Analog & Mixed-Signal,,10.1109/a-sscc67472.2025.11349472,https://ieeexplore.ieee.org/stamp/stamp.jsp?arnumber=11349472,https://doi.org/10.1109/a-sscc67472.2025.11349472,11349472,101.2,crossref_venue_year:2025,publisher_pdf_requires_session,0
A Single-Ended Fully Dynamic 2nd Order Discrete-Time Delta-Sigma ADC and Reconstruction Filter for on-chip DC rail-to-rail Voltages Monitoring at Cryogenic Temperature in 14nm FinFet CMOS,Pier Andrea Francese; Thomas Morf; Andrea Ruffino; Matthias Brändli; Marcel Kossel,,2025 IEEE Asian Solid-State Circuits Conference (A-SSCC),2025,ASSCC,A,Analog & Mixed-Signal,,10.1109/a-sscc67472.2025.11349490,https://ieeexplore.ieee.org/stamp/stamp.jsp?arnumber=11349490,https://doi.org/10.1109/a-sscc67472.2025.11349490,11349490,111.2,crossref_venue_year:2025,publisher_pdf_requires_session,0
A Single-Stage 6-Transistor Analog Multi-Modulus Divider Achieving Maintaining 50% Duty Cycle in 65nm CMOS,Yuan Liu; Xiaoteng Zhao; Chenxi Han; Qi Zhang; Shubin Liu; Zhangming Zhu,,2025 IEEE Asian Solid-State Circuits Conference (A-SSCC),2025,ASSCC,A,General IC,,10.1109/a-sscc67472.2025.11349625,https://ieeexplore.ieee.org/stamp/stamp.jsp?arnumber=11349625,https://doi.org/10.1109/a-sscc67472.2025.11349625,11349625,111.2,crossref_venue_year:2025,publisher_pdf_requires_session,0
A Single-Trim CMOS Voltage Reference with 0.021% Accuracy and 2.16 ppm/°C TC from-40°C to 125°C,Ziteng Chen Wanyuan Qu,,2025 IEEE Asian Solid-State Circuits Conference (A-SSCC),2025,ASSCC,A,Analog & Mixed-Signal,,10.1109/a-sscc67472.2025.11349615,https://ieeexplore.ieee.org/stamp/stamp.jsp?arnumber=11349615,https://doi.org/10.1109/a-sscc67472.2025.11349615,11349615,91.2,crossref_venue_year:2025,publisher_pdf_requires_session,0
A Total-CMRR-Boosting Technique Using Common-Mode Signal Replication for Biopotential Recording,Heewon Choee; Sein Oh; Yegeun Kim; Changhun Seok; Sohmyung Ha; Minkyu Je,,2025 IEEE Asian Solid-State Circuits Conference (A-SSCC),2025,ASSCC,A,Power Management,,10.1109/a-sscc67472.2025.11349461,https://ieeexplore.ieee.org/stamp/stamp.jsp?arnumber=11349461,https://doi.org/10.1109/a-sscc67472.2025.11349461,11349461,91.2,crossref_venue_year:2025,publisher_pdf_requires_session,0
A-SSCC 2024 Celebrates Its 20th Anniversary With Rising Submissions and Registrations: Building on Two Decades of Success for Future Growth [Conference Reports],Pei‐Yun Tsai; Baoyong Chi; Tsung‐Heng Tsai; Hideshi Miyajima; Sugako Otani; Ryuichi Fujimoto; Hoyoung Yoo,,IEEE Solid-State Circuits Magazine,2025,ASSCC,A,Analog & Mixed-Signal,,10.1109/mssc.2025.3564046,https://ieeexplore.ieee.org/stamp/stamp.jsp?arnumber=3564046,https://doi.org/10.1109/mssc.2025.3564046,3564046,91.2,venue_year_search:2025,publisher_pdf_requires_session,0
A-SSCC 2025 Cover Page,,,2025 IEEE Asian Solid-State Circuits Conference (A-SSCC),2025,ASSCC,A,General IC,,10.1109/a-sscc67472.2025.11349633,https://ieeexplore.ieee.org/stamp/stamp.jsp?arnumber=11349633,https://doi.org/10.1109/a-sscc67472.2025.11349633,11349633,91.2,crossref_venue_year:2025,publisher_pdf_requires_session,0
A-SSCC 2025 Cover Page,,,2025 IEEE Asian Solid-State Circuits Conference (A-SSCC),2025,ASSCC,A,General IC,,10.1109/a-sscc67472.2025.11349486,https://ieeexplore.ieee.org/stamp/stamp.jsp?arnumber=11349486,https://doi.org/10.1109/a-sscc67472.2025.11349486,11349486,91.2,crossref_venue_year:2025,publisher_pdf_requires_session,0
A-SSCC 2025 Cover Page,,,2025 IEEE Asian Solid-State Circuits Conference (A-SSCC),2025,ASSCC,A,General IC,,10.1109/a-sscc67472.2025.11349445,https://ieeexplore.ieee.org/stamp/stamp.jsp?arnumber=11349445,https://doi.org/10.1109/a-sscc67472.2025.11349445,11349445,91.2,crossref_venue_year:2025,publisher_pdf_requires_session,0
A-SSCC 2025 Cover Page,,,ASSCC,2025,ASSCC,A,General IC,,10.1109/a-sscc67472.2025.11349376,https://ieeexplore.ieee.org/stamp/stamp.jsp?arnumber=11349376,https://doi.org/10.1109/a-sscc67472.2025.11349376,11349376,81.2,venue_year_search:2025,publisher_pdf_requires_session,0
A3.64 μJ /frame Visual-Aided Speech Enhancement Processor Tolerating -10dB SNR Input for Hearing Aids in 22nm CMOS,Nan Wu; Shenyu Wang; Peng Wang; Heyue Li; Kaiji Liu; Xiao Liu; Yansu Guo; Zhihua Wang; Hanjun Jiang,,2025 IEEE Asian Solid-State Circuits Conference (A-SSCC),2025,ASSCC,A,Digital IC & Architecture,,10.1109/a-sscc67472.2025.11349465,https://ieeexplore.ieee.org/stamp/stamp.jsp?arnumber=11349465,https://doi.org/10.1109/a-sscc67472.2025.11349465,11349465,91.2,crossref_venue_year:2025,publisher_pdf_requires_session,0
ANP-R: A 22nm 0.88pJ/SOP Versatile Asynchronous SNN-based Processor with Coarse-Grained Reconfigurable Architecture Enabling On-chip Incremental Learning,Ziyi Cheng; Dexuan Huo; Jilin Zhang; Zhihua Wang; Hong Chen,,2025 IEEE Asian Solid-State Circuits Conference (A-SSCC),2025,ASSCC,A,Digital IC & Architecture,,10.1109/a-sscc67472.2025.11349520,https://ieeexplore.ieee.org/stamp/stamp.jsp?arnumber=11349520,https://doi.org/10.1109/a-sscc67472.2025.11349520,11349520,91.2,crossref_venue_year:2025,publisher_pdf_requires_session,0
An 18.3 μ W Loop Filter Auto-Shift Technique enabled Delta-Sigma Modulator with 108.3dB-DR and 190.4dB Fold SDR,Cong Wei; Lijie Huang; Jinze Lai; Ziqiang Peng; Rongshan Wei; Xiaoqiang Lu; Zhichao Tan,,2025 IEEE Asian Solid-State Circuits Conference (A-SSCC),2025,ASSCC,A,Analog & Mixed-Signal,,10.1109/a-sscc67472.2025.11349652,https://ieeexplore.ieee.org/stamp/stamp.jsp?arnumber=11349652,https://doi.org/10.1109/a-sscc67472.2025.11349652,11349652,101.2,crossref_venue_year:2025,publisher_pdf_requires_session,0
An 18.4Gb/s/pin Simultaneous Bidirectional Transceiver for Post HBM4 Using 4-Phase Hybrid Timing Alignment and Dual Equalization in 1b-nm DRAM Technology,Minchang Kim; Hankyu Chi; Sooncheol Kwon; Icsu Oh; Seulgi Kim; Heewoong Song; Daeho Yun; Jaehong Jeong; Daejoon Kim; Kichul Hong; Jeonghyun Park; Woo-Seok Choi; Hae-Kang Jung; Inchul Jeong; Hyungsoo Kim; Jonghwan Kim,,2025 IEEE Asian Solid-State Circuits Conference (A-SSCC),2025,ASSCC,A,Memory & Compute-in-Memory,,10.1109/a-sscc67472.2025.11349380,https://ieeexplore.ieee.org/stamp/stamp.jsp?arnumber=11349380,https://doi.org/10.1109/a-sscc67472.2025.11349380,11349380,101.2,crossref_venue_year:2025,publisher_pdf_requires_session,0
An 8-32 V-Input SiP-Integrated 58 W/15A Octuple-StepDown Resonant Converter with Soft-Input/-Output Conduction and ZVS Using 4-Phase Coupled Inductor,Jiahao Shi; Xiangan You; Qiaobo Ma; Jian Song; Xiongjie Zhang; Qidong Wang; Yang Jiang; Rui P. Martins; Pui-In Mak,,2025 IEEE Asian Solid-State Circuits Conference (A-SSCC),2025,ASSCC,A,General IC,,10.1109/a-sscc67472.2025.11349492,https://ieeexplore.ieee.org/stamp/stamp.jsp?arnumber=11349492,https://doi.org/10.1109/a-sscc67472.2025.11349492,11349492,91.2,crossref_venue_year:2025,publisher_pdf_requires_session,0
An 80.2dB-SNDR 15MHz-BW 4th-Order Noise-Shaping Pipeline SAR ADC Based on Sturdy MASH Topology,Qihui Zhang; Yan Zhu; R. P. Martins; Chi-Hang Chan,,2025 IEEE Asian Solid-State Circuits Conference (A-SSCC),2025,ASSCC,A,Analog & Mixed-Signal,,10.1109/a-sscc67472.2025.11349623,https://ieeexplore.ieee.org/stamp/stamp.jsp?arnumber=11349623,https://doi.org/10.1109/a-sscc67472.2025.11349623,11349623,101.2,crossref_venue_year:2025,publisher_pdf_requires_session,0
An 800 MS/s 13b 2x TI Pipelined SAR ADC Using Rapid Digital Amplification with Residue-Aware Reference,Peizhe Li; Danfeng Zhai; Chixiao Chen; Wenning Jiang,,2025 IEEE Asian Solid-State Circuits Conference (A-SSCC),2025,ASSCC,A,Analog & Mixed-Signal,,10.1109/a-sscc67472.2025.11349619,https://ieeexplore.ieee.org/stamp/stamp.jsp?arnumber=11349619,https://doi.org/10.1109/a-sscc67472.2025.11349619,11349619,111.2,crossref_venue_year:2025,publisher_pdf_requires_session,0
An Aging-Robust 32MHz RC Frequency Reference with 0.4ppm Allan Deviation and ±1550ppm Inaccuracy from -40°C to 125°C after a 1-Point Trim,Sining Pan; Junlong Zeng; Xiaohan Liu; Yihang Cheng; Kofi. A. A. Makinwa; Huaqiang Wu,,2025 IEEE Asian Solid-State Circuits Conference (A-SSCC),2025,ASSCC,A,Analog & Mixed-Signal,,10.1109/a-sscc67472.2025.11349560,https://ieeexplore.ieee.org/stamp/stamp.jsp?arnumber=11349560,https://doi.org/10.1109/a-sscc67472.2025.11349560,11349560,91.2,crossref_venue_year:2025,publisher_pdf_requires_session,1
An Efficient FPGA Accelerator with Spatiotemporal Tubelet Merging for Video Transformers,Hangyeol Kim; Joo-Young Kim,,2025 IEEE Asian Solid-State Circuits Conference (A-SSCC),2025,ASSCC,A,Digital IC & Architecture,,10.1109/a-sscc67472.2025.11349545,https://ieeexplore.ieee.org/stamp/stamp.jsp?arnumber=11349545,https://doi.org/10.1109/a-sscc67472.2025.11349545,11349545,91.2,crossref_venue_year:2025,publisher_pdf_requires_session,0
An Energy-Efficient 4th-Order CT Delta-Sigma ADC with Time-Interleaved Analog-CIFF-Assisted Digital-EF NSSAR Quantizer,Chih-Kai Chang; Hsin-Shu Chen,,2025 IEEE Asian Solid-State Circuits Conference (A-SSCC),2025,ASSCC,A,Analog & Mixed-Signal,,10.1109/a-sscc67472.2025.11349389,https://ieeexplore.ieee.org/stamp/stamp.jsp?arnumber=11349389,https://doi.org/10.1109/a-sscc67472.2025.11349389,11349389,111.2,crossref_venue_year:2025,publisher_pdf_requires_session,0
"An Interference-Robust Direct Time-Multiplexed, Direct Digitization Wideband Neural Frontend with Noiseless Active Feedforward Common Mode Suppression Up to 700mV Achieving 119-dB CMRR",Joongyu Kim; Minjae Kim; Jeongho Choi; Jongcheon Lim; John P Seymour; Sung-Yun Park,,2025 IEEE Asian Solid-State Circuits Conference (A-SSCC),2025,ASSCC,A,RF/mmWave & Wireline,,10.1109/a-sscc67472.2025.11349590,https://ieeexplore.ieee.org/stamp/stamp.jsp?arnumber=11349590,https://doi.org/10.1109/a-sscc67472.2025.11349590,11349590,91.2,crossref_venue_year:2025,publisher_pdf_requires_session,0
"An area-efficient, DTC-less fractional-N sampling PLL achieving 140 fs RMS jitter and -66.3dBc fractional spur",Hyogyoung An; Hyeonjun Nam; Changmin An; Heein Yoon,,2025 IEEE Asian Solid-State Circuits Conference (A-SSCC),2025,ASSCC,A,Clocking & Frequency Generation,,10.1109/a-sscc67472.2025.11349542,https://ieeexplore.ieee.org/stamp/stamp.jsp?arnumber=11349542,https://doi.org/10.1109/a-sscc67472.2025.11349542,11349542,101.2,crossref_venue_year:2025,publisher_pdf_requires_session,0
Analog Signature for Physically-Secure Sensor Platform,Ruochen Wang; Tetsuya Hirose; Jun Shiomi; Yoshihiro Midoh; Takuji Miki; Makoto Nagata; Noriyuki Miura,,2025 IEEE Asian Solid-State Circuits Conference (A-SSCC),2025,ASSCC,A,General IC,,10.1109/a-sscc67472.2025.11349413,https://ieeexplore.ieee.org/stamp/stamp.jsp?arnumber=11349413,https://doi.org/10.1109/a-sscc67472.2025.11349413,11349413,91.2,crossref_venue_year:2025,publisher_pdf_requires_session,0
BIONIC: A 64-Core SNN/RISC-V Reconfigurable Processor with Hybrid On-Chip Learning Achieving 0.62 pJ/SOP and >99% Core Utilization,Wei Liu; Yue Liu; Bo Li; Ningyuan Yin; Jilong Luo; Yinsheng Chen; Zhiyi Yu; Shanlin Xiao,,2025 IEEE Asian Solid-State Circuits Conference (A-SSCC),2025,ASSCC,A,Digital IC & Architecture,,10.1109/a-sscc67472.2025.11349559,https://ieeexplore.ieee.org/stamp/stamp.jsp?arnumber=11349559,https://doi.org/10.1109/a-sscc67472.2025.11349559,11349559,101.2,crossref_venue_year:2025,publisher_pdf_requires_session,0
Birch: A Real-Time Accelerator for Multi-Task Mixed-Domain Extended Reality Perception Workloads,Kathleen Feng; Kai Bartolone; Kartik Prabhu; Brianna McColm; Xingyu Ni; Siddhant Gupta; Priyanka Raina,,2025 IEEE Asian Solid-State Circuits Conference (A-SSCC),2025,ASSCC,A,Digital IC & Architecture,,10.1109/a-sscc67472.2025.11349641,https://ieeexplore.ieee.org/stamp/stamp.jsp?arnumber=11349641,https://doi.org/10.1109/a-sscc67472.2025.11349641,11349641,91.2,crossref_venue_year:2025,publisher_pdf_requires_session,1
Bond behaviour of GFRP bars embedded in PVA fibre-reinforced seawater sea-sand cementitious composite (PVA-SSCC) up to 180 days,Wen Sun; Peixuan Lin; Yu Zheng; Linzhu Zhou; Lifei Zhang; Linzhu Sun; Dongmin Wang,China University of Mining and Technology; Wenzhou University; Dongguan University of Technology,Construction and Building Materials,2025,ASSCC,A,General IC,,10.1016/j.conbuildmat.2025.144722,https://doi.org/10.1016/j.conbuildmat.2025.144722,https://doi.org/10.1016/j.conbuildmat.2025.144722,,81.2,venue_year_search:2025,open_pdf_available,1
CENTAUR: A 38.5-TFLOPS/W 600MHz Floating-Point Digital Compute-In-Memory Engine with 40nm Fusion RRAM-eDRAM Macros Featuring 3D-MAC Operation,Luqi Zheng; Amir Massah Bavani; Shuting Du; Te-Yu Hsin; Mufeng Chen; Win-San Khwa; Ashwin Lele; Harry Chuang; Yu-Der Chih; Meng-Fan Chang; Haitong Li,,2025 IEEE Asian Solid-State Circuits Conference (A-SSCC),2025,ASSCC,A,Memory & Compute-in-Memory,,10.1109/a-sscc67472.2025.11349414,https://ieeexplore.ieee.org/stamp/stamp.jsp?arnumber=11349414,https://doi.org/10.1109/a-sscc67472.2025.11349414,11349414,131.2,crossref_venue_year:2025,publisher_pdf_requires_session,1
Critical-Timing-Relaxed pre-Decision Feedforward Equalizer for High-Speed DSP-based Wireline Receiver using Hardware-in-the-Loop Verification on RF-SoC,Sang-Hyeon Ok; Jae-Geon Lee; Kwang-Ho Lee; Haram Ju; Gyu-Seob Jeong; Woorham Bae; Min-Seong Choo,,2025 IEEE Asian Solid-State Circuits Conference (A-SSCC),2025,ASSCC,A,RF/mmWave & Wireline,,10.1109/a-sscc67472.2025.11349558,https://ieeexplore.ieee.org/stamp/stamp.jsp?arnumber=11349558,https://doi.org/10.1109/a-sscc67472.2025.11349558,11349558,121.2,crossref_venue_year:2025,publisher_pdf_requires_session,0
EMO-CIM: An Input/Stationary-Data Similarity-Aware Computing-In-Memory Macro for Variable Vector-Wise Computation in Edge Multi-Operator Al Acceleration,Bo Wang; Feiran Liu; Yuchen Tang; Yuchen Ma; Xiaoxue Zhong; Defa Wu; Yuhui Shi; Tianzhu Xiong; An Guo; Xin Si; Jun Yang,,2025 IEEE Asian Solid-State Circuits Conference (A-SSCC),2025,ASSCC,A,Memory & Compute-in-Memory,,10.1109/a-sscc67472.2025.11349443,https://ieeexplore.ieee.org/stamp/stamp.jsp?arnumber=11349443,https://doi.org/10.1109/a-sscc67472.2025.11349443,11349443,111.2,crossref_venue_year:2025,publisher_pdf_requires_session,1
EdgeFTX: A 22 nm 3.6 mW Edge Attention-Free Transformer Accelerator with Non-Blocking Scheduling,Mingbo Hao; Ruidong Li; Zhihao Yan; Tuo Li; Guoqing Li; Kaiyue Yang; Cai Li; Weiwei Shan,,2025 IEEE Asian Solid-State Circuits Conference (A-SSCC),2025,ASSCC,A,Digital IC & Architecture,,10.1109/a-sscc67472.2025.11349566,https://ieeexplore.ieee.org/stamp/stamp.jsp?arnumber=11349566,https://doi.org/10.1109/a-sscc67472.2025.11349566,11349566,91.2,crossref_venue_year:2025,publisher_pdf_requires_session,0
"FPGA Accelerator for 398bit, (2,2)-Isogeny Based PostQuantum Cryptography",Kosei Nakamura; Makoto Ikeda,,2025 IEEE Asian Solid-State Circuits Conference (A-SSCC),2025,ASSCC,A,Digital IC & Architecture,,10.1109/a-sscc67472.2025.11349516,https://ieeexplore.ieee.org/stamp/stamp.jsp?arnumber=11349516,https://doi.org/10.1109/a-sscc67472.2025.11349516,11349516,91.2,crossref_venue_year:2025,publisher_pdf_requires_session,0
Garnet: A 10.1 mJ/iter 3DGS Modeling Accelerator with Gradient Similarity-based Skipping and Unified Volume Rendering Core,Jongjun Park; Seryeong Kim; Seokchan Song; Wonhoon Park; Junha Ryu; Hoi-Jun Yoo,,2025 IEEE Asian Solid-State Circuits Conference (A-SSCC),2025,ASSCC,A,Digital IC & Architecture,,10.1109/a-sscc67472.2025.11349567,https://ieeexplore.ieee.org/stamp/stamp.jsp?arnumber=11349567,https://doi.org/10.1109/a-sscc67472.2025.11349567,11349567,91.2,crossref_venue_year:2025,publisher_pdf_requires_session,0
"Lemem: A 179.8TFLOPS/W, 24.21TFLOPS Learning-In-Memory Processor with Layer-Fused Forward/Backward Pipeline for Edge DNN/SNN Training/Inference",Fengshi Tian; Kunming Shao; Jiakun Zheng; Zilu Liu; Hui Wu; Zhipeng Liao; Jingyu He; Xihao Guan; Pingcheng Dong; Chaoming Fang; Ziyang Shen; Shiqi Zhao; Jie Yang; Mohamad Sawan; Chi-Ying Tsui; Kwang-Ting Tim Cheng,,2025 IEEE Asian Solid-State Circuits Conference (A-SSCC),2025,ASSCC,A,Memory & Compute-in-Memory,,10.1109/a-sscc67472.2025.11349463,https://ieeexplore.ieee.org/stamp/stamp.jsp?arnumber=11349463,https://doi.org/10.1109/a-sscc67472.2025.11349463,11349463,101.2,crossref_venue_year:2025,publisher_pdf_requires_session,0
LoRA-CIM: A Fully-Digital Hybrid Flash-SRAM CIM Accelerator with LoRA Fine-Tuned LLM in Edge Devices,Zhiwang Guo; Taoran Shen; Jinbei Fang; Jingwen Jiang; Deyang Chen; Hong Nie; Jianguo Yang; Xiaoyong Xue; Xiaoyang Zeng,,2025 IEEE Asian Solid-State Circuits Conference (A-SSCC),2025,ASSCC,A,Digital IC & Architecture,,10.1109/a-sscc67472.2025.11349592,https://ieeexplore.ieee.org/stamp/stamp.jsp?arnumber=11349592,https://doi.org/10.1109/a-sscc67472.2025.11349592,11349592,91.2,crossref_venue_year:2025,publisher_pdf_requires_session,0
Low-latency FPGA Design of Attribute-based Encryption Accelerator over BLS12-381 Curve,Anawin Opasatian; Momoko Fukuda; Makoto Ikeda,,2025 IEEE Asian Solid-State Circuits Conference (A-SSCC),2025,ASSCC,A,Digital IC & Architecture,,10.1109/a-sscc67472.2025.11349596,https://ieeexplore.ieee.org/stamp/stamp.jsp?arnumber=11349596,https://doi.org/10.1109/a-sscc67472.2025.11349596,11349596,91.2,crossref_venue_year:2025,publisher_pdf_requires_session,0
MIDAS: An Energy-Efficient Microscaling Digital Compute-In-Memory-Based Accelerator with Spatio-Temporal Cyclic Alignment for Generative AI Inference,Jiwon Choi; Seongyon Hong; Wooyoung Jo; Wonhoon Park; Sunjoo Whang; Sangjin Kim; Hoi-Jun Yoo,,2025 IEEE Asian Solid-State Circuits Conference (A-SSCC),2025,ASSCC,A,Memory & Compute-in-Memory,,10.1109/a-sscc67472.2025.11349585,https://ieeexplore.ieee.org/stamp/stamp.jsp?arnumber=11349585,https://doi.org/10.1109/a-sscc67472.2025.11349585,11349585,111.2,crossref_venue_year:2025,publisher_pdf_requires_session,0
MoDiff: A 11.0 TOPS/W Diffusion Accelerator with Temporal Data Reuse for Real-Time Text-to-Motion Generation,Jieon Yoon; Sungwoong Yune; Hangyeol Lee; Adiwena Putra; Jaehoon Heo; Joo-Young Kim,,2025 IEEE Asian Solid-State Circuits Conference (A-SSCC),2025,ASSCC,A,Digital IC & Architecture,,10.1109/a-sscc67472.2025.11349386,https://ieeexplore.ieee.org/stamp/stamp.jsp?arnumber=11349386,https://doi.org/10.1109/a-sscc67472.2025.11349386,11349386,91.2,crossref_venue_year:2025,publisher_pdf_requires_session,1
MobileSplat: A 105 FPS 3D Gaussian Splatting Rendering FPGA Processor with Mixed Precision Computation Path and Pre-culling Architecture,Cheng Nian; Xiaorui Mo; Jiaqi Zhang; Jiaying Peng; Fasih Ud Din Farrukh; Liang Lu; Fei Chen; Chun Zhang,,2025 IEEE Asian Solid-State Circuits Conference (A-SSCC),2025,ASSCC,A,Digital IC & Architecture,,10.1109/a-sscc67472.2025.11349500,https://ieeexplore.ieee.org/stamp/stamp.jsp?arnumber=11349500,https://doi.org/10.1109/a-sscc67472.2025.11349500,11349500,91.2,crossref_venue_year:2025,publisher_pdf_requires_session,1
"Multi-band LPWAN Transceiver with Two-step Wake-up Receiver and Switched Capacitor PA Based Transmitter Achieving -125 dBm sensitivity, 6.7 uW at 1 s wake-up latency, and 1 Mbps BFSK modulation",Thinh Tran-Dinh; Hafiz Usman Mahmood; Jinglong Xu; Keun-Mok Kim; Kyung-Sik Choi; Jaeheon Lee; Jinho Ko; Sang-Gug Lee; Jusung Kim,,2025 IEEE Asian Solid-State Circuits Conference (A-SSCC),2025,ASSCC,A,RF/mmWave & Wireline,,10.1109/a-sscc67472.2025.11349580,https://ieeexplore.ieee.org/stamp/stamp.jsp?arnumber=11349580,https://doi.org/10.1109/a-sscc67472.2025.11349580,11349580,111.2,crossref_venue_year:2025,publisher_pdf_requires_session,1
Multiparameter-Adaptive Hill-Climbing MPPT Based on Current Accumulation for Capacitor-Free Full Bridge Rectifier in Piezoelectric Energy Harvesting System,Xiudeng Wang; Chenyu Pan; Libo Qian; Yinshui Xia; Huakang Xia; Zhangming Zhu,,2025 IEEE Asian Solid-State Circuits Conference (A-SSCC),2025,ASSCC,A,Power Management,,10.1109/a-sscc67472.2025.11349523,https://ieeexplore.ieee.org/stamp/stamp.jsp?arnumber=11349523,https://doi.org/10.1109/a-sscc67472.2025.11349523,11349523,91.2,crossref_venue_year:2025,publisher_pdf_requires_session,0
Neural Miner: A 0.12mm 3 /channel 1.18μVrms Stretchable 16-Channel Wireless Neural Recording System-on-Probe,Tao Tang; Wei Ling; Shijia Ren; Zhengjie Xu; Yangzhi Li; Chang Wang; Feng Wang; Xinyao Tong; Xiu Zhang; Junchen Liu; Kedi Xu; Hu Tao,,2025 IEEE Asian Solid-State Circuits Conference (A-SSCC),2025,ASSCC,A,"Biomedical, Sensor & Imaging IC",,10.1109/a-sscc67472.2025.11349449,https://ieeexplore.ieee.org/stamp/stamp.jsp?arnumber=11349449,https://doi.org/10.1109/a-sscc67472.2025.11349449,11349449,91.2,crossref_venue_year:2025,publisher_pdf_requires_session,0
On-Chip Surround Power Delivery Using 25-Ratio SC DCDC Converter with 0.35-3.3V Output Range Achieving 92.3% Peak Efficiency,Xuchu Mu; Yang Jiang; Xin Ming; Bo Zhang; Rui P. Martins; Pui-In Mak,,2025 IEEE Asian Solid-State Circuits Conference (A-SSCC),2025,ASSCC,A,General IC,,10.1109/a-sscc67472.2025.11349501,https://ieeexplore.ieee.org/stamp/stamp.jsp?arnumber=11349501,https://doi.org/10.1109/a-sscc67472.2025.11349501,11349501,111.2,crossref_venue_year:2025,publisher_pdf_requires_session,0
Optimizing SRAM Architecture for Arm GPU: A Case Study in the Role of Circuit-Microarchitecture Co-Design in Post-Moore Era,Rahul Mathur; Andy Chen; Haidong Huang; Isidoros Sideris; Rajiv Sisodia; Ambavaram Reddy; Nikhil Gutti; Antonio Cubeta; Yk Chong,,2025 IEEE Asian Solid-State Circuits Conference (A-SSCC),2025,ASSCC,A,Digital IC & Architecture,,10.1109/a-sscc67472.2025.11349387,https://ieeexplore.ieee.org/stamp/stamp.jsp?arnumber=11349387,https://doi.org/10.1109/a-sscc67472.2025.11349387,11349387,91.2,crossref_venue_year:2025,publisher_pdf_requires_session,0
PDAcc: A 541 Tokens/s@Llama-1.2B Effective Throughput Prefill-Decode Disaggregated MCM-based Accelerator for Multi-task Large Language Model Applications,Huanyu Wang; Yang Wang; Jiaxin Yang; Shaojun Wei; Yang Hu; Shouyi Yin,,2025 IEEE Asian Solid-State Circuits Conference (A-SSCC),2025,ASSCC,A,Analog & Mixed-Signal,,10.1109/a-sscc67472.2025.11349430,https://ieeexplore.ieee.org/stamp/stamp.jsp?arnumber=11349430,https://doi.org/10.1109/a-sscc67472.2025.11349430,11349430,91.2,crossref_venue_year:2025,publisher_pdf_requires_session,0
Simultaneous Ultrasound Powering and Communication System with Adaptive Backscatter Modulation for Bio Implants,Conghao Gao; Weiran Chen; Zhenghao Li; Yiqing Lan; Zhengke Yang; Chenyuan Zhang; Xuye Wang; Yida Li; Yipeng Lu; Longyang Lin; Jiamin Li,,2025 IEEE Asian Solid-State Circuits Conference (A-SSCC),2025,ASSCC,A,"Biomedical, Sensor & Imaging IC",,10.1109/a-sscc67472.2025.11349554,https://ieeexplore.ieee.org/stamp/stamp.jsp?arnumber=11349554,https://doi.org/10.1109/a-sscc67472.2025.11349554,11349554,101.2,crossref_venue_year:2025,publisher_pdf_requires_session,1
Verifica: A 65nm In-Memory Symbolic Interval Computing Accelerator for a Formal Neural Network Verification,Edward Choi; Chaeyun Shim; Byeongseon Choi; Jiho Chun; Minkyu Je; Bongjin Kim,,2025 IEEE Asian Solid-State Circuits Conference (A-SSCC),2025,ASSCC,A,Memory & Compute-in-Memory,,10.1109/a-sscc67472.2025.11349404,https://ieeexplore.ieee.org/stamp/stamp.jsp?arnumber=11349404,https://doi.org/10.1109/a-sscc67472.2025.11349404,11349404,101.2,crossref_venue_year:2025,publisher_pdf_requires_session,0
Wideband linearity enhancement technique using Source Follower (SF) feedforward distortion cancellation with GaN technology,Jungyeon Jo; Deokyoung Kim; Sanghun Lee; Tae Wook Kim,,2025 IEEE Asian Solid-State Circuits Conference (A-SSCC),2025,ASSCC,A,General IC,,10.1109/a-sscc67472.2025.11349363,https://ieeexplore.ieee.org/stamp/stamp.jsp?arnumber=11349363,https://doi.org/10.1109/a-sscc67472.2025.11349363,11349363,91.2,crossref_venue_year:2025,publisher_pdf_requires_session,0
"Grow, Lead, Thrive: Things You Didn’t Learn in School: IIEEE A-SSCC 2025 Young Professionals and Women in Circuits Mentoring Event [Society News]",Xiyuan Tang; Kazuko Nishimura; Ping-Hsuan Hsieh; Zeynep Toprak Deniz,,IEEE Solid-State Circuits Magazine,2026,ASSCC,A,Digital IC & Architecture,,10.1109/mssc.2025.3637412,https://ieeexplore.ieee.org/stamp/stamp.jsp?arnumber=3637412,https://doi.org/10.1109/mssc.2025.3637412,3637412,91.5,venue_year_search:2026,publisher_pdf_requires_session,0
LEAP at A-SSCC 2025 Was a Success [Society News],Milin Zhang; Kazuko Nishimura; Ping-Hsuan Hsieh,,IEEE Solid-State Circuits Magazine,2026,ASSCC,A,Digital IC & Architecture,,10.1109/mssc.2025.3642039,https://ieeexplore.ieee.org/stamp/stamp.jsp?arnumber=3642039,https://doi.org/10.1109/mssc.2025.3642039,3642039,91.5,venue_year_search:2026,publisher_pdf_requires_session,0
A Theoretical Model for Characterizing the Internal Contact of the CICC Strands under Axial Strain,Shuai Dong; Ze Jing; Huadong Yong; Youhe Zhou,Lanzhou University; Xidian University,Acta Mechanica Solida Sinica,2016,CICC,S,General IC,"A theoretical model is proposed to calculate the internal contact distributions and contact forces of a 3×4×4×4 twisted Nb3Sn cable under applied axial strain. The critical current density reduction of the whole cable can be calculated. The thin rod theory is employed to analyze the mechanical behavior of each strand. According to the regular helical structure, the contact distribution of each strand is obtained, and the contact force in the cable is analyzed. At last, a prediction about the critical current density of the twisted cable is made. The results show that decreasing the pitch length can reduce the contact forces between strands.",10.1016/s0894-9166(16)30264-6,https://doi.org/10.1016/s0894-9166(16)30264-6,https://doi.org/10.1016/s0894-9166(16)30264-6,,86.5,venue_year_search:2016,open_pdf_available,13
AC Coupling Losses in CICCs: Analytical Modeling at Different Stages,Alexandre Louzguiti; L. Zani; D. Ciazynski; B. Turck; J.L. Duchateau; A. Torre; Frédéric Topin,Centre National de la Recherche Scientifique; Aix-Marseille Université; Commissariat à l'Énergie Atomique et aux Énergies Alternatives; CEA Cadarache; Château Gombert; Institut Universitaire des Systèmes Thermiques Industriels; Institut de Recherche sur la Fusion par confinement Magnétique,IEEE Transactions on Applied Superconductivity,2016,CICC,S,General IC,"Cable-in-conduit conductors (CICCs) are composed of a large number of strands (superconducting composites and copper strands) twisted together in several stages with different twist pitches. They are widely used in large fusion tokamaks such as JT-60SA or ITER. However, because of their complex transposed geometry at a strand scale, the knowledge of ac coupling losses in these conductors is limited and still has some improvement margins to capture its complexity while the prediction of their behavior under transient regimes (e.g., central solenoid) is of first importance to assess a safe operation in tokamaks. Consequently, we have carried out an in-depth theoretical generic study of a single stage of a CICC and analytically derived the expression of coupling losses using physical parameters (time constant and partial shielding coefficient) determined from electromagnetic and geometrical properties. Our approach has been inspired by the MPAS model (extensively used on the experimental ITER database) but starts from the analytical description of a single stage and aims at reaching the CICC scale in an iterative way.",10.1109/tasc.2016.2643283,https://ieeexplore.ieee.org/stamp/stamp.jsp?arnumber=2643283,https://doi.org/10.1109/tasc.2016.2643283,2643283,86.3,venue_year_search:2016,publisher_pdf_requires_session,8
Cable Behavior During Manufacture of a 900-m Scale CICC,Tomone Suwa; Yoshihiro Nabara; Yoshikazu Takahashi; M. Oshikiri; F. Tsutsumi; K. Shibutani; Y. Nunoya; Nobuo Sekiguchi; Hidemitsu Matsuda,Japan Atomic Energy Agency; Nippon Steel (Japan),IEEE Transactions on Applied Superconductivity,2016,CICC,S,RF/mmWave & Wireline,"The International Thermonuclear Experimental Reactor (ITER) magnet system is composed of four kinds of large superconducting magnets. Those magnets are manufactured by using cable-in-conduit conductors (CICCs). In the production process of the CICCs, the superconducting cable is inserted into a stainless steel jacket. In a previous study, the rotation of the cable was observed during the insertion. Moreover, the twist pitch of the cable was elongated by the rotation. The influence of the fifth stage twist pitch on the conductor performance is smaller than the lower stage twist pitch. However, longer twist pitches could restrict good current transfer in the joint region in the production of ITER coils. It was difficult to observe the behavior of the twist pitch elongation in the whole length of the cable, because the cable was covered by the jacket. In this study, the dummy cable was inserted into the jacket with windows to investigate the fifth stage twist pitch, rotation, and torsion of the cable in whole length. After insertion, it was found that the cable was untwisted and twisted at the point and tail of the cable, respectively. Moreover, the distribution of the twist pitch can be estimated from the rotation of the cable at the point and the entrance of the jacket during the insertion of the dummy cable. The fifth stage twist pitch distribution can be evaluated from both rotations in the production of the central solenoid conductors.",10.1109/tasc.2016.2543465,https://ieeexplore.ieee.org/stamp/stamp.jsp?arnumber=2543465,https://doi.org/10.1109/tasc.2016.2543465,2543465,96.1,venue_year_search:2016,publisher_pdf_requires_session,3
Comparisons of internal self-field magnetic flux densities between recent Nb 3 Sn fusion magnet CICC cable designs,Soun Pil Kwon,,Progress in Superconductivity and Cryogenics,2016,CICC,S,Analog & Mixed-Signal,"The Cable-In-Conduit-Conductor (CICC) for the ITER tokamak Central Solenoid (CS) has undergone design change since the first prototype conductor sample was tested in 2010. After tests showed that the performance of initial conductor samples degraded rapidly without stabilization, an alternate design with shorter sub-cable twist pitches was tested and discovered to satisfy performance requirements, namely that the minimum current sharing temperature ( $T_{cs}$ ) remained above a given limit under DC bias. With consistent successful performance of ITER CS conductor CICC samples using the alternate design, an attempt is made here to revisit the internal electromagnetic properties of the CICC cable design to identify any correlation with conductor performance. Results of this study suggest that there may be a simple link between the $Nb_3Sn$ CICC internal self-field and its $T_{cs}$ performance. The study also suggests that an optimization process should exist that can further improve the performance of $Nb_3Sn$ based CICC.",10.9714/psac.2016.18.3.010,https://doi.org/10.9714/psac.2016.18.3.010,https://doi.org/10.9714/psac.2016.18.3.010,,96.2,venue_year_search:2016,open_pdf_available,4
